2026-08-19 16:05:24,063 [Worker-5: Loading available Gradle versions] INFO  o.e.b.c.i.u.g.PublishedGradleVersions - Gradle version information cache is not available. Remote download required.
2026-08-19 16:10:39,613 [Worker-6: Import Getting Started Content] INFO  o.e.m.c.i.l.LifecycleMappingFactory - Using org.maven.ide.eclipse.wtp.WarLifecycleMapping lifecycle mapping for MavenProject: soa:signupmodule:0.0.1-SNAPSHOT @ C:\SOA\Skill3\signupmodule\pom.xml.
2026-08-19 16:10:50,596 [Worker-6: Import Getting Started Content] INFO  o.e.m.j.i.AbstractJavaProjectConfigurator - Adding source folder /signupmodule/src/main/java
2026-08-19 16:10:50,598 [Worker-6: Import Getting Started Content] INFO  o.e.m.j.i.AbstractJavaProjectConfigurator - Adding resource folder /signupmodule/src/main/resources
2026-08-19 16:10:50,609 [Worker-6: Import Getting Started Content] INFO  o.e.m.j.i.AbstractJavaProjectConfigurator - Adding resource folder /signupmodule/src/main/resources
2026-08-19 16:10:50,617 [Worker-6: Import Getting Started Content] INFO  o.e.m.j.i.AbstractJavaProjectConfigurator - Adding source folder /signupmodule/src/test/java
2026-08-19 16:10:50,618 [Worker-6: Import Getting Started Content] INFO  o.e.m.j.i.AbstractJavaProjectConfigurator - Adding resource folder /signupmodule/src/test/resources
2026-08-19 16:10:52,849 [Worker-6: Import Getting Started Content] WARN  o.apache.maven.project.MavenProject - Direct modification of compileSourceRoots through clear() is deprecated and will not work in Maven 4.0.0. Please use the add/remove methods instead. If you're using a plugin that causes this warning, please upgrade to the latest version and report an issue if the warning persists. To disable these warnings, set -Dmaven.project.sourceRoots.warningsDisabled=true on the command line, in the .mvn/maven.config file, or in project POM properties.
2026-08-19 16:10:52,850 [Worker-6: Import Getting Started Content] WARN  o.apache.maven.project.MavenProject - Direct modification of compileSourceRoots through add() is deprecated and will not work in Maven 4.0.0. Please use the add/remove methods instead. If you're using a plugin that causes this warning, please upgrade to the latest version and report an issue if the warning persists. To disable these warnings, set -Dmaven.project.sourceRoots.warningsDisabled=true on the command line, in the .mvn/maven.config file, or in project POM properties.
2026-08-19 16:10:52,851 [Worker-6: Import Getting Started Content] WARN  o.apache.maven.project.MavenProject - Direct modification of testCompileSourceRoots through clear() is deprecated and will not work in Maven 4.0.0. Please use the add/remove methods instead. If you're using a plugin that causes this warning, please upgrade to the latest version and report an issue if the warning persists. To disable these warnings, set -Dmaven.project.sourceRoots.warningsDisabled=true on the command line, in the .mvn/maven.config file, or in project POM properties.
2026-08-19 16:10:52,852 [Worker-6: Import Getting Started Content] WARN  o.apache.maven.project.MavenProject - Direct modification of testCompileSourceRoots through add() is deprecated and will not work in Maven 4.0.0. Please use the add/remove methods instead. If you're using a plugin that causes this warning, please upgrade to the latest version and report an issue if the warning persists. To disable these warnings, set -Dmaven.project.sourceRoots.warningsDisabled=true on the command line, in the .mvn/maven.config file, or in project POM properties.
2026-08-19 16:10:52,874 [Worker-6: Import Getting Started Content] INFO  o.e.m.c.i.p.ProjectConfigurationManager - Imported and configured 1 project(s) in 18 sec
2026-08-19 16:10:52,879 [Worker-6: Import Getting Started Content] INFO  o.e.m.c.i.p.ProjectConfigurationManager - Update started
2026-08-19 16:10:53,362 [Worker-6: Import Getting Started Content] INFO  o.e.m.c.i.l.LifecycleMappingFactory - Using org.maven.ide.eclipse.wtp.WarLifecycleMapping lifecycle mapping for MavenProject: soa:signupmodule:0.0.1-SNAPSHOT @ C:\SOA\Skill3\signupmodule\pom.xml.
2026-08-19 16:10:54,828 [Worker-6: Import Getting Started Content] INFO  o.e.m.j.i.AbstractJavaProjectConfigurator - Adding source folder /signupmodule/src/main/java
2026-08-19 16:10:54,829 [Worker-6: Import Getting Started Content] INFO  o.e.m.j.i.AbstractJavaProjectConfigurator - Adding resource folder /signupmodule/src/main/resources
2026-08-19 16:10:54,830 [Worker-6: Import Getting Started Content] INFO  o.e.m.j.i.AbstractJavaProjectConfigurator - Adding resource folder /signupmodule/src/main/resources
2026-08-19 16:10:54,830 [Worker-6: Import Getting Started Content] INFO  o.e.m.j.i.AbstractJavaProjectConfigurator - Adding source folder /signupmodule/src/test/java
2026-08-19 16:10:54,831 [Worker-6: Import Getting Started Content] INFO  o.e.m.j.i.AbstractJavaProjectConfigurator - Adding resource folder /signupmodule/src/test/resources
2026-08-19 16:10:55,780 [Worker-6: Import Getting Started Content] WARN  o.apache.maven.project.MavenProject - Direct modification of compileSourceRoots through clear() is deprecated and will not work in Maven 4.0.0. Please use the add/remove methods instead. If you're using a plugin that causes this warning, please upgrade to the latest version and report an issue if the warning persists. To disable these warnings, set -Dmaven.project.sourceRoots.warningsDisabled=true on the command line, in the .mvn/maven.config file, or in project POM properties.
2026-08-19 16:10:55,781 [Worker-6: Import Getting Started Content] WARN  o.apache.maven.project.MavenProject - Direct modification of compileSourceRoots through add() is deprecated and will not work in Maven 4.0.0. Please use the add/remove methods instead. If you're using a plugin that causes this warning, please upgrade to the latest version and report an issue if the warning persists. To disable these warnings, set -Dmaven.project.sourceRoots.warningsDisabled=true on the command line, in the .mvn/maven.config file, or in project POM properties.
2026-08-19 16:10:55,781 [Worker-6: Import Getting Started Content] WARN  o.apache.maven.project.MavenProject - Direct modification of testCompileSourceRoots through clear() is deprecated and will not work in Maven 4.0.0. Please use the add/remove methods instead. If you're using a plugin that causes this warning, please upgrade to the latest version and report an issue if the warning persists. To disable these warnings, set -Dmaven.project.sourceRoots.warningsDisabled=true on the command line, in the .mvn/maven.config file, or in project POM properties.
2026-08-19 16:10:55,782 [Worker-6: Import Getting Started Content] WARN  o.apache.maven.project.MavenProject - Direct modification of testCompileSourceRoots through add() is deprecated and will not work in Maven 4.0.0. Please use the add/remove methods instead. If you're using a plugin that causes this warning, please upgrade to the latest version and report an issue if the warning persists. To disable these warnings, set -Dmaven.project.sourceRoots.warningsDisabled=true on the command line, in the .mvn/maven.config file, or in project POM properties.
2026-08-19 16:10:55,941 [Worker-6: Import Getting Started Content] INFO  o.e.m.w.i.f.ResourceFilteringBuildParticipant - Cleaning filtered folder for signupmodule
2026-08-19 16:10:55,967 [Worker-6: Import Getting Started Content] INFO  o.e.m.c.i.p.ProjectConfigurationManager - Update completed for 1 poms: local refresh takes 0.00 sec, refresh facades takes 1.00 sec, update config takes 0.00 sec 
2026-08-19 16:10:56,009 [Worker-8: Updating Maven Project] INFO  o.e.m.c.i.p.ProjectConfigurationManager - Update started
2026-08-19 16:10:56,455 [Worker-8: Updating Maven Project] INFO  o.e.m.c.i.l.LifecycleMappingFactory - Using org.maven.ide.eclipse.wtp.WarLifecycleMapping lifecycle mapping for MavenProject: soa:signupmodule:0.0.1-SNAPSHOT @ C:\SOA\Skill3\signupmodule\pom.xml.
2026-08-19 16:10:57,585 [Worker-8: Updating Maven Project] INFO  o.e.m.j.i.AbstractJavaProjectConfigurator - Adding source folder /signupmodule/src/main/java
2026-08-19 16:10:57,585 [Worker-8: Updating Maven Project] INFO  o.e.m.j.i.AbstractJavaProjectConfigurator - Adding resource folder /signupmodule/src/main/resources
2026-08-19 16:10:57,587 [Worker-8: Updating Maven Project] INFO  o.e.m.j.i.AbstractJavaProjectConfigurator - Adding resource folder /signupmodule/src/main/resources
2026-08-19 16:10:57,588 [Worker-8: Updating Maven Project] INFO  o.e.m.j.i.AbstractJavaProjectConfigurator - Adding source folder /signupmodule/src/test/java
2026-08-19 16:10:57,588 [Worker-8: Updating Maven Project] INFO  o.e.m.j.i.AbstractJavaProjectConfigurator - Adding resource folder /signupmodule/src/test/resources
2026-08-19 16:10:58,537 [Worker-8: Updating Maven Project] WARN  o.apache.maven.project.MavenProject - Direct modification of compileSourceRoots through clear() is deprecated and will not work in Maven 4.0.0. Please use the add/remove methods instead. If you're using a plugin that causes this warning, please upgrade to the latest version and report an issue if the warning persists. To disable these warnings, set -Dmaven.project.sourceRoots.warningsDisabled=true on the command line, in the .mvn/maven.config file, or in project POM properties.
2026-08-19 16:10:58,538 [Worker-8: Updating Maven Project] WARN  o.apache.maven.project.MavenProject - Direct modification of compileSourceRoots through add() is deprecated and will not work in Maven 4.0.0. Please use the add/remove methods instead. If you're using a plugin that causes this warning, please upgrade to the latest version and report an issue if the warning persists. To disable these warnings, set -Dmaven.project.sourceRoots.warningsDisabled=true on the command line, in the .mvn/maven.config file, or in project POM properties.
2026-08-19 16:10:58,539 [Worker-8: Updating Maven Project] WARN  o.apache.maven.project.MavenProject - Direct modification of testCompileSourceRoots through clear() is deprecated and will not work in Maven 4.0.0. Please use the add/remove methods instead. If you're using a plugin that causes this warning, please upgrade to the latest version and report an issue if the warning persists. To disable these warnings, set -Dmaven.project.sourceRoots.warningsDisabled=true on the command line, in the .mvn/maven.config file, or in project POM properties.
2026-08-19 16:10:58,539 [Worker-8: Updating Maven Project] WARN  o.apache.maven.project.MavenProject - Direct modification of testCompileSourceRoots through add() is deprecated and will not work in Maven 4.0.0. Please use the add/remove methods instead. If you're using a plugin that causes this warning, please upgrade to the latest version and report an issue if the warning persists. To disable these warnings, set -Dmaven.project.sourceRoots.warningsDisabled=true on the command line, in the .mvn/maven.config file, or in project POM properties.
2026-08-19 16:10:58,566 [Worker-8: Updating Maven Project] INFO  o.e.m.w.i.f.ResourceFilteringBuildParticipant - Cleaning filtered folder for signupmodule
2026-08-19 16:10:58,594 [Worker-8: Updating Maven Project] INFO  o.e.m.c.i.p.ProjectConfigurationManager - Update completed for 1 poms: local refresh takes 0.00 sec, refresh facades takes 1.00 sec, update config takes 0.00 sec 
2026-08-19 16:10:59,155 [Worker-4: Building] INFO  o.a.m.s.f.DefaultMavenResourcesFiltering - Copying 1 resource from src\main\resources to target\classes
2026-08-19 16:10:59,166 [Worker-4: Building] INFO  o.a.m.s.f.DefaultMavenResourcesFiltering - Copying 0 resource from src\main\resources to target\classes
2026-08-19 16:10:59,170 [Worker-4: Building] INFO  o.a.m.s.f.DefaultMavenResourcesFiltering - skip non existing resourceDirectory C:\SOA\Skill3\signupmodule\src\test\resources
2026-08-19 16:10:59,171 [Worker-4: Building] INFO  o.e.m.w.i.f.ResourceFilteringBuildParticipant - Changed resources require a complete clean of filtered resources of signupmodule
2026-08-19 16:10:59,171 [Worker-4: Building] INFO  o.e.m.w.i.f.ResourceFilteringBuildParticipant - Executing resource filtering for signupmodule
2026-08-19 16:10:59,541 [Worker-4: Building] WARN  Sisu - Error injecting: org.apache.maven.plugins.war.WarMojo
com.google.inject.ProvisionException: Unable to provision, see the following errors:

1) [Guice/ErrorInCustomProvider]: OutOfScopeException: Cannot access session scope outside of a scoping block
  at SessionScopeModule.configure(SessionScopeModule.java:55)
      \_ installed by: WireModule -> SessionScopeModule
  at WarMojo.<init>(WarMojo.java:142)
      \_ for 6th parameter
  while locating WarMojo

Learn more:
  https://github.com/google/guice/wiki/ERROR_IN_CUSTOM_PROVIDER

1 error

======================
Full classname legend:
======================
OutOfScopeException: "com.google.inject.OutOfScopeException"
SessionScopeModule:  "org.apache.maven.session.scope.internal.SessionScopeModule"
WarMojo:             "org.apache.maven.plugins.war.WarMojo"
WireModule:          "org.eclipse.sisu.wire.WireModule"
========================
End of classname legend:
========================

	at com.google.inject.internal.InternalProvisionException.toProvisionException(InternalProvisionException.java:251)
	at com.google.inject.internal.InjectorImpl$1.get(InjectorImpl.java:1104)
	at com.google.inject.internal.InjectorImpl.getInstance(InjectorImpl.java:1139)
	at org.eclipse.sisu.space.AbstractDeferredClass.get(AbstractDeferredClass.java:50)
	at com.google.inject.internal.ProviderInternalFactory.provision(ProviderInternalFactory.java:86)
	at com.google.inject.internal.InternalFactoryToInitializableAdapter.provision(InternalFactoryToInitializableAdapter.java:57)
	at com.google.inject.internal.ProviderInternalFactory$1.call(ProviderInternalFactory.java:67)
	at com.google.inject.internal.ProvisionListenerStackCallback$Provision.provision(ProvisionListenerStackCallback.java:109)
	at com.google.inject.internal.ProvisionListenerStackCallback$Provision.provision(ProvisionListenerStackCallback.java:124)
	at com.google.inject.internal.ProvisionListenerStackCallback.provision(ProvisionListenerStackCallback.java:66)
	at com.google.inject.internal.ProviderInternalFactory.circularGet(ProviderInternalFactory.java:62)
	at com.google.inject.internal.InternalFactoryToInitializableAdapter.get(InternalFactoryToInitializableAdapter.java:47)
	at com.google.inject.internal.InjectorImpl$1.get(InjectorImpl.java:1101)
	at org.eclipse.sisu.inject.Guice4$2.get(Guice4.java:235)
	at org.eclipse.sisu.inject.LazyBeanEntry.getValue(LazyBeanEntry.java:83)
	at org.eclipse.sisu.plexus.LazyPlexusBean.getValue(LazyPlexusBean.java:53)
	at org.codehaus.plexus.DefaultPlexusContainer.lookup(DefaultPlexusContainer.java:267)
	at org.codehaus.plexus.DefaultPlexusContainer.lookup(DefaultPlexusContainer.java:259)
	at org.apache.maven.plugin.internal.DefaultMavenPluginManager.getConfiguredMojo(DefaultMavenPluginManager.java:491)
	at org.eclipse.m2e.core.internal.embedder.MavenImpl.getConfiguredMojo(MavenImpl.java:215)
	at org.eclipse.m2e.mavenarchiver.internal.AbstractMavenArchiverConfigurator.reflectManifestGeneration(AbstractMavenArchiverConfigurator.java:439)
	at org.eclipse.m2e.mavenarchiver.internal.AbstractMavenArchiverConfigurator.lambda$3(AbstractMavenArchiverConfigurator.java:398)
	at org.eclipse.m2e.core.internal.embedder.MavenExecutionContext.executeBare(MavenExecutionContext.java:462)
	at org.eclipse.m2e.core.internal.embedder.MavenExecutionContext.execute(MavenExecutionContext.java:342)
	at org.eclipse.m2e.core.internal.embedder.MavenExecutionContext.execute(MavenExecutionContext.java:281)
	at org.eclipse.m2e.mavenarchiver.internal.AbstractMavenArchiverConfigurator.generateManifest(AbstractMavenArchiverConfigurator.java:371)
	at org.eclipse.m2e.mavenarchiver.internal.AbstractMavenArchiverConfigurator.mavenProjectChanged(AbstractMavenArchiverConfigurator.java:228)
	at org.eclipse.m2e.mavenarchiver.internal.AbstractMavenArchiverConfigurator$1.build(AbstractMavenArchiverConfigurator.java:178)
	at org.eclipse.m2e.core.internal.builder.MavenBuilderImpl.lambda$2(MavenBuilderImpl.java:159)
	at java.base/java.util.LinkedHashMap.forEach(LinkedHashMap.java:987)
	at org.eclipse.m2e.core.internal.builder.MavenBuilderImpl.build(MavenBuilderImpl.java:139)
	at org.eclipse.m2e.core.internal.builder.MavenBuilder$1.method(MavenBuilder.java:164)
	at org.eclipse.m2e.core.internal.builder.MavenBuilder$1.method(MavenBuilder.java:1)
	at org.eclipse.m2e.core.internal.builder.MavenBuilder$BuildMethod.lambda$1(MavenBuilder.java:109)
	at org.eclipse.m2e.core.internal.embedder.MavenExecutionContext.executeBare(MavenExecutionContext.java:462)
	at org.eclipse.m2e.core.internal.embedder.MavenExecutionContext.execute(MavenExecutionContext.java:295)
	at org.eclipse.m2e.core.internal.builder.MavenBuilder$BuildMethod.lambda$0(MavenBuilder.java:100)
	at org.eclipse.m2e.core.internal.embedder.MavenExecutionContext.executeBare(MavenExecutionContext.java:462)
	at org.eclipse.m2e.core.internal.embedder.MavenExecutionContext.execute(MavenExecutionContext.java:342)
	at org.eclipse.m2e.core.internal.embedder.MavenExecutionContext.execute(MavenExecutionContext.java:281)
	at org.eclipse.m2e.core.internal.builder.MavenBuilder$BuildMethod.execute(MavenBuilder.java:83)
	at org.eclipse.m2e.core.internal.builder.MavenBuilder.build(MavenBuilder.java:192)
	at org.eclipse.core.internal.events.BuildManager$2.run(BuildManager.java:1109)
	at org.eclipse.core.runtime.SafeRunner.run(SafeRunner.java:47)
	at org.eclipse.core.internal.events.BuildManager.basicBuild(BuildManager.java:299)
	at org.eclipse.core.internal.events.BuildManager.basicBuild(BuildManager.java:355)
	at org.eclipse.core.internal.events.BuildManager$1.run(BuildManager.java:449)
	at org.eclipse.core.runtime.SafeRunner.run(SafeRunner.java:47)
	at org.eclipse.core.internal.events.BuildManager.basicBuild(BuildManager.java:452)
	at org.eclipse.core.internal.events.BuildManager.basicBuildLoop(BuildManager.java:564)
	at org.eclipse.core.internal.events.BuildManager.basicBuildLoop(BuildManager.java:512)
	at org.eclipse.core.internal.events.BuildManager.build(BuildManager.java:594)
	at org.eclipse.core.internal.events.AutoBuildJob.doBuild(AutoBuildJob.java:208)
	at org.eclipse.core.internal.events.AutoBuildJob.run(AutoBuildJob.java:309)
	at org.eclipse.core.internal.jobs.Worker.run(Worker.java:63)
Caused by: com.google.inject.OutOfScopeException: Cannot access session scope outside of a scoping block
	at org.apache.maven.session.scope.internal.SessionScope.getScopeState(SessionScope.java:70)
	at org.apache.maven.session.scope.internal.SessionScope.lambda$scope$2(SessionScope.java:92)
	at com.google.inject.internal.InternalFactoryToProviderAdapter.get(InternalFactoryToProviderAdapter.java:45)
	at com.google.inject.internal.SingleParameterInjector.inject(SingleParameterInjector.java:40)
	at com.google.inject.internal.SingleParameterInjector.getAll(SingleParameterInjector.java:60)
	at com.google.inject.internal.ConstructorInjector.provision(ConstructorInjector.java:113)
	at com.google.inject.internal.ConstructorInjector.access$000(ConstructorInjector.java:33)
	at com.google.inject.internal.ConstructorInjector$1.call(ConstructorInjector.java:98)
	at com.google.inject.internal.ProvisionListenerStackCallback$Provision.provision(ProvisionListenerStackCallback.java:109)
	at com.google.inject.internal.ProvisionListenerStackCallback$Provision.provision(ProvisionListenerStackCallback.java:124)
	at com.google.inject.internal.ProvisionListenerStackCallback.provision(ProvisionListenerStackCallback.java:66)
	at com.google.inject.internal.ConstructorInjector.construct(ConstructorInjector.java:93)
	at com.google.inject.internal.ConstructorBindingImpl$Factory.get(ConstructorBindingImpl.java:300)
	at com.google.inject.internal.InjectorImpl$1.get(InjectorImpl.java:1101)
	... 53 common frames omitted
2026-08-19 16:10:59,595 [Worker-4: Building] WARN  o.apache.maven.project.MavenProject - Direct modification of compileSourceRoots through clear() is deprecated and will not work in Maven 4.0.0. Please use the add/remove methods instead. If you're using a plugin that causes this warning, please upgrade to the latest version and report an issue if the warning persists. To disable these warnings, set -Dmaven.project.sourceRoots.warningsDisabled=true on the command line, in the .mvn/maven.config file, or in project POM properties.
2026-08-19 16:10:59,596 [Worker-4: Building] WARN  o.apache.maven.project.MavenProject - Direct modification of compileSourceRoots through add() is deprecated and will not work in Maven 4.0.0. Please use the add/remove methods instead. If you're using a plugin that causes this warning, please upgrade to the latest version and report an issue if the warning persists. To disable these warnings, set -Dmaven.project.sourceRoots.warningsDisabled=true on the command line, in the .mvn/maven.config file, or in project POM properties.
2026-08-19 16:10:59,597 [Worker-4: Building] WARN  o.apache.maven.project.MavenProject - Direct modification of testCompileSourceRoots through clear() is deprecated and will not work in Maven 4.0.0. Please use the add/remove methods instead. If you're using a plugin that causes this warning, please upgrade to the latest version and report an issue if the warning persists. To disable these warnings, set -Dmaven.project.sourceRoots.warningsDisabled=true on the command line, in the .mvn/maven.config file, or in project POM properties.
2026-08-19 16:10:59,598 [Worker-4: Building] WARN  o.apache.maven.project.MavenProject - Direct modification of testCompileSourceRoots through add() is deprecated and will not work in Maven 4.0.0. Please use the add/remove methods instead. If you're using a plugin that causes this warning, please upgrade to the latest version and report an issue if the warning persists. To disable these warnings, set -Dmaven.project.sourceRoots.warningsDisabled=true on the command line, in the .mvn/maven.config file, or in project POM properties.
2026-08-19 16:12:30,860 [Worker-4: Import Getting Started Content] INFO  o.e.m.c.i.l.LifecycleMappingFactory - Using org.maven.ide.eclipse.wtp.WarLifecycleMapping lifecycle mapping for MavenProject: soa:signupmodule:0.0.1-SNAPSHOT @ C:\SOA\Skill3\signupmodule\pom.xml.
2026-08-19 16:12:31,985 [Worker-4: Import Getting Started Content] INFO  o.e.m.j.i.AbstractJavaProjectConfigurator - Adding source folder /signupmodule/src/main/java
2026-08-19 16:12:31,986 [Worker-4: Import Getting Started Content] INFO  o.e.m.j.i.AbstractJavaProjectConfigurator - Adding resource folder /signupmodule/src/main/resources
2026-08-19 16:12:31,990 [Worker-4: Import Getting Started Content] INFO  o.e.m.j.i.AbstractJavaProjectConfigurator - Adding resource folder /signupmodule/src/main/resources
2026-08-19 16:12:31,993 [Worker-4: Import Getting Started Content] INFO  o.e.m.j.i.AbstractJavaProjectConfigurator - Adding source folder /signupmodule/src/test/java
2026-08-19 16:12:31,994 [Worker-4: Import Getting Started Content] INFO  o.e.m.j.i.AbstractJavaProjectConfigurator - Adding resource folder /signupmodule/src/test/resources
2026-08-19 16:12:32,926 [Worker-4: Import Getting Started Content] WARN  o.apache.maven.project.MavenProject - Direct modification of compileSourceRoots through clear() is deprecated and will not work in Maven 4.0.0. Please use the add/remove methods instead. If you're using a plugin that causes this warning, please upgrade to the latest version and report an issue if the warning persists. To disable these warnings, set -Dmaven.project.sourceRoots.warningsDisabled=true on the command line, in the .mvn/maven.config file, or in project POM properties.
2026-08-19 16:12:32,927 [Worker-4: Import Getting Started Content] WARN  o.apache.maven.project.MavenProject - Direct modification of compileSourceRoots through add() is deprecated and will not work in Maven 4.0.0. Please use the add/remove methods instead. If you're using a plugin that causes this warning, please upgrade to the latest version and report an issue if the warning persists. To disable these warnings, set -Dmaven.project.sourceRoots.warningsDisabled=true on the command line, in the .mvn/maven.config file, or in project POM properties.
2026-08-19 16:12:32,927 [Worker-4: Import Getting Started Content] WARN  o.apache.maven.project.MavenProject - Direct modification of testCompileSourceRoots through clear() is deprecated and will not work in Maven 4.0.0. Please use the add/remove methods instead. If you're using a plugin that causes this warning, please upgrade to the latest version and report an issue if the warning persists. To disable these warnings, set -Dmaven.project.sourceRoots.warningsDisabled=true on the command line, in the .mvn/maven.config file, or in project POM properties.
2026-08-19 16:12:32,928 [Worker-4: Import Getting Started Content] WARN  o.apache.maven.project.MavenProject - Direct modification of testCompileSourceRoots through add() is deprecated and will not work in Maven 4.0.0. Please use the add/remove methods instead. If you're using a plugin that causes this warning, please upgrade to the latest version and report an issue if the warning persists. To disable these warnings, set -Dmaven.project.sourceRoots.warningsDisabled=true on the command line, in the .mvn/maven.config file, or in project POM properties.
2026-08-19 16:12:32,964 [Worker-4: Import Getting Started Content] INFO  o.e.m.c.i.p.ProjectConfigurationManager - Imported and configured 1 project(s) in 2 sec
2026-08-19 16:12:32,965 [Worker-4: Import Getting Started Content] INFO  o.e.m.c.i.p.ProjectConfigurationManager - Update started
2026-08-19 16:12:33,274 [Worker-4: Import Getting Started Content] INFO  o.e.m.c.i.l.LifecycleMappingFactory - Using org.maven.ide.eclipse.wtp.WarLifecycleMapping lifecycle mapping for MavenProject: soa:signupmodule:0.0.1-SNAPSHOT @ C:\SOA\Skill3\signupmodule\pom.xml.
2026-08-19 16:12:34,294 [Worker-4: Import Getting Started Content] INFO  o.e.m.j.i.AbstractJavaProjectConfigurator - Adding source folder /signupmodule/src/main/java
2026-08-19 16:12:34,294 [Worker-4: Import Getting Started Content] INFO  o.e.m.j.i.AbstractJavaProjectConfigurator - Adding resource folder /signupmodule/src/main/resources
2026-08-19 16:12:34,295 [Worker-4: Import Getting Started Content] INFO  o.e.m.j.i.AbstractJavaProjectConfigurator - Adding resource folder /signupmodule/src/main/resources
2026-08-19 16:12:34,295 [Worker-4: Import Getting Started Content] INFO  o.e.m.j.i.AbstractJavaProjectConfigurator - Adding source folder /signupmodule/src/test/java
2026-08-19 16:12:34,296 [Worker-4: Import Getting Started Content] INFO  o.e.m.j.i.AbstractJavaProjectConfigurator - Adding resource folder /signupmodule/src/test/resources
2026-08-19 16:12:34,937 [Worker-4: Import Getting Started Content] WARN  o.apache.maven.project.MavenProject - Direct modification of compileSourceRoots through clear() is deprecated and will not work in Maven 4.0.0. Please use the add/remove methods instead. If you're using a plugin that causes this warning, please upgrade to the latest version and report an issue if the warning persists. To disable these warnings, set -Dmaven.project.sourceRoots.warningsDisabled=true on the command line, in the .mvn/maven.config file, or in project POM properties.
2026-08-19 16:12:34,939 [Worker-4: Import Getting Started Content] WARN  o.apache.maven.project.MavenProject - Direct modification of compileSourceRoots through add() is deprecated and will not work in Maven 4.0.0. Please use the add/remove methods instead. If you're using a plugin that causes this warning, please upgrade to the latest version and report an issue if the warning persists. To disable these warnings, set -Dmaven.project.sourceRoots.warningsDisabled=true on the command line, in the .mvn/maven.config file, or in project POM properties.
2026-08-19 16:12:34,939 [Worker-4: Import Getting Started Content] WARN  o.apache.maven.project.MavenProject - Direct modification of testCompileSourceRoots through clear() is deprecated and will not work in Maven 4.0.0. Please use the add/remove methods instead. If you're using a plugin that causes this warning, please upgrade to the latest version and report an issue if the warning persists. To disable these warnings, set -Dmaven.project.sourceRoots.warningsDisabled=true on the command line, in the .mvn/maven.config file, or in project POM properties.
2026-08-19 16:12:34,939 [Worker-4: Import Getting Started Content] WARN  o.apache.maven.project.MavenProject - Direct modification of testCompileSourceRoots through add() is deprecated and will not work in Maven 4.0.0. Please use the add/remove methods instead. If you're using a plugin that causes this warning, please upgrade to the latest version and report an issue if the warning persists. To disable these warnings, set -Dmaven.project.sourceRoots.warningsDisabled=true on the command line, in the .mvn/maven.config file, or in project POM properties.
2026-08-19 16:12:34,971 [Worker-4: Import Getting Started Content] INFO  o.e.m.w.i.f.ResourceFilteringBuildParticipant - Cleaning filtered folder for signupmodule
2026-08-19 16:12:34,992 [Worker-4: Import Getting Started Content] INFO  o.e.m.c.i.p.ProjectConfigurationManager - Update completed for 1 poms: local refresh takes 0.00 sec, refresh facades takes 1.00 sec, update config takes 0.00 sec 
2026-08-19 16:12:35,368 [Worker-7: Building] INFO  o.a.m.s.f.DefaultMavenResourcesFiltering - Copying 1 resource from src\main\resources to target\classes
2026-08-19 16:12:35,376 [Worker-7: Building] INFO  o.a.m.s.f.DefaultMavenResourcesFiltering - Copying 0 resource from src\main\resources to target\classes
2026-08-19 16:12:35,380 [Worker-7: Building] INFO  o.a.m.s.f.DefaultMavenResourcesFiltering - skip non existing resourceDirectory C:\SOA\Skill3\signupmodule\src\test\resources
2026-08-19 16:12:35,380 [Worker-7: Building] INFO  o.e.m.w.i.f.ResourceFilteringBuildParticipant - Changed resources require a complete clean of filtered resources of signupmodule
2026-08-19 16:12:35,380 [Worker-7: Building] INFO  o.e.m.w.i.f.ResourceFilteringBuildParticipant - Executing resource filtering for signupmodule
2026-08-19 16:12:35,675 [Worker-7: Building] WARN  Sisu - Error injecting: org.apache.maven.plugins.war.WarMojo
com.google.inject.ProvisionException: Unable to provision, see the following errors:

1) [Guice/ErrorInCustomProvider]: OutOfScopeException: Cannot access session scope outside of a scoping block
  at SessionScopeModule.configure(SessionScopeModule.java:55)
      \_ installed by: WireModule -> SessionScopeModule
  at WarMojo.<init>(WarMojo.java:142)
      \_ for 6th parameter
  while locating WarMojo

Learn more:
  https://github.com/google/guice/wiki/ERROR_IN_CUSTOM_PROVIDER

1 error

======================
Full classname legend:
======================
OutOfScopeException: "com.google.inject.OutOfScopeException"
SessionScopeModule:  "org.apache.maven.session.scope.internal.SessionScopeModule"
WarMojo:             "org.apache.maven.plugins.war.WarMojo"
WireModule:          "org.eclipse.sisu.wire.WireModule"
========================
End of classname legend:
========================

	at com.google.inject.internal.InternalProvisionException.toProvisionException(InternalProvisionException.java:251)
	at com.google.inject.internal.InjectorImpl$1.get(InjectorImpl.java:1104)
	at com.google.inject.internal.InjectorImpl.getInstance(InjectorImpl.java:1139)
	at org.eclipse.sisu.space.AbstractDeferredClass.get(AbstractDeferredClass.java:50)
	at com.google.inject.internal.ProviderInternalFactory.provision(ProviderInternalFactory.java:86)
	at com.google.inject.internal.InternalFactoryToInitializableAdapter.provision(InternalFactoryToInitializableAdapter.java:57)
	at com.google.inject.internal.ProviderInternalFactory$1.call(ProviderInternalFactory.java:67)
	at com.google.inject.internal.ProvisionListenerStackCallback$Provision.provision(ProvisionListenerStackCallback.java:109)
	at com.google.inject.internal.ProvisionListenerStackCallback$Provision.provision(ProvisionListenerStackCallback.java:124)
	at com.google.inject.internal.ProvisionListenerStackCallback.provision(ProvisionListenerStackCallback.java:66)
	at com.google.inject.internal.ProviderInternalFactory.circularGet(ProviderInternalFactory.java:62)
	at com.google.inject.internal.InternalFactoryToInitializableAdapter.get(InternalFactoryToInitializableAdapter.java:47)
	at com.google.inject.internal.InjectorImpl$1.get(InjectorImpl.java:1101)
	at org.eclipse.sisu.inject.Guice4$2.get(Guice4.java:235)
	at org.eclipse.sisu.inject.LazyBeanEntry.getValue(LazyBeanEntry.java:83)
	at org.eclipse.sisu.plexus.LazyPlexusBean.getValue(LazyPlexusBean.java:53)
	at org.codehaus.plexus.DefaultPlexusContainer.lookup(DefaultPlexusContainer.java:267)
	at org.codehaus.plexus.DefaultPlexusContainer.lookup(DefaultPlexusContainer.java:259)
	at org.apache.maven.plugin.internal.DefaultMavenPluginManager.getConfiguredMojo(DefaultMavenPluginManager.java:491)
	at org.eclipse.m2e.core.internal.embedder.MavenImpl.getConfiguredMojo(MavenImpl.java:215)
	at org.eclipse.m2e.mavenarchiver.internal.AbstractMavenArchiverConfigurator.reflectManifestGeneration(AbstractMavenArchiverConfigurator.java:439)
	at org.eclipse.m2e.mavenarchiver.internal.AbstractMavenArchiverConfigurator.lambda$3(AbstractMavenArchiverConfigurator.java:398)
	at org.eclipse.m2e.core.internal.embedder.MavenExecutionContext.executeBare(MavenExecutionContext.java:462)
	at org.eclipse.m2e.core.internal.embedder.MavenExecutionContext.execute(MavenExecutionContext.java:342)
	at org.eclipse.m2e.core.internal.embedder.MavenExecutionContext.execute(MavenExecutionContext.java:281)
	at org.eclipse.m2e.mavenarchiver.internal.AbstractMavenArchiverConfigurator.generateManifest(AbstractMavenArchiverConfigurator.java:371)
	at org.eclipse.m2e.mavenarchiver.internal.AbstractMavenArchiverConfigurator.mavenProjectChanged(AbstractMavenArchiverConfigurator.java:228)
	at org.eclipse.m2e.mavenarchiver.internal.AbstractMavenArchiverConfigurator$1.build(AbstractMavenArchiverConfigurator.java:178)
	at org.eclipse.m2e.core.internal.builder.MavenBuilderImpl.lambda$2(MavenBuilderImpl.java:159)
	at java.base/java.util.LinkedHashMap.forEach(LinkedHashMap.java:987)
	at org.eclipse.m2e.core.internal.builder.MavenBuilderImpl.build(MavenBuilderImpl.java:139)
	at org.eclipse.m2e.core.internal.builder.MavenBuilder$1.method(MavenBuilder.java:164)
	at org.eclipse.m2e.core.internal.builder.MavenBuilder$1.method(MavenBuilder.java:1)
	at org.eclipse.m2e.core.internal.builder.MavenBuilder$BuildMethod.lambda$1(MavenBuilder.java:109)
	at org.eclipse.m2e.core.internal.embedder.MavenExecutionContext.executeBare(MavenExecutionContext.java:462)
	at org.eclipse.m2e.core.internal.embedder.MavenExecutionContext.execute(MavenExecutionContext.java:295)
	at org.eclipse.m2e.core.internal.builder.MavenBuilder$BuildMethod.lambda$0(MavenBuilder.java:100)
	at org.eclipse.m2e.core.internal.embedder.MavenExecutionContext.executeBare(MavenExecutionContext.java:462)
	at org.eclipse.m2e.core.internal.embedder.MavenExecutionContext.execute(MavenExecutionContext.java:342)
	at org.eclipse.m2e.core.internal.embedder.MavenExecutionContext.execute(MavenExecutionContext.java:281)
	at org.eclipse.m2e.core.internal.builder.MavenBuilder$BuildMethod.execute(MavenBuilder.java:83)
	at org.eclipse.m2e.core.internal.builder.MavenBuilder.build(MavenBuilder.java:192)
	at org.eclipse.core.internal.events.BuildManager$2.run(BuildManager.java:1109)
	at org.eclipse.core.runtime.SafeRunner.run(SafeRunner.java:47)
	at org.eclipse.core.internal.events.BuildManager.basicBuild(BuildManager.java:299)
	at org.eclipse.core.internal.events.BuildManager.basicBuild(BuildManager.java:355)
	at org.eclipse.core.internal.events.BuildManager$1.run(BuildManager.java:449)
	at org.eclipse.core.runtime.SafeRunner.run(SafeRunner.java:47)
	at org.eclipse.core.internal.events.BuildManager.basicBuild(BuildManager.java:452)
	at org.eclipse.core.internal.events.BuildManager.basicBuildLoop(BuildManager.java:564)
	at org.eclipse.core.internal.events.BuildManager.basicBuildLoop(BuildManager.java:512)
	at org.eclipse.core.internal.events.BuildManager.build(BuildManager.java:594)
	at org.eclipse.core.internal.events.AutoBuildJob.doBuild(AutoBuildJob.java:208)
	at org.eclipse.core.internal.events.AutoBuildJob.run(AutoBuildJob.java:309)
	at org.eclipse.core.internal.jobs.Worker.run(Worker.java:63)
Caused by: com.google.inject.OutOfScopeException: Cannot access session scope outside of a scoping block
	at org.apache.maven.session.scope.internal.SessionScope.getScopeState(SessionScope.java:70)
	at org.apache.maven.session.scope.internal.SessionScope.lambda$scope$2(SessionScope.java:92)
	at com.google.inject.internal.InternalFactoryToProviderAdapter.get(InternalFactoryToProviderAdapter.java:45)
	at com.google.inject.internal.SingleParameterInjector.inject(SingleParameterInjector.java:40)
	at com.google.inject.internal.SingleParameterInjector.getAll(SingleParameterInjector.java:60)
	at com.google.inject.internal.ConstructorInjector.provision(ConstructorInjector.java:113)
	at com.google.inject.internal.ConstructorInjector.access$000(ConstructorInjector.java:33)
	at com.google.inject.internal.ConstructorInjector$1.call(ConstructorInjector.java:98)
	at com.google.inject.internal.ProvisionListenerStackCallback$Provision.provision(ProvisionListenerStackCallback.java:109)
	at com.google.inject.internal.ProvisionListenerStackCallback$Provision.provision(ProvisionListenerStackCallback.java:124)
	at com.google.inject.internal.ProvisionListenerStackCallback.provision(ProvisionListenerStackCallback.java:66)
	at com.google.inject.internal.ConstructorInjector.construct(ConstructorInjector.java:93)
	at com.google.inject.internal.ConstructorBindingImpl$Factory.get(ConstructorBindingImpl.java:300)
	at com.google.inject.internal.InjectorImpl$1.get(InjectorImpl.java:1101)
	... 53 common frames omitted
2026-08-19 16:12:35,685 [Worker-7: Building] WARN  o.apache.maven.project.MavenProject - Direct modification of compileSourceRoots through clear() is deprecated and will not work in Maven 4.0.0. Please use the add/remove methods instead. If you're using a plugin that causes this warning, please upgrade to the latest version and report an issue if the warning persists. To disable these warnings, set -Dmaven.project.sourceRoots.warningsDisabled=true on the command line, in the .mvn/maven.config file, or in project POM properties.
2026-08-19 16:12:35,686 [Worker-7: Building] WARN  o.apache.maven.project.MavenProject - Direct modification of compileSourceRoots through add() is deprecated and will not work in Maven 4.0.0. Please use the add/remove methods instead. If you're using a plugin that causes this warning, please upgrade to the latest version and report an issue if the warning persists. To disable these warnings, set -Dmaven.project.sourceRoots.warningsDisabled=true on the command line, in the .mvn/maven.config file, or in project POM properties.
2026-08-19 16:12:35,687 [Worker-7: Building] WARN  o.apache.maven.project.MavenProject - Direct modification of testCompileSourceRoots through clear() is deprecated and will not work in Maven 4.0.0. Please use the add/remove methods instead. If you're using a plugin that causes this warning, please upgrade to the latest version and report an issue if the warning persists. To disable these warnings, set -Dmaven.project.sourceRoots.warningsDisabled=true on the command line, in the .mvn/maven.config file, or in project POM properties.
2026-08-19 16:12:35,688 [Worker-7: Building] WARN  o.apache.maven.project.MavenProject - Direct modification of testCompileSourceRoots through add() is deprecated and will not work in Maven 4.0.0. Please use the add/remove methods instead. If you're using a plugin that causes this warning, please upgrade to the latest version and report an issue if the warning persists. To disable these warnings, set -Dmaven.project.sourceRoots.warningsDisabled=true on the command line, in the .mvn/maven.config file, or in project POM properties.
2026-08-19 16:13:16,140 [Worker-5: Building] INFO  o.a.m.s.f.DefaultMavenResourcesFiltering - Copying 0 resource from src\main\resources to target\classes
2026-08-19 16:13:16,142 [Worker-5: Building] INFO  o.a.m.s.f.DefaultMavenResourcesFiltering - Copying 0 resource from src\main\resources to target\classes
2026-08-19 16:13:16,145 [Worker-5: Building] INFO  o.a.m.s.f.DefaultMavenResourcesFiltering - skip non existing resourceDirectory C:\SOA\Skill3\signupmodule\src\test\resources
2026-08-19 16:13:16,157 [Worker-5: Building] WARN  Sisu - Error injecting: org.apache.maven.plugins.war.WarMojo
com.google.inject.ProvisionException: Unable to provision, see the following errors:

1) [Guice/ErrorInCustomProvider]: OutOfScopeException: Cannot access session scope outside of a scoping block
  at SessionScopeModule.configure(SessionScopeModule.java:55)
      \_ installed by: WireModule -> SessionScopeModule
  at WarMojo.<init>(WarMojo.java:142)
      \_ for 6th parameter
  while locating WarMojo

Learn more:
  https://github.com/google/guice/wiki/ERROR_IN_CUSTOM_PROVIDER

1 error

======================
Full classname legend:
======================
OutOfScopeException: "com.google.inject.OutOfScopeException"
SessionScopeModule:  "org.apache.maven.session.scope.internal.SessionScopeModule"
WarMojo:             "org.apache.maven.plugins.war.WarMojo"
WireModule:          "org.eclipse.sisu.wire.WireModule"
========================
End of classname legend:
========================

	at com.google.inject.internal.InternalProvisionException.toProvisionException(InternalProvisionException.java:251)
	at com.google.inject.internal.InjectorImpl$1.get(InjectorImpl.java:1104)
	at com.google.inject.internal.InjectorImpl.getInstance(InjectorImpl.java:1139)
	at org.eclipse.sisu.space.AbstractDeferredClass.get(AbstractDeferredClass.java:50)
	at com.google.inject.internal.ProviderInternalFactory.provision(ProviderInternalFactory.java:86)
	at com.google.inject.internal.InternalFactoryToInitializableAdapter.provision(InternalFactoryToInitializableAdapter.java:57)
	at com.google.inject.internal.ProviderInternalFactory$1.call(ProviderInternalFactory.java:67)
	at com.google.inject.internal.ProvisionListenerStackCallback$Provision.provision(ProvisionListenerStackCallback.java:109)
	at com.google.inject.internal.ProvisionListenerStackCallback$Provision.provision(ProvisionListenerStackCallback.java:124)
	at com.google.inject.internal.ProvisionListenerStackCallback.provision(ProvisionListenerStackCallback.java:66)
	at com.google.inject.internal.ProviderInternalFactory.circularGet(ProviderInternalFactory.java:62)
	at com.google.inject.internal.InternalFactoryToInitializableAdapter.get(InternalFactoryToInitializableAdapter.java:47)
	at com.google.inject.internal.InjectorImpl$1.get(InjectorImpl.java:1101)
	at org.eclipse.sisu.inject.Guice4$2.get(Guice4.java:235)
	at org.eclipse.sisu.inject.LazyBeanEntry.getValue(LazyBeanEntry.java:83)
	at org.eclipse.sisu.plexus.LazyPlexusBean.getValue(LazyPlexusBean.java:53)
	at org.codehaus.plexus.DefaultPlexusContainer.lookup(DefaultPlexusContainer.java:267)
	at org.codehaus.plexus.DefaultPlexusContainer.lookup(DefaultPlexusContainer.java:259)
	at org.apache.maven.plugin.internal.DefaultMavenPluginManager.getConfiguredMojo(DefaultMavenPluginManager.java:491)
	at org.eclipse.m2e.core.internal.embedder.MavenImpl.getConfiguredMojo(MavenImpl.java:215)
	at org.eclipse.m2e.mavenarchiver.internal.AbstractMavenArchiverConfigurator.reflectManifestGeneration(AbstractMavenArchiverConfigurator.java:439)
	at org.eclipse.m2e.mavenarchiver.internal.AbstractMavenArchiverConfigurator.lambda$3(AbstractMavenArchiverConfigurator.java:398)
	at org.eclipse.m2e.core.internal.embedder.MavenExecutionContext.executeBare(MavenExecutionContext.java:462)
	at org.eclipse.m2e.core.internal.embedder.MavenExecutionContext.execute(MavenExecutionContext.java:342)
	at org.eclipse.m2e.core.internal.embedder.MavenExecutionContext.execute(MavenExecutionContext.java:281)
	at org.eclipse.m2e.mavenarchiver.internal.AbstractMavenArchiverConfigurator.generateManifest(AbstractMavenArchiverConfigurator.java:371)
	at org.eclipse.m2e.mavenarchiver.internal.AbstractMavenArchiverConfigurator.mavenProjectChanged(AbstractMavenArchiverConfigurator.java:228)
	at org.eclipse.m2e.mavenarchiver.internal.AbstractMavenArchiverConfigurator$1.build(AbstractMavenArchiverConfigurator.java:178)
	at org.eclipse.m2e.core.internal.builder.MavenBuilderImpl.lambda$2(MavenBuilderImpl.java:159)
	at java.base/java.util.LinkedHashMap.forEach(LinkedHashMap.java:987)
	at org.eclipse.m2e.core.internal.builder.MavenBuilderImpl.build(MavenBuilderImpl.java:139)
	at org.eclipse.m2e.core.internal.builder.MavenBuilder$1.method(MavenBuilder.java:164)
	at org.eclipse.m2e.core.internal.builder.MavenBuilder$1.method(MavenBuilder.java:1)
	at org.eclipse.m2e.core.internal.builder.MavenBuilder$BuildMethod.lambda$1(MavenBuilder.java:109)
	at org.eclipse.m2e.core.internal.embedder.MavenExecutionContext.executeBare(MavenExecutionContext.java:462)
	at org.eclipse.m2e.core.internal.embedder.MavenExecutionContext.execute(MavenExecutionContext.java:295)
	at org.eclipse.m2e.core.internal.builder.MavenBuilder$BuildMethod.lambda$0(MavenBuilder.java:100)
	at org.eclipse.m2e.core.internal.embedder.MavenExecutionContext.executeBare(MavenExecutionContext.java:462)
	at org.eclipse.m2e.core.internal.embedder.MavenExecutionContext.execute(MavenExecutionContext.java:342)
	at org.eclipse.m2e.core.internal.embedder.MavenExecutionContext.execute(MavenExecutionContext.java:281)
	at org.eclipse.m2e.core.internal.builder.MavenBuilder$BuildMethod.execute(MavenBuilder.java:83)
	at org.eclipse.m2e.core.internal.builder.MavenBuilder.build(MavenBuilder.java:192)
	at org.eclipse.core.internal.events.BuildManager$2.run(BuildManager.java:1109)
	at org.eclipse.core.runtime.SafeRunner.run(SafeRunner.java:47)
	at org.eclipse.core.internal.events.BuildManager.basicBuild(BuildManager.java:299)
	at org.eclipse.core.internal.events.BuildManager.basicBuild(BuildManager.java:355)
	at org.eclipse.core.internal.events.BuildManager$1.run(BuildManager.java:449)
	at org.eclipse.core.runtime.SafeRunner.run(SafeRunner.java:47)
	at org.eclipse.core.internal.events.BuildManager.basicBuild(BuildManager.java:452)
	at org.eclipse.core.internal.events.BuildManager.basicBuildLoop(BuildManager.java:564)
	at org.eclipse.core.internal.events.BuildManager.basicBuildLoop(BuildManager.java:512)
	at org.eclipse.core.internal.events.BuildManager.build(BuildManager.java:594)
	at org.eclipse.core.internal.events.AutoBuildJob.doBuild(AutoBuildJob.java:208)
	at org.eclipse.core.internal.events.AutoBuildJob.run(AutoBuildJob.java:309)
	at org.eclipse.core.internal.jobs.Worker.run(Worker.java:63)
Caused by: com.google.inject.OutOfScopeException: Cannot access session scope outside of a scoping block
	at org.apache.maven.session.scope.internal.SessionScope.getScopeState(SessionScope.java:70)
	at org.apache.maven.session.scope.internal.SessionScope.lambda$scope$2(SessionScope.java:92)
	at com.google.inject.internal.InternalFactoryToProviderAdapter.get(InternalFactoryToProviderAdapter.java:45)
	at com.google.inject.internal.SingleParameterInjector.inject(SingleParameterInjector.java:40)
	at com.google.inject.internal.SingleParameterInjector.getAll(SingleParameterInjector.java:60)
	at com.google.inject.internal.ConstructorInjector.provision(ConstructorInjector.java:113)
	at com.google.inject.internal.ConstructorInjector.access$000(ConstructorInjector.java:33)
	at com.google.inject.internal.ConstructorInjector$1.call(ConstructorInjector.java:98)
	at com.google.inject.internal.ProvisionListenerStackCallback$Provision.provision(ProvisionListenerStackCallback.java:109)
	at com.google.inject.internal.ProvisionListenerStackCallback$Provision.provision(ProvisionListenerStackCallback.java:124)
	at com.google.inject.internal.ProvisionListenerStackCallback.provision(ProvisionListenerStackCallback.java:66)
	at com.google.inject.internal.ConstructorInjector.construct(ConstructorInjector.java:93)
	at com.google.inject.internal.ConstructorBindingImpl$Factory.get(ConstructorBindingImpl.java:300)
	at com.google.inject.internal.InjectorImpl$1.get(InjectorImpl.java:1101)
	... 53 common frames omitted
2026-08-19 16:13:16,162 [Worker-5: Building] WARN  o.apache.maven.project.MavenProject - Direct modification of compileSourceRoots through clear() is deprecated and will not work in Maven 4.0.0. Please use the add/remove methods instead. If you're using a plugin that causes this warning, please upgrade to the latest version and report an issue if the warning persists. To disable these warnings, set -Dmaven.project.sourceRoots.warningsDisabled=true on the command line, in the .mvn/maven.config file, or in project POM properties.
2026-08-19 16:13:16,163 [Worker-5: Building] WARN  o.apache.maven.project.MavenProject - Direct modification of compileSourceRoots through add() is deprecated and will not work in Maven 4.0.0. Please use the add/remove methods instead. If you're using a plugin that causes this warning, please upgrade to the latest version and report an issue if the warning persists. To disable these warnings, set -Dmaven.project.sourceRoots.warningsDisabled=true on the command line, in the .mvn/maven.config file, or in project POM properties.
2026-08-19 16:13:16,164 [Worker-5: Building] WARN  o.apache.maven.project.MavenProject - Direct modification of testCompileSourceRoots through clear() is deprecated and will not work in Maven 4.0.0. Please use the add/remove methods instead. If you're using a plugin that causes this warning, please upgrade to the latest version and report an issue if the warning persists. To disable these warnings, set -Dmaven.project.sourceRoots.warningsDisabled=true on the command line, in the .mvn/maven.config file, or in project POM properties.
2026-08-19 16:13:16,164 [Worker-5: Building] WARN  o.apache.maven.project.MavenProject - Direct modification of testCompileSourceRoots through add() is deprecated and will not work in Maven 4.0.0. Please use the add/remove methods instead. If you're using a plugin that causes this warning, please upgrade to the latest version and report an issue if the warning persists. To disable these warnings, set -Dmaven.project.sourceRoots.warningsDisabled=true on the command line, in the .mvn/maven.config file, or in project POM properties.
2026-08-19 16:18:29,360 [Worker-6: Building] INFO  o.a.m.s.f.DefaultMavenResourcesFiltering - Copying 0 resource from src\main\resources to target\classes
2026-08-19 16:18:29,361 [Worker-6: Building] INFO  o.a.m.s.f.DefaultMavenResourcesFiltering - Copying 0 resource from src\main\resources to target\classes
2026-08-19 16:18:29,364 [Worker-6: Building] INFO  o.a.m.s.f.DefaultMavenResourcesFiltering - skip non existing resourceDirectory C:\SOA\Skill3\signupmodule\src\test\resources
2026-08-19 16:18:29,372 [Worker-6: Building] WARN  Sisu - Error injecting: org.apache.maven.plugins.war.WarMojo
com.google.inject.ProvisionException: Unable to provision, see the following errors:

1) [Guice/ErrorInCustomProvider]: OutOfScopeException: Cannot access session scope outside of a scoping block
  at SessionScopeModule.configure(SessionScopeModule.java:55)
      \_ installed by: WireModule -> SessionScopeModule
  at WarMojo.<init>(WarMojo.java:142)
      \_ for 6th parameter
  while locating WarMojo

Learn more:
  https://github.com/google/guice/wiki/ERROR_IN_CUSTOM_PROVIDER

1 error

======================
Full classname legend:
======================
OutOfScopeException: "com.google.inject.OutOfScopeException"
SessionScopeModule:  "org.apache.maven.session.scope.internal.SessionScopeModule"
WarMojo:             "org.apache.maven.plugins.war.WarMojo"
WireModule:          "org.eclipse.sisu.wire.WireModule"
========================
End of classname legend:
========================

	at com.google.inject.internal.InternalProvisionException.toProvisionException(InternalProvisionException.java:251)
	at com.google.inject.internal.InjectorImpl$1.get(InjectorImpl.java:1104)
	at com.google.inject.internal.InjectorImpl.getInstance(InjectorImpl.java:1139)
	at org.eclipse.sisu.space.AbstractDeferredClass.get(AbstractDeferredClass.java:50)
	at com.google.inject.internal.ProviderInternalFactory.provision(ProviderInternalFactory.java:86)
	at com.google.inject.internal.InternalFactoryToInitializableAdapter.provision(InternalFactoryToInitializableAdapter.java:57)
	at com.google.inject.internal.ProviderInternalFactory$1.call(ProviderInternalFactory.java:67)
	at com.google.inject.internal.ProvisionListenerStackCallback$Provision.provision(ProvisionListenerStackCallback.java:109)
	at com.google.inject.internal.ProvisionListenerStackCallback$Provision.provision(ProvisionListenerStackCallback.java:124)
	at com.google.inject.internal.ProvisionListenerStackCallback.provision(ProvisionListenerStackCallback.java:66)
	at com.google.inject.internal.ProviderInternalFactory.circularGet(ProviderInternalFactory.java:62)
	at com.google.inject.internal.InternalFactoryToInitializableAdapter.get(InternalFactoryToInitializableAdapter.java:47)
	at com.google.inject.internal.InjectorImpl$1.get(InjectorImpl.java:1101)
	at org.eclipse.sisu.inject.Guice4$2.get(Guice4.java:235)
	at org.eclipse.sisu.inject.LazyBeanEntry.getValue(LazyBeanEntry.java:83)
	at org.eclipse.sisu.plexus.LazyPlexusBean.getValue(LazyPlexusBean.java:53)
	at org.codehaus.plexus.DefaultPlexusContainer.lookup(DefaultPlexusContainer.java:267)
	at org.codehaus.plexus.DefaultPlexusContainer.lookup(DefaultPlexusContainer.java:259)
	at org.apache.maven.plugin.internal.DefaultMavenPluginManager.getConfiguredMojo(DefaultMavenPluginManager.java:491)
	at org.eclipse.m2e.core.internal.embedder.MavenImpl.getConfiguredMojo(MavenImpl.java:215)
	at org.eclipse.m2e.mavenarchiver.internal.AbstractMavenArchiverConfigurator.reflectManifestGeneration(AbstractMavenArchiverConfigurator.java:439)
	at org.eclipse.m2e.mavenarchiver.internal.AbstractMavenArchiverConfigurator.lambda$3(AbstractMavenArchiverConfigurator.java:398)
	at org.eclipse.m2e.core.internal.embedder.MavenExecutionContext.executeBare(MavenExecutionContext.java:462)
	at org.eclipse.m2e.core.internal.embedder.MavenExecutionContext.execute(MavenExecutionContext.java:342)
	at org.eclipse.m2e.core.internal.embedder.MavenExecutionContext.execute(MavenExecutionContext.java:281)
	at org.eclipse.m2e.mavenarchiver.internal.AbstractMavenArchiverConfigurator.generateManifest(AbstractMavenArchiverConfigurator.java:371)
	at org.eclipse.m2e.mavenarchiver.internal.AbstractMavenArchiverConfigurator.mavenProjectChanged(AbstractMavenArchiverConfigurator.java:228)
	at org.eclipse.m2e.mavenarchiver.internal.AbstractMavenArchiverConfigurator$1.build(AbstractMavenArchiverConfigurator.java:178)
	at org.eclipse.m2e.core.internal.builder.MavenBuilderImpl.lambda$2(MavenBuilderImpl.java:159)
	at java.base/java.util.LinkedHashMap.forEach(LinkedHashMap.java:987)
	at org.eclipse.m2e.core.internal.builder.MavenBuilderImpl.build(MavenBuilderImpl.java:139)
	at org.eclipse.m2e.core.internal.builder.MavenBuilder$1.method(MavenBuilder.java:164)
	at org.eclipse.m2e.core.internal.builder.MavenBuilder$1.method(MavenBuilder.java:1)
	at org.eclipse.m2e.core.internal.builder.MavenBuilder$BuildMethod.lambda$1(MavenBuilder.java:109)
	at org.eclipse.m2e.core.internal.embedder.MavenExecutionContext.executeBare(MavenExecutionContext.java:462)
	at org.eclipse.m2e.core.internal.embedder.MavenExecutionContext.execute(MavenExecutionContext.java:295)
	at org.eclipse.m2e.core.internal.builder.MavenBuilder$BuildMethod.lambda$0(MavenBuilder.java:100)
	at org.eclipse.m2e.core.internal.embedder.MavenExecutionContext.executeBare(MavenExecutionContext.java:462)
	at org.eclipse.m2e.core.internal.embedder.MavenExecutionContext.execute(MavenExecutionContext.java:342)
	at org.eclipse.m2e.core.internal.embedder.MavenExecutionContext.execute(MavenExecutionContext.java:281)
	at org.eclipse.m2e.core.internal.builder.MavenBuilder$BuildMethod.execute(MavenBuilder.java:83)
	at org.eclipse.m2e.core.internal.builder.MavenBuilder.build(MavenBuilder.java:192)
	at org.eclipse.core.internal.events.BuildManager$2.run(BuildManager.java:1109)
	at org.eclipse.core.runtime.SafeRunner.run(SafeRunner.java:47)
	at org.eclipse.core.internal.events.BuildManager.basicBuild(BuildManager.java:299)
	at org.eclipse.core.internal.events.BuildManager.basicBuild(BuildManager.java:355)
	at org.eclipse.core.internal.events.BuildManager$1.run(BuildManager.java:449)
	at org.eclipse.core.runtime.SafeRunner.run(SafeRunner.java:47)
	at org.eclipse.core.internal.events.BuildManager.basicBuild(BuildManager.java:452)
	at org.eclipse.core.internal.events.BuildManager.basicBuildLoop(BuildManager.java:564)
	at org.eclipse.core.internal.events.BuildManager.basicBuildLoop(BuildManager.java:512)
	at org.eclipse.core.internal.events.BuildManager.build(BuildManager.java:594)
	at org.eclipse.core.internal.events.AutoBuildJob.doBuild(AutoBuildJob.java:208)
	at org.eclipse.core.internal.events.AutoBuildJob.run(AutoBuildJob.java:309)
	at org.eclipse.core.internal.jobs.Worker.run(Worker.java:63)
Caused by: com.google.inject.OutOfScopeException: Cannot access session scope outside of a scoping block
	at org.apache.maven.session.scope.internal.SessionScope.getScopeState(SessionScope.java:70)
	at org.apache.maven.session.scope.internal.SessionScope.lambda$scope$2(SessionScope.java:92)
	at com.google.inject.internal.InternalFactoryToProviderAdapter.get(InternalFactoryToProviderAdapter.java:45)
	at com.google.inject.internal.SingleParameterInjector.inject(SingleParameterInjector.java:40)
	at com.google.inject.internal.SingleParameterInjector.getAll(SingleParameterInjector.java:60)
	at com.google.inject.internal.ConstructorInjector.provision(ConstructorInjector.java:113)
	at com.google.inject.internal.ConstructorInjector.access$000(ConstructorInjector.java:33)
	at com.google.inject.internal.ConstructorInjector$1.call(ConstructorInjector.java:98)
	at com.google.inject.internal.ProvisionListenerStackCallback$Provision.provision(ProvisionListenerStackCallback.java:109)
	at com.google.inject.internal.ProvisionListenerStackCallback$Provision.provision(ProvisionListenerStackCallback.java:124)
	at com.google.inject.internal.ProvisionListenerStackCallback.provision(ProvisionListenerStackCallback.java:66)
	at com.google.inject.internal.ConstructorInjector.construct(ConstructorInjector.java:93)
	at com.google.inject.internal.ConstructorBindingImpl$Factory.get(ConstructorBindingImpl.java:300)
	at com.google.inject.internal.InjectorImpl$1.get(InjectorImpl.java:1101)
	... 53 common frames omitted
2026-08-19 16:18:29,376 [Worker-6: Building] WARN  o.apache.maven.project.MavenProject - Direct modification of compileSourceRoots through clear() is deprecated and will not work in Maven 4.0.0. Please use the add/remove methods instead. If you're using a plugin that causes this warning, please upgrade to the latest version and report an issue if the warning persists. To disable these warnings, set -Dmaven.project.sourceRoots.warningsDisabled=true on the command line, in the .mvn/maven.config file, or in project POM properties.
2026-08-19 16:18:29,377 [Worker-6: Building] WARN  o.apache.maven.project.MavenProject - Direct modification of compileSourceRoots through add() is deprecated and will not work in Maven 4.0.0. Please use the add/remove methods instead. If you're using a plugin that causes this warning, please upgrade to the latest version and report an issue if the warning persists. To disable these warnings, set -Dmaven.project.sourceRoots.warningsDisabled=true on the command line, in the .mvn/maven.config file, or in project POM properties.
2026-08-19 16:18:29,377 [Worker-6: Building] WARN  o.apache.maven.project.MavenProject - Direct modification of testCompileSourceRoots through clear() is deprecated and will not work in Maven 4.0.0. Please use the add/remove methods instead. If you're using a plugin that causes this warning, please upgrade to the latest version and report an issue if the warning persists. To disable these warnings, set -Dmaven.project.sourceRoots.warningsDisabled=true on the command line, in the .mvn/maven.config file, or in project POM properties.
2026-08-19 16:18:29,378 [Worker-6: Building] WARN  o.apache.maven.project.MavenProject - Direct modification of testCompileSourceRoots through add() is deprecated and will not work in Maven 4.0.0. Please use the add/remove methods instead. If you're using a plugin that causes this warning, please upgrade to the latest version and report an issue if the warning persists. To disable these warnings, set -Dmaven.project.sourceRoots.warningsDisabled=true on the command line, in the .mvn/maven.config file, or in project POM properties.
2026-08-19 16:20:47,795 [Worker-12: Building] INFO  o.a.m.s.f.DefaultMavenResourcesFiltering - Copying 0 resource from src\main\resources to target\classes
2026-08-19 16:20:47,796 [Worker-12: Building] INFO  o.a.m.s.f.DefaultMavenResourcesFiltering - Copying 0 resource from src\main\resources to target\classes
2026-08-19 16:20:47,798 [Worker-12: Building] INFO  o.a.m.s.f.DefaultMavenResourcesFiltering - skip non existing resourceDirectory C:\SOA\Skill3\signupmodule\src\test\resources
2026-08-19 16:20:47,804 [Worker-12: Building] WARN  Sisu - Error injecting: org.apache.maven.plugins.war.WarMojo
com.google.inject.ProvisionException: Unable to provision, see the following errors:

1) [Guice/ErrorInCustomProvider]: OutOfScopeException: Cannot access session scope outside of a scoping block
  at SessionScopeModule.configure(SessionScopeModule.java:55)
      \_ installed by: WireModule -> SessionScopeModule
  at WarMojo.<init>(WarMojo.java:142)
      \_ for 6th parameter
  while locating WarMojo

Learn more:
  https://github.com/google/guice/wiki/ERROR_IN_CUSTOM_PROVIDER

1 error

======================
Full classname legend:
======================
OutOfScopeException: "com.google.inject.OutOfScopeException"
SessionScopeModule:  "org.apache.maven.session.scope.internal.SessionScopeModule"
WarMojo:             "org.apache.maven.plugins.war.WarMojo"
WireModule:          "org.eclipse.sisu.wire.WireModule"
========================
End of classname legend:
========================

	at com.google.inject.internal.InternalProvisionException.toProvisionException(InternalProvisionException.java:251)
	at com.google.inject.internal.InjectorImpl$1.get(InjectorImpl.java:1104)
	at com.google.inject.internal.InjectorImpl.getInstance(InjectorImpl.java:1139)
	at org.eclipse.sisu.space.AbstractDeferredClass.get(AbstractDeferredClass.java:50)
	at com.google.inject.internal.ProviderInternalFactory.provision(ProviderInternalFactory.java:86)
	at com.google.inject.internal.InternalFactoryToInitializableAdapter.provision(InternalFactoryToInitializableAdapter.java:57)
	at com.google.inject.internal.ProviderInternalFactory$1.call(ProviderInternalFactory.java:67)
	at com.google.inject.internal.ProvisionListenerStackCallback$Provision.provision(ProvisionListenerStackCallback.java:109)
	at com.google.inject.internal.ProvisionListenerStackCallback$Provision.provision(ProvisionListenerStackCallback.java:124)
	at com.google.inject.internal.ProvisionListenerStackCallback.provision(ProvisionListenerStackCallback.java:66)
	at com.google.inject.internal.ProviderInternalFactory.circularGet(ProviderInternalFactory.java:62)
	at com.google.inject.internal.InternalFactoryToInitializableAdapter.get(InternalFactoryToInitializableAdapter.java:47)
	at com.google.inject.internal.InjectorImpl$1.get(InjectorImpl.java:1101)
	at org.eclipse.sisu.inject.Guice4$2.get(Guice4.java:235)
	at org.eclipse.sisu.inject.LazyBeanEntry.getValue(LazyBeanEntry.java:83)
	at org.eclipse.sisu.plexus.LazyPlexusBean.getValue(LazyPlexusBean.java:53)
	at org.codehaus.plexus.DefaultPlexusContainer.lookup(DefaultPlexusContainer.java:267)
	at org.codehaus.plexus.DefaultPlexusContainer.lookup(DefaultPlexusContainer.java:259)
	at org.apache.maven.plugin.internal.DefaultMavenPluginManager.getConfiguredMojo(DefaultMavenPluginManager.java:491)
	at org.eclipse.m2e.core.internal.embedder.MavenImpl.getConfiguredMojo(MavenImpl.java:215)
	at org.eclipse.m2e.mavenarchiver.internal.AbstractMavenArchiverConfigurator.reflectManifestGeneration(AbstractMavenArchiverConfigurator.java:439)
	at org.eclipse.m2e.mavenarchiver.internal.AbstractMavenArchiverConfigurator.lambda$3(AbstractMavenArchiverConfigurator.java:398)
	at org.eclipse.m2e.core.internal.embedder.MavenExecutionContext.executeBare(MavenExecutionContext.java:462)
	at org.eclipse.m2e.core.internal.embedder.MavenExecutionContext.execute(MavenExecutionContext.java:342)
	at org.eclipse.m2e.core.internal.embedder.MavenExecutionContext.execute(MavenExecutionContext.java:281)
	at org.eclipse.m2e.mavenarchiver.internal.AbstractMavenArchiverConfigurator.generateManifest(AbstractMavenArchiverConfigurator.java:371)
	at org.eclipse.m2e.mavenarchiver.internal.AbstractMavenArchiverConfigurator.mavenProjectChanged(AbstractMavenArchiverConfigurator.java:228)
	at org.eclipse.m2e.mavenarchiver.internal.AbstractMavenArchiverConfigurator$1.build(AbstractMavenArchiverConfigurator.java:178)
	at org.eclipse.m2e.core.internal.builder.MavenBuilderImpl.lambda$2(MavenBuilderImpl.java:159)
	at java.base/java.util.LinkedHashMap.forEach(LinkedHashMap.java:987)
	at org.eclipse.m2e.core.internal.builder.MavenBuilderImpl.build(MavenBuilderImpl.java:139)
	at org.eclipse.m2e.core.internal.builder.MavenBuilder$1.method(MavenBuilder.java:164)
	at org.eclipse.m2e.core.internal.builder.MavenBuilder$1.method(MavenBuilder.java:1)
	at org.eclipse.m2e.core.internal.builder.MavenBuilder$BuildMethod.lambda$1(MavenBuilder.java:109)
	at org.eclipse.m2e.core.internal.embedder.MavenExecutionContext.executeBare(MavenExecutionContext.java:462)
	at org.eclipse.m2e.core.internal.embedder.MavenExecutionContext.execute(MavenExecutionContext.java:295)
	at org.eclipse.m2e.core.internal.builder.MavenBuilder$BuildMethod.lambda$0(MavenBuilder.java:100)
	at org.eclipse.m2e.core.internal.embedder.MavenExecutionContext.executeBare(MavenExecutionContext.java:462)
	at org.eclipse.m2e.core.internal.embedder.MavenExecutionContext.execute(MavenExecutionContext.java:342)
	at org.eclipse.m2e.core.internal.embedder.MavenExecutionContext.execute(MavenExecutionContext.java:281)
	at org.eclipse.m2e.core.internal.builder.MavenBuilder$BuildMethod.execute(MavenBuilder.java:83)
	at org.eclipse.m2e.core.internal.builder.MavenBuilder.build(MavenBuilder.java:192)
	at org.eclipse.core.internal.events.BuildManager$2.run(BuildManager.java:1109)
	at org.eclipse.core.runtime.SafeRunner.run(SafeRunner.java:47)
	at org.eclipse.core.internal.events.BuildManager.basicBuild(BuildManager.java:299)
	at org.eclipse.core.internal.events.BuildManager.basicBuild(BuildManager.java:355)
	at org.eclipse.core.internal.events.BuildManager$1.run(BuildManager.java:449)
	at org.eclipse.core.runtime.SafeRunner.run(SafeRunner.java:47)
	at org.eclipse.core.internal.events.BuildManager.basicBuild(BuildManager.java:452)
	at org.eclipse.core.internal.events.BuildManager.basicBuildLoop(BuildManager.java:564)
	at org.eclipse.core.internal.events.BuildManager.basicBuildLoop(BuildManager.java:512)
	at org.eclipse.core.internal.events.BuildManager.build(BuildManager.java:594)
	at org.eclipse.core.internal.events.AutoBuildJob.doBuild(AutoBuildJob.java:208)
	at org.eclipse.core.internal.events.AutoBuildJob.run(AutoBuildJob.java:309)
	at org.eclipse.core.internal.jobs.Worker.run(Worker.java:63)
Caused by: com.google.inject.OutOfScopeException: Cannot access session scope outside of a scoping block
	at org.apache.maven.session.scope.internal.SessionScope.getScopeState(SessionScope.java:70)
	at org.apache.maven.session.scope.internal.SessionScope.lambda$scope$2(SessionScope.java:92)
	at com.google.inject.internal.InternalFactoryToProviderAdapter.get(InternalFactoryToProviderAdapter.java:45)
	at com.google.inject.internal.SingleParameterInjector.inject(SingleParameterInjector.java:40)
	at com.google.inject.internal.SingleParameterInjector.getAll(SingleParameterInjector.java:60)
	at com.google.inject.internal.ConstructorInjector.provision(ConstructorInjector.java:113)
	at com.google.inject.internal.ConstructorInjector.access$000(ConstructorInjector.java:33)
	at com.google.inject.internal.ConstructorInjector$1.call(ConstructorInjector.java:98)
	at com.google.inject.internal.ProvisionListenerStackCallback$Provision.provision(ProvisionListenerStackCallback.java:109)
	at com.google.inject.internal.ProvisionListenerStackCallback$Provision.provision(ProvisionListenerStackCallback.java:124)
	at com.google.inject.internal.ProvisionListenerStackCallback.provision(ProvisionListenerStackCallback.java:66)
	at com.google.inject.internal.ConstructorInjector.construct(ConstructorInjector.java:93)
	at com.google.inject.internal.ConstructorBindingImpl$Factory.get(ConstructorBindingImpl.java:300)
	at com.google.inject.internal.InjectorImpl$1.get(InjectorImpl.java:1101)
	... 53 common frames omitted
2026-08-19 16:20:47,808 [Worker-12: Building] WARN  o.apache.maven.project.MavenProject - Direct modification of compileSourceRoots through clear() is deprecated and will not work in Maven 4.0.0. Please use the add/remove methods instead. If you're using a plugin that causes this warning, please upgrade to the latest version and report an issue if the warning persists. To disable these warnings, set -Dmaven.project.sourceRoots.warningsDisabled=true on the command line, in the .mvn/maven.config file, or in project POM properties.
2026-08-19 16:20:47,808 [Worker-12: Building] WARN  o.apache.maven.project.MavenProject - Direct modification of compileSourceRoots through add() is deprecated and will not work in Maven 4.0.0. Please use the add/remove methods instead. If you're using a plugin that causes this warning, please upgrade to the latest version and report an issue if the warning persists. To disable these warnings, set -Dmaven.project.sourceRoots.warningsDisabled=true on the command line, in the .mvn/maven.config file, or in project POM properties.
2026-08-19 16:20:47,809 [Worker-12: Building] WARN  o.apache.maven.project.MavenProject - Direct modification of testCompileSourceRoots through clear() is deprecated and will not work in Maven 4.0.0. Please use the add/remove methods instead. If you're using a plugin that causes this warning, please upgrade to the latest version and report an issue if the warning persists. To disable these warnings, set -Dmaven.project.sourceRoots.warningsDisabled=true on the command line, in the .mvn/maven.config file, or in project POM properties.
2026-08-19 16:20:47,809 [Worker-12: Building] WARN  o.apache.maven.project.MavenProject - Direct modification of testCompileSourceRoots through add() is deprecated and will not work in Maven 4.0.0. Please use the add/remove methods instead. If you're using a plugin that causes this warning, please upgrade to the latest version and report an issue if the warning persists. To disable these warnings, set -Dmaven.project.sourceRoots.warningsDisabled=true on the command line, in the .mvn/maven.config file, or in project POM properties.
2026-08-19 16:21:02,397 [Start Help Server] INFO  org.eclipse.jetty.server.Server - jetty-12.1.4; built: 2025-11-10T17:42:37.481Z; git: 4137e00793d583cfc4ce76bf607e482178a85597; jvm 25.0.1+8-LTS
2026-08-19 16:21:02,456 [Start Help Server] INFO  o.e.j.server.handler.ContextHandler - Started oeje8n.ContextHandler$CoreContextHandler@20658acf{/help,/help,b=null,a=AVAILABLE,h=oeje8n.ContextHandler$CoreContextHandler$CoreToNestedHandler@7a4c75bc{STARTED}}
2026-08-19 16:21:02,456 [Start Help Server] INFO  o.e.j.s.DefaultSessionIdManager - Session workerName=node0
2026-08-19 16:21:02,473 [Start Help Server] INFO  o.e.jetty.server.AbstractConnector - Started oejs.ServerConnector@4d61fa76{HTTP/1.1, (http/1.1)}{127.0.0.1:50084}
2026-08-19 16:21:02,474 [Start Help Server] INFO  org.eclipse.jetty.server.Server - Started oejs.Server@5251135c{STARTING}[12.1.4,sto=0] @78ms
2026-08-19 16:27:00,645 [Worker-11: Building] INFO  o.a.m.s.f.DefaultMavenResourcesFiltering - Copying 0 resource from src\main\resources to target\classes
2026-08-19 16:27:00,646 [Worker-11: Building] INFO  o.a.m.s.f.DefaultMavenResourcesFiltering - Copying 0 resource from src\main\resources to target\classes
2026-08-19 16:27:00,648 [Worker-11: Building] INFO  o.a.m.s.f.DefaultMavenResourcesFiltering - skip non existing resourceDirectory C:\SOA\Skill3\signupmodule\src\test\resources
2026-08-19 16:27:00,656 [Worker-11: Building] WARN  Sisu - Error injecting: org.apache.maven.plugins.war.WarMojo
com.google.inject.ProvisionException: Unable to provision, see the following errors:

1) [Guice/ErrorInCustomProvider]: OutOfScopeException: Cannot access session scope outside of a scoping block
  at SessionScopeModule.configure(SessionScopeModule.java:55)
      \_ installed by: WireModule -> SessionScopeModule
  at WarMojo.<init>(WarMojo.java:142)
      \_ for 6th parameter
  while locating WarMojo

Learn more:
  https://github.com/google/guice/wiki/ERROR_IN_CUSTOM_PROVIDER

1 error

======================
Full classname legend:
======================
OutOfScopeException: "com.google.inject.OutOfScopeException"
SessionScopeModule:  "org.apache.maven.session.scope.internal.SessionScopeModule"
WarMojo:             "org.apache.maven.plugins.war.WarMojo"
WireModule:          "org.eclipse.sisu.wire.WireModule"
========================
End of classname legend:
========================

	at com.google.inject.internal.InternalProvisionException.toProvisionException(InternalProvisionException.java:251)
	at com.google.inject.internal.InjectorImpl$1.get(InjectorImpl.java:1104)
	at com.google.inject.internal.InjectorImpl.getInstance(InjectorImpl.java:1139)
	at org.eclipse.sisu.space.AbstractDeferredClass.get(AbstractDeferredClass.java:50)
	at com.google.inject.internal.ProviderInternalFactory.provision(ProviderInternalFactory.java:86)
	at com.google.inject.internal.InternalFactoryToInitializableAdapter.provision(InternalFactoryToInitializableAdapter.java:57)
	at com.google.inject.internal.ProviderInternalFactory$1.call(ProviderInternalFactory.java:67)
	at com.google.inject.internal.ProvisionListenerStackCallback$Provision.provision(ProvisionListenerStackCallback.java:109)
	at com.google.inject.internal.ProvisionListenerStackCallback$Provision.provision(ProvisionListenerStackCallback.java:124)
	at com.google.inject.internal.ProvisionListenerStackCallback.provision(ProvisionListenerStackCallback.java:66)
	at com.google.inject.internal.ProviderInternalFactory.circularGet(ProviderInternalFactory.java:62)
	at com.google.inject.internal.InternalFactoryToInitializableAdapter.get(InternalFactoryToInitializableAdapter.java:47)
	at com.google.inject.internal.InjectorImpl$1.get(InjectorImpl.java:1101)
	at org.eclipse.sisu.inject.Guice4$2.get(Guice4.java:235)
	at org.eclipse.sisu.inject.LazyBeanEntry.getValue(LazyBeanEntry.java:83)
	at org.eclipse.sisu.plexus.LazyPlexusBean.getValue(LazyPlexusBean.java:53)
	at org.codehaus.plexus.DefaultPlexusContainer.lookup(DefaultPlexusContainer.java:267)
	at org.codehaus.plexus.DefaultPlexusContainer.lookup(DefaultPlexusContainer.java:259)
	at org.apache.maven.plugin.internal.DefaultMavenPluginManager.getConfiguredMojo(DefaultMavenPluginManager.java:491)
	at org.eclipse.m2e.core.internal.embedder.MavenImpl.getConfiguredMojo(MavenImpl.java:215)
	at org.eclipse.m2e.mavenarchiver.internal.AbstractMavenArchiverConfigurator.reflectManifestGeneration(AbstractMavenArchiverConfigurator.java:439)
	at org.eclipse.m2e.mavenarchiver.internal.AbstractMavenArchiverConfigurator.lambda$3(AbstractMavenArchiverConfigurator.java:398)
	at org.eclipse.m2e.core.internal.embedder.MavenExecutionContext.executeBare(MavenExecutionContext.java:462)
	at org.eclipse.m2e.core.internal.embedder.MavenExecutionContext.execute(MavenExecutionContext.java:342)
	at org.eclipse.m2e.core.internal.embedder.MavenExecutionContext.execute(MavenExecutionContext.java:281)
	at org.eclipse.m2e.mavenarchiver.internal.AbstractMavenArchiverConfigurator.generateManifest(AbstractMavenArchiverConfigurator.java:371)
	at org.eclipse.m2e.mavenarchiver.internal.AbstractMavenArchiverConfigurator.mavenProjectChanged(AbstractMavenArchiverConfigurator.java:228)
	at org.eclipse.m2e.mavenarchiver.internal.AbstractMavenArchiverConfigurator$1.build(AbstractMavenArchiverConfigurator.java:178)
	at org.eclipse.m2e.core.internal.builder.MavenBuilderImpl.lambda$2(MavenBuilderImpl.java:159)
	at java.base/java.util.LinkedHashMap.forEach(LinkedHashMap.java:987)
	at org.eclipse.m2e.core.internal.builder.MavenBuilderImpl.build(MavenBuilderImpl.java:139)
	at org.eclipse.m2e.core.internal.builder.MavenBuilder$1.method(MavenBuilder.java:164)
	at org.eclipse.m2e.core.internal.builder.MavenBuilder$1.method(MavenBuilder.java:1)
	at org.eclipse.m2e.core.internal.builder.MavenBuilder$BuildMethod.lambda$1(MavenBuilder.java:109)
	at org.eclipse.m2e.core.internal.embedder.MavenExecutionContext.executeBare(MavenExecutionContext.java:462)
	at org.eclipse.m2e.core.internal.embedder.MavenExecutionContext.execute(MavenExecutionContext.java:295)
	at org.eclipse.m2e.core.internal.builder.MavenBuilder$BuildMethod.lambda$0(MavenBuilder.java:100)
	at org.eclipse.m2e.core.internal.embedder.MavenExecutionContext.executeBare(MavenExecutionContext.java:462)
	at org.eclipse.m2e.core.internal.embedder.MavenExecutionContext.execute(MavenExecutionContext.java:342)
	at org.eclipse.m2e.core.internal.embedder.MavenExecutionContext.execute(MavenExecutionContext.java:281)
	at org.eclipse.m2e.core.internal.builder.MavenBuilder$BuildMethod.execute(MavenBuilder.java:83)
	at org.eclipse.m2e.core.internal.builder.MavenBuilder.build(MavenBuilder.java:192)
	at org.eclipse.core.internal.events.BuildManager$2.run(BuildManager.java:1109)
	at org.eclipse.core.runtime.SafeRunner.run(SafeRunner.java:47)
	at org.eclipse.core.internal.events.BuildManager.basicBuild(BuildManager.java:299)
	at org.eclipse.core.internal.events.BuildManager.basicBuild(BuildManager.java:355)
	at org.eclipse.core.internal.events.BuildManager$1.run(BuildManager.java:449)
	at org.eclipse.core.runtime.SafeRunner.run(SafeRunner.java:47)
	at org.eclipse.core.internal.events.BuildManager.basicBuild(BuildManager.java:452)
	at org.eclipse.core.internal.events.BuildManager.basicBuildLoop(BuildManager.java:564)
	at org.eclipse.core.internal.events.BuildManager.basicBuildLoop(BuildManager.java:512)
	at org.eclipse.core.internal.events.BuildManager.build(BuildManager.java:594)
	at org.eclipse.core.internal.events.AutoBuildJob.doBuild(AutoBuildJob.java:208)
	at org.eclipse.core.internal.events.AutoBuildJob.run(AutoBuildJob.java:309)
	at org.eclipse.core.internal.jobs.Worker.run(Worker.java:63)
Caused by: com.google.inject.OutOfScopeException: Cannot access session scope outside of a scoping block
	at org.apache.maven.session.scope.internal.SessionScope.getScopeState(SessionScope.java:70)
	at org.apache.maven.session.scope.internal.SessionScope.lambda$scope$2(SessionScope.java:92)
	at com.google.inject.internal.InternalFactoryToProviderAdapter.get(InternalFactoryToProviderAdapter.java:45)
	at com.google.inject.internal.SingleParameterInjector.inject(SingleParameterInjector.java:40)
	at com.google.inject.internal.SingleParameterInjector.getAll(SingleParameterInjector.java:60)
	at com.google.inject.internal.ConstructorInjector.provision(ConstructorInjector.java:113)
	at com.google.inject.internal.ConstructorInjector.access$000(ConstructorInjector.java:33)
	at com.google.inject.internal.ConstructorInjector$1.call(ConstructorInjector.java:98)
	at com.google.inject.internal.ProvisionListenerStackCallback$Provision.provision(ProvisionListenerStackCallback.java:109)
	at com.google.inject.internal.ProvisionListenerStackCallback$Provision.provision(ProvisionListenerStackCallback.java:124)
	at com.google.inject.internal.ProvisionListenerStackCallback.provision(ProvisionListenerStackCallback.java:66)
	at com.google.inject.internal.ConstructorInjector.construct(ConstructorInjector.java:93)
	at com.google.inject.internal.ConstructorBindingImpl$Factory.get(ConstructorBindingImpl.java:300)
	at com.google.inject.internal.InjectorImpl$1.get(InjectorImpl.java:1101)
	... 53 common frames omitted
2026-08-19 16:27:00,659 [Worker-11: Building] WARN  o.apache.maven.project.MavenProject - Direct modification of compileSourceRoots through clear() is deprecated and will not work in Maven 4.0.0. Please use the add/remove methods instead. If you're using a plugin that causes this warning, please upgrade to the latest version and report an issue if the warning persists. To disable these warnings, set -Dmaven.project.sourceRoots.warningsDisabled=true on the command line, in the .mvn/maven.config file, or in project POM properties.
2026-08-19 16:27:00,660 [Worker-11: Building] WARN  o.apache.maven.project.MavenProject - Direct modification of compileSourceRoots through add() is deprecated and will not work in Maven 4.0.0. Please use the add/remove methods instead. If you're using a plugin that causes this warning, please upgrade to the latest version and report an issue if the warning persists. To disable these warnings, set -Dmaven.project.sourceRoots.warningsDisabled=true on the command line, in the .mvn/maven.config file, or in project POM properties.
2026-08-19 16:27:00,661 [Worker-11: Building] WARN  o.apache.maven.project.MavenProject - Direct modification of testCompileSourceRoots through clear() is deprecated and will not work in Maven 4.0.0. Please use the add/remove methods instead. If you're using a plugin that causes this warning, please upgrade to the latest version and report an issue if the warning persists. To disable these warnings, set -Dmaven.project.sourceRoots.warningsDisabled=true on the command line, in the .mvn/maven.config file, or in project POM properties.
2026-08-19 16:27:00,661 [Worker-11: Building] WARN  o.apache.maven.project.MavenProject - Direct modification of testCompileSourceRoots through add() is deprecated and will not work in Maven 4.0.0. Please use the add/remove methods instead. If you're using a plugin that causes this warning, please upgrade to the latest version and report an issue if the warning persists. To disable these warnings, set -Dmaven.project.sourceRoots.warningsDisabled=true on the command line, in the .mvn/maven.config file, or in project POM properties.
2026-08-19 16:29:10,455 [Worker-14: Building] INFO  o.a.m.s.f.DefaultMavenResourcesFiltering - Copying 0 resource from src\main\resources to target\classes
2026-08-19 16:29:10,455 [Worker-14: Building] INFO  o.a.m.s.f.DefaultMavenResourcesFiltering - Copying 0 resource from src\main\resources to target\classes
2026-08-19 16:29:10,458 [Worker-14: Building] INFO  o.a.m.s.f.DefaultMavenResourcesFiltering - skip non existing resourceDirectory C:\SOA\Skill3\signupmodule\src\test\resources
2026-08-19 16:29:10,465 [Worker-14: Building] WARN  Sisu - Error injecting: org.apache.maven.plugins.war.WarMojo
com.google.inject.ProvisionException: Unable to provision, see the following errors:

1) [Guice/ErrorInCustomProvider]: OutOfScopeException: Cannot access session scope outside of a scoping block
  at SessionScopeModule.configure(SessionScopeModule.java:55)
      \_ installed by: WireModule -> SessionScopeModule
  at WarMojo.<init>(WarMojo.java:142)
      \_ for 6th parameter
  while locating WarMojo

Learn more:
  https://github.com/google/guice/wiki/ERROR_IN_CUSTOM_PROVIDER

1 error

======================
Full classname legend:
======================
OutOfScopeException: "com.google.inject.OutOfScopeException"
SessionScopeModule:  "org.apache.maven.session.scope.internal.SessionScopeModule"
WarMojo:             "org.apache.maven.plugins.war.WarMojo"
WireModule:          "org.eclipse.sisu.wire.WireModule"
========================
End of classname legend:
========================

	at com.google.inject.internal.InternalProvisionException.toProvisionException(InternalProvisionException.java:251)
	at com.google.inject.internal.InjectorImpl$1.get(InjectorImpl.java:1104)
	at com.google.inject.internal.InjectorImpl.getInstance(InjectorImpl.java:1139)
	at org.eclipse.sisu.space.AbstractDeferredClass.get(AbstractDeferredClass.java:50)
	at com.google.inject.internal.ProviderInternalFactory.provision(ProviderInternalFactory.java:86)
	at com.google.inject.internal.InternalFactoryToInitializableAdapter.provision(InternalFactoryToInitializableAdapter.java:57)
	at com.google.inject.internal.ProviderInternalFactory$1.call(ProviderInternalFactory.java:67)
	at com.google.inject.internal.ProvisionListenerStackCallback$Provision.provision(ProvisionListenerStackCallback.java:109)
	at com.google.inject.internal.ProvisionListenerStackCallback$Provision.provision(ProvisionListenerStackCallback.java:124)
	at com.google.inject.internal.ProvisionListenerStackCallback.provision(ProvisionListenerStackCallback.java:66)
	at com.google.inject.internal.ProviderInternalFactory.circularGet(ProviderInternalFactory.java:62)
	at com.google.inject.internal.InternalFactoryToInitializableAdapter.get(InternalFactoryToInitializableAdapter.java:47)
	at com.google.inject.internal.InjectorImpl$1.get(InjectorImpl.java:1101)
	at org.eclipse.sisu.inject.Guice4$2.get(Guice4.java:235)
	at org.eclipse.sisu.inject.LazyBeanEntry.getValue(LazyBeanEntry.java:83)
	at org.eclipse.sisu.plexus.LazyPlexusBean.getValue(LazyPlexusBean.java:53)
	at org.codehaus.plexus.DefaultPlexusContainer.lookup(DefaultPlexusContainer.java:267)
	at org.codehaus.plexus.DefaultPlexusContainer.lookup(DefaultPlexusContainer.java:259)
	at org.apache.maven.plugin.internal.DefaultMavenPluginManager.getConfiguredMojo(DefaultMavenPluginManager.java:491)
	at org.eclipse.m2e.core.internal.embedder.MavenImpl.getConfiguredMojo(MavenImpl.java:215)
	at org.eclipse.m2e.mavenarchiver.internal.AbstractMavenArchiverConfigurator.reflectManifestGeneration(AbstractMavenArchiverConfigurator.java:439)
	at org.eclipse.m2e.mavenarchiver.internal.AbstractMavenArchiverConfigurator.lambda$3(AbstractMavenArchiverConfigurator.java:398)
	at org.eclipse.m2e.core.internal.embedder.MavenExecutionContext.executeBare(MavenExecutionContext.java:462)
	at org.eclipse.m2e.core.internal.embedder.MavenExecutionContext.execute(MavenExecutionContext.java:342)
	at org.eclipse.m2e.core.internal.embedder.MavenExecutionContext.execute(MavenExecutionContext.java:281)
	at org.eclipse.m2e.mavenarchiver.internal.AbstractMavenArchiverConfigurator.generateManifest(AbstractMavenArchiverConfigurator.java:371)
	at org.eclipse.m2e.mavenarchiver.internal.AbstractMavenArchiverConfigurator.mavenProjectChanged(AbstractMavenArchiverConfigurator.java:228)
	at org.eclipse.m2e.mavenarchiver.internal.AbstractMavenArchiverConfigurator$1.build(AbstractMavenArchiverConfigurator.java:178)
	at org.eclipse.m2e.core.internal.builder.MavenBuilderImpl.lambda$2(MavenBuilderImpl.java:159)
	at java.base/java.util.LinkedHashMap.forEach(LinkedHashMap.java:987)
	at org.eclipse.m2e.core.internal.builder.MavenBuilderImpl.build(MavenBuilderImpl.java:139)
	at org.eclipse.m2e.core.internal.builder.MavenBuilder$1.method(MavenBuilder.java:164)
	at org.eclipse.m2e.core.internal.builder.MavenBuilder$1.method(MavenBuilder.java:1)
	at org.eclipse.m2e.core.internal.builder.MavenBuilder$BuildMethod.lambda$1(MavenBuilder.java:109)
	at org.eclipse.m2e.core.internal.embedder.MavenExecutionContext.executeBare(MavenExecutionContext.java:462)
	at org.eclipse.m2e.core.internal.embedder.MavenExecutionContext.execute(MavenExecutionContext.java:295)
	at org.eclipse.m2e.core.internal.builder.MavenBuilder$BuildMethod.lambda$0(MavenBuilder.java:100)
	at org.eclipse.m2e.core.internal.embedder.MavenExecutionContext.executeBare(MavenExecutionContext.java:462)
	at org.eclipse.m2e.core.internal.embedder.MavenExecutionContext.execute(MavenExecutionContext.java:342)
	at org.eclipse.m2e.core.internal.embedder.MavenExecutionContext.execute(MavenExecutionContext.java:281)
	at org.eclipse.m2e.core.internal.builder.MavenBuilder$BuildMethod.execute(MavenBuilder.java:83)
	at org.eclipse.m2e.core.internal.builder.MavenBuilder.build(MavenBuilder.java:192)
	at org.eclipse.core.internal.events.BuildManager$2.run(BuildManager.java:1109)
	at org.eclipse.core.runtime.SafeRunner.run(SafeRunner.java:47)
	at org.eclipse.core.internal.events.BuildManager.basicBuild(BuildManager.java:299)
	at org.eclipse.core.internal.events.BuildManager.basicBuild(BuildManager.java:355)
	at org.eclipse.core.internal.events.BuildManager$1.run(BuildManager.java:449)
	at org.eclipse.core.runtime.SafeRunner.run(SafeRunner.java:47)
	at org.eclipse.core.internal.events.BuildManager.basicBuild(BuildManager.java:452)
	at org.eclipse.core.internal.events.BuildManager.basicBuildLoop(BuildManager.java:564)
	at org.eclipse.core.internal.events.BuildManager.basicBuildLoop(BuildManager.java:512)
	at org.eclipse.core.internal.events.BuildManager.build(BuildManager.java:594)
	at org.eclipse.core.internal.events.AutoBuildJob.doBuild(AutoBuildJob.java:208)
	at org.eclipse.core.internal.events.AutoBuildJob.run(AutoBuildJob.java:309)
	at org.eclipse.core.internal.jobs.Worker.run(Worker.java:63)
Caused by: com.google.inject.OutOfScopeException: Cannot access session scope outside of a scoping block
	at org.apache.maven.session.scope.internal.SessionScope.getScopeState(SessionScope.java:70)
	at org.apache.maven.session.scope.internal.SessionScope.lambda$scope$2(SessionScope.java:92)
	at com.google.inject.internal.InternalFactoryToProviderAdapter.get(InternalFactoryToProviderAdapter.java:45)
	at com.google.inject.internal.SingleParameterInjector.inject(SingleParameterInjector.java:40)
	at com.google.inject.internal.SingleParameterInjector.getAll(SingleParameterInjector.java:60)
	at com.google.inject.internal.ConstructorInjector.provision(ConstructorInjector.java:113)
	at com.google.inject.internal.ConstructorInjector.access$000(ConstructorInjector.java:33)
	at com.google.inject.internal.ConstructorInjector$1.call(ConstructorInjector.java:98)
	at com.google.inject.internal.ProvisionListenerStackCallback$Provision.provision(ProvisionListenerStackCallback.java:109)
	at com.google.inject.internal.ProvisionListenerStackCallback$Provision.provision(ProvisionListenerStackCallback.java:124)
	at com.google.inject.internal.ProvisionListenerStackCallback.provision(ProvisionListenerStackCallback.java:66)
	at com.google.inject.internal.ConstructorInjector.construct(ConstructorInjector.java:93)
	at com.google.inject.internal.ConstructorBindingImpl$Factory.get(ConstructorBindingImpl.java:300)
	at com.google.inject.internal.InjectorImpl$1.get(InjectorImpl.java:1101)
	... 53 common frames omitted
2026-08-19 16:29:10,468 [Worker-14: Building] WARN  o.apache.maven.project.MavenProject - Direct modification of compileSourceRoots through clear() is deprecated and will not work in Maven 4.0.0. Please use the add/remove methods instead. If you're using a plugin that causes this warning, please upgrade to the latest version and report an issue if the warning persists. To disable these warnings, set -Dmaven.project.sourceRoots.warningsDisabled=true on the command line, in the .mvn/maven.config file, or in project POM properties.
2026-08-19 16:29:10,468 [Worker-14: Building] WARN  o.apache.maven.project.MavenProject - Direct modification of compileSourceRoots through add() is deprecated and will not work in Maven 4.0.0. Please use the add/remove methods instead. If you're using a plugin that causes this warning, please upgrade to the latest version and report an issue if the warning persists. To disable these warnings, set -Dmaven.project.sourceRoots.warningsDisabled=true on the command line, in the .mvn/maven.config file, or in project POM properties.
2026-08-19 16:29:10,469 [Worker-14: Building] WARN  o.apache.maven.project.MavenProject - Direct modification of testCompileSourceRoots through clear() is deprecated and will not work in Maven 4.0.0. Please use the add/remove methods instead. If you're using a plugin that causes this warning, please upgrade to the latest version and report an issue if the warning persists. To disable these warnings, set -Dmaven.project.sourceRoots.warningsDisabled=true on the command line, in the .mvn/maven.config file, or in project POM properties.
2026-08-19 16:29:10,469 [Worker-14: Building] WARN  o.apache.maven.project.MavenProject - Direct modification of testCompileSourceRoots through add() is deprecated and will not work in Maven 4.0.0. Please use the add/remove methods instead. If you're using a plugin that causes this warning, please upgrade to the latest version and report an issue if the warning persists. To disable these warnings, set -Dmaven.project.sourceRoots.warningsDisabled=true on the command line, in the .mvn/maven.config file, or in project POM properties.
2026-08-19 16:29:43,330 [Worker-12: Building] INFO  o.a.m.s.f.DefaultMavenResourcesFiltering - Copying 0 resource from src\main\resources to target\classes
2026-08-19 16:29:43,331 [Worker-12: Building] INFO  o.a.m.s.f.DefaultMavenResourcesFiltering - Copying 0 resource from src\main\resources to target\classes
2026-08-19 16:29:43,333 [Worker-12: Building] INFO  o.a.m.s.f.DefaultMavenResourcesFiltering - skip non existing resourceDirectory C:\SOA\Skill3\signupmodule\src\test\resources
2026-08-19 16:29:43,339 [Worker-12: Building] WARN  Sisu - Error injecting: org.apache.maven.plugins.war.WarMojo
com.google.inject.ProvisionException: Unable to provision, see the following errors:

1) [Guice/ErrorInCustomProvider]: OutOfScopeException: Cannot access session scope outside of a scoping block
  at SessionScopeModule.configure(SessionScopeModule.java:55)
      \_ installed by: WireModule -> SessionScopeModule
  at WarMojo.<init>(WarMojo.java:142)
      \_ for 6th parameter
  while locating WarMojo

Learn more:
  https://github.com/google/guice/wiki/ERROR_IN_CUSTOM_PROVIDER

1 error

======================
Full classname legend:
======================
OutOfScopeException: "com.google.inject.OutOfScopeException"
SessionScopeModule:  "org.apache.maven.session.scope.internal.SessionScopeModule"
WarMojo:             "org.apache.maven.plugins.war.WarMojo"
WireModule:          "org.eclipse.sisu.wire.WireModule"
========================
End of classname legend:
========================

	at com.google.inject.internal.InternalProvisionException.toProvisionException(InternalProvisionException.java:251)
	at com.google.inject.internal.InjectorImpl$1.get(InjectorImpl.java:1104)
	at com.google.inject.internal.InjectorImpl.getInstance(InjectorImpl.java:1139)
	at org.eclipse.sisu.space.AbstractDeferredClass.get(AbstractDeferredClass.java:50)
	at com.google.inject.internal.ProviderInternalFactory.provision(ProviderInternalFactory.java:86)
	at com.google.inject.internal.InternalFactoryToInitializableAdapter.provision(InternalFactoryToInitializableAdapter.java:57)
	at com.google.inject.internal.ProviderInternalFactory$1.call(ProviderInternalFactory.java:67)
	at com.google.inject.internal.ProvisionListenerStackCallback$Provision.provision(ProvisionListenerStackCallback.java:109)
	at com.google.inject.internal.ProvisionListenerStackCallback$Provision.provision(ProvisionListenerStackCallback.java:124)
	at com.google.inject.internal.ProvisionListenerStackCallback.provision(ProvisionListenerStackCallback.java:66)
	at com.google.inject.internal.ProviderInternalFactory.circularGet(ProviderInternalFactory.java:62)
	at com.google.inject.internal.InternalFactoryToInitializableAdapter.get(InternalFactoryToInitializableAdapter.java:47)
	at com.google.inject.internal.InjectorImpl$1.get(InjectorImpl.java:1101)
	at org.eclipse.sisu.inject.Guice4$2.get(Guice4.java:235)
	at org.eclipse.sisu.inject.LazyBeanEntry.getValue(LazyBeanEntry.java:83)
	at org.eclipse.sisu.plexus.LazyPlexusBean.getValue(LazyPlexusBean.java:53)
	at org.codehaus.plexus.DefaultPlexusContainer.lookup(DefaultPlexusContainer.java:267)
	at org.codehaus.plexus.DefaultPlexusContainer.lookup(DefaultPlexusContainer.java:259)
	at org.apache.maven.plugin.internal.DefaultMavenPluginManager.getConfiguredMojo(DefaultMavenPluginManager.java:491)
	at org.eclipse.m2e.core.internal.embedder.MavenImpl.getConfiguredMojo(MavenImpl.java:215)
	at org.eclipse.m2e.mavenarchiver.internal.AbstractMavenArchiverConfigurator.reflectManifestGeneration(AbstractMavenArchiverConfigurator.java:439)
	at org.eclipse.m2e.mavenarchiver.internal.AbstractMavenArchiverConfigurator.lambda$3(AbstractMavenArchiverConfigurator.java:398)
	at org.eclipse.m2e.core.internal.embedder.MavenExecutionContext.executeBare(MavenExecutionContext.java:462)
	at org.eclipse.m2e.core.internal.embedder.MavenExecutionContext.execute(MavenExecutionContext.java:342)
	at org.eclipse.m2e.core.internal.embedder.MavenExecutionContext.execute(MavenExecutionContext.java:281)
	at org.eclipse.m2e.mavenarchiver.internal.AbstractMavenArchiverConfigurator.generateManifest(AbstractMavenArchiverConfigurator.java:371)
	at org.eclipse.m2e.mavenarchiver.internal.AbstractMavenArchiverConfigurator.mavenProjectChanged(AbstractMavenArchiverConfigurator.java:228)
	at org.eclipse.m2e.mavenarchiver.internal.AbstractMavenArchiverConfigurator$1.build(AbstractMavenArchiverConfigurator.java:178)
	at org.eclipse.m2e.core.internal.builder.MavenBuilderImpl.lambda$2(MavenBuilderImpl.java:159)
	at java.base/java.util.LinkedHashMap.forEach(LinkedHashMap.java:987)
	at org.eclipse.m2e.core.internal.builder.MavenBuilderImpl.build(MavenBuilderImpl.java:139)
	at org.eclipse.m2e.core.internal.builder.MavenBuilder$1.method(MavenBuilder.java:164)
	at org.eclipse.m2e.core.internal.builder.MavenBuilder$1.method(MavenBuilder.java:1)
	at org.eclipse.m2e.core.internal.builder.MavenBuilder$BuildMethod.lambda$1(MavenBuilder.java:109)
	at org.eclipse.m2e.core.internal.embedder.MavenExecutionContext.executeBare(MavenExecutionContext.java:462)
	at org.eclipse.m2e.core.internal.embedder.MavenExecutionContext.execute(MavenExecutionContext.java:295)
	at org.eclipse.m2e.core.internal.builder.MavenBuilder$BuildMethod.lambda$0(MavenBuilder.java:100)
	at org.eclipse.m2e.core.internal.embedder.MavenExecutionContext.executeBare(MavenExecutionContext.java:462)
	at org.eclipse.m2e.core.internal.embedder.MavenExecutionContext.execute(MavenExecutionContext.java:342)
	at org.eclipse.m2e.core.internal.embedder.MavenExecutionContext.execute(MavenExecutionContext.java:281)
	at org.eclipse.m2e.core.internal.builder.MavenBuilder$BuildMethod.execute(MavenBuilder.java:83)
	at org.eclipse.m2e.core.internal.builder.MavenBuilder.build(MavenBuilder.java:192)
	at org.eclipse.core.internal.events.BuildManager$2.run(BuildManager.java:1109)
	at org.eclipse.core.runtime.SafeRunner.run(SafeRunner.java:47)
	at org.eclipse.core.internal.events.BuildManager.basicBuild(BuildManager.java:299)
	at org.eclipse.core.internal.events.BuildManager.basicBuild(BuildManager.java:355)
	at org.eclipse.core.internal.events.BuildManager$1.run(BuildManager.java:449)
	at org.eclipse.core.runtime.SafeRunner.run(SafeRunner.java:47)
	at org.eclipse.core.internal.events.BuildManager.basicBuild(BuildManager.java:452)
	at org.eclipse.core.internal.events.BuildManager.basicBuildLoop(BuildManager.java:564)
	at org.eclipse.core.internal.events.BuildManager.basicBuildLoop(BuildManager.java:512)
	at org.eclipse.core.internal.events.BuildManager.build(BuildManager.java:594)
	at org.eclipse.core.internal.events.AutoBuildJob.doBuild(AutoBuildJob.java:208)
	at org.eclipse.core.internal.events.AutoBuildJob.run(AutoBuildJob.java:309)
	at org.eclipse.core.internal.jobs.Worker.run(Worker.java:63)
Caused by: com.google.inject.OutOfScopeException: Cannot access session scope outside of a scoping block
	at org.apache.maven.session.scope.internal.SessionScope.getScopeState(SessionScope.java:70)
	at org.apache.maven.session.scope.internal.SessionScope.lambda$scope$2(SessionScope.java:92)
	at com.google.inject.internal.InternalFactoryToProviderAdapter.get(InternalFactoryToProviderAdapter.java:45)
	at com.google.inject.internal.SingleParameterInjector.inject(SingleParameterInjector.java:40)
	at com.google.inject.internal.SingleParameterInjector.getAll(SingleParameterInjector.java:60)
	at com.google.inject.internal.ConstructorInjector.provision(ConstructorInjector.java:113)
	at com.google.inject.internal.ConstructorInjector.access$000(ConstructorInjector.java:33)
	at com.google.inject.internal.ConstructorInjector$1.call(ConstructorInjector.java:98)
	at com.google.inject.internal.ProvisionListenerStackCallback$Provision.provision(ProvisionListenerStackCallback.java:109)
	at com.google.inject.internal.ProvisionListenerStackCallback$Provision.provision(ProvisionListenerStackCallback.java:124)
	at com.google.inject.internal.ProvisionListenerStackCallback.provision(ProvisionListenerStackCallback.java:66)
	at com.google.inject.internal.ConstructorInjector.construct(ConstructorInjector.java:93)
	at com.google.inject.internal.ConstructorBindingImpl$Factory.get(ConstructorBindingImpl.java:300)
	at com.google.inject.internal.InjectorImpl$1.get(InjectorImpl.java:1101)
	... 53 common frames omitted
2026-08-19 16:29:43,343 [Worker-12: Building] WARN  o.apache.maven.project.MavenProject - Direct modification of compileSourceRoots through clear() is deprecated and will not work in Maven 4.0.0. Please use the add/remove methods instead. If you're using a plugin that causes this warning, please upgrade to the latest version and report an issue if the warning persists. To disable these warnings, set -Dmaven.project.sourceRoots.warningsDisabled=true on the command line, in the .mvn/maven.config file, or in project POM properties.
2026-08-19 16:29:43,343 [Worker-12: Building] WARN  o.apache.maven.project.MavenProject - Direct modification of compileSourceRoots through add() is deprecated and will not work in Maven 4.0.0. Please use the add/remove methods instead. If you're using a plugin that causes this warning, please upgrade to the latest version and report an issue if the warning persists. To disable these warnings, set -Dmaven.project.sourceRoots.warningsDisabled=true on the command line, in the .mvn/maven.config file, or in project POM properties.
2026-08-19 16:29:43,344 [Worker-12: Building] WARN  o.apache.maven.project.MavenProject - Direct modification of testCompileSourceRoots through clear() is deprecated and will not work in Maven 4.0.0. Please use the add/remove methods instead. If you're using a plugin that causes this warning, please upgrade to the latest version and report an issue if the warning persists. To disable these warnings, set -Dmaven.project.sourceRoots.warningsDisabled=true on the command line, in the .mvn/maven.config file, or in project POM properties.
2026-08-19 16:29:43,344 [Worker-12: Building] WARN  o.apache.maven.project.MavenProject - Direct modification of testCompileSourceRoots through add() is deprecated and will not work in Maven 4.0.0. Please use the add/remove methods instead. If you're using a plugin that causes this warning, please upgrade to the latest version and report an issue if the warning persists. To disable these warnings, set -Dmaven.project.sourceRoots.warningsDisabled=true on the command line, in the .mvn/maven.config file, or in project POM properties.
2026-08-19 16:30:47,908 [Worker-10: Building] INFO  o.a.m.s.f.DefaultMavenResourcesFiltering - Copying 0 resource from src\main\resources to target\classes
2026-08-19 16:30:47,909 [Worker-10: Building] INFO  o.a.m.s.f.DefaultMavenResourcesFiltering - Copying 0 resource from src\main\resources to target\classes
2026-08-19 16:30:47,911 [Worker-10: Building] INFO  o.a.m.s.f.DefaultMavenResourcesFiltering - skip non existing resourceDirectory C:\SOA\Skill3\signupmodule\src\test\resources
2026-08-19 16:30:47,917 [Worker-10: Building] WARN  Sisu - Error injecting: org.apache.maven.plugins.war.WarMojo
com.google.inject.ProvisionException: Unable to provision, see the following errors:

1) [Guice/ErrorInCustomProvider]: OutOfScopeException: Cannot access session scope outside of a scoping block
  at SessionScopeModule.configure(SessionScopeModule.java:55)
      \_ installed by: WireModule -> SessionScopeModule
  at WarMojo.<init>(WarMojo.java:142)
      \_ for 6th parameter
  while locating WarMojo

Learn more:
  https://github.com/google/guice/wiki/ERROR_IN_CUSTOM_PROVIDER

1 error

======================
Full classname legend:
======================
OutOfScopeException: "com.google.inject.OutOfScopeException"
SessionScopeModule:  "org.apache.maven.session.scope.internal.SessionScopeModule"
WarMojo:             "org.apache.maven.plugins.war.WarMojo"
WireModule:          "org.eclipse.sisu.wire.WireModule"
========================
End of classname legend:
========================

	at com.google.inject.internal.InternalProvisionException.toProvisionException(InternalProvisionException.java:251)
	at com.google.inject.internal.InjectorImpl$1.get(InjectorImpl.java:1104)
	at com.google.inject.internal.InjectorImpl.getInstance(InjectorImpl.java:1139)
	at org.eclipse.sisu.space.AbstractDeferredClass.get(AbstractDeferredClass.java:50)
	at com.google.inject.internal.ProviderInternalFactory.provision(ProviderInternalFactory.java:86)
	at com.google.inject.internal.InternalFactoryToInitializableAdapter.provision(InternalFactoryToInitializableAdapter.java:57)
	at com.google.inject.internal.ProviderInternalFactory$1.call(ProviderInternalFactory.java:67)
	at com.google.inject.internal.ProvisionListenerStackCallback$Provision.provision(ProvisionListenerStackCallback.java:109)
	at com.google.inject.internal.ProvisionListenerStackCallback$Provision.provision(ProvisionListenerStackCallback.java:124)
	at com.google.inject.internal.ProvisionListenerStackCallback.provision(ProvisionListenerStackCallback.java:66)
	at com.google.inject.internal.ProviderInternalFactory.circularGet(ProviderInternalFactory.java:62)
	at com.google.inject.internal.InternalFactoryToInitializableAdapter.get(InternalFactoryToInitializableAdapter.java:47)
	at com.google.inject.internal.InjectorImpl$1.get(InjectorImpl.java:1101)
	at org.eclipse.sisu.inject.Guice4$2.get(Guice4.java:235)
	at org.eclipse.sisu.inject.LazyBeanEntry.getValue(LazyBeanEntry.java:83)
	at org.eclipse.sisu.plexus.LazyPlexusBean.getValue(LazyPlexusBean.java:53)
	at org.codehaus.plexus.DefaultPlexusContainer.lookup(DefaultPlexusContainer.java:267)
	at org.codehaus.plexus.DefaultPlexusContainer.lookup(DefaultPlexusContainer.java:259)
	at org.apache.maven.plugin.internal.DefaultMavenPluginManager.getConfiguredMojo(DefaultMavenPluginManager.java:491)
	at org.eclipse.m2e.core.internal.embedder.MavenImpl.getConfiguredMojo(MavenImpl.java:215)
	at org.eclipse.m2e.mavenarchiver.internal.AbstractMavenArchiverConfigurator.reflectManifestGeneration(AbstractMavenArchiverConfigurator.java:439)
	at org.eclipse.m2e.mavenarchiver.internal.AbstractMavenArchiverConfigurator.lambda$3(AbstractMavenArchiverConfigurator.java:398)
	at org.eclipse.m2e.core.internal.embedder.MavenExecutionContext.executeBare(MavenExecutionContext.java:462)
	at org.eclipse.m2e.core.internal.embedder.MavenExecutionContext.execute(MavenExecutionContext.java:342)
	at org.eclipse.m2e.core.internal.embedder.MavenExecutionContext.execute(MavenExecutionContext.java:281)
	at org.eclipse.m2e.mavenarchiver.internal.AbstractMavenArchiverConfigurator.generateManifest(AbstractMavenArchiverConfigurator.java:371)
	at org.eclipse.m2e.mavenarchiver.internal.AbstractMavenArchiverConfigurator.mavenProjectChanged(AbstractMavenArchiverConfigurator.java:228)
	at org.eclipse.m2e.mavenarchiver.internal.AbstractMavenArchiverConfigurator$1.build(AbstractMavenArchiverConfigurator.java:178)
	at org.eclipse.m2e.core.internal.builder.MavenBuilderImpl.lambda$2(MavenBuilderImpl.java:159)
	at java.base/java.util.LinkedHashMap.forEach(LinkedHashMap.java:987)
	at org.eclipse.m2e.core.internal.builder.MavenBuilderImpl.build(MavenBuilderImpl.java:139)
	at org.eclipse.m2e.core.internal.builder.MavenBuilder$1.method(MavenBuilder.java:164)
	at org.eclipse.m2e.core.internal.builder.MavenBuilder$1.method(MavenBuilder.java:1)
	at org.eclipse.m2e.core.internal.builder.MavenBuilder$BuildMethod.lambda$1(MavenBuilder.java:109)
	at org.eclipse.m2e.core.internal.embedder.MavenExecutionContext.executeBare(MavenExecutionContext.java:462)
	at org.eclipse.m2e.core.internal.embedder.MavenExecutionContext.execute(MavenExecutionContext.java:295)
	at org.eclipse.m2e.core.internal.builder.MavenBuilder$BuildMethod.lambda$0(MavenBuilder.java:100)
	at org.eclipse.m2e.core.internal.embedder.MavenExecutionContext.executeBare(MavenExecutionContext.java:462)
	at org.eclipse.m2e.core.internal.embedder.MavenExecutionContext.execute(MavenExecutionContext.java:342)
	at org.eclipse.m2e.core.internal.embedder.MavenExecutionContext.execute(MavenExecutionContext.java:281)
	at org.eclipse.m2e.core.internal.builder.MavenBuilder$BuildMethod.execute(MavenBuilder.java:83)
	at org.eclipse.m2e.core.internal.builder.MavenBuilder.build(MavenBuilder.java:192)
	at org.eclipse.core.internal.events.BuildManager$2.run(BuildManager.java:1109)
	at org.eclipse.core.runtime.SafeRunner.run(SafeRunner.java:47)
	at org.eclipse.core.internal.events.BuildManager.basicBuild(BuildManager.java:299)
	at org.eclipse.core.internal.events.BuildManager.basicBuild(BuildManager.java:355)
	at org.eclipse.core.internal.events.BuildManager$1.run(BuildManager.java:449)
	at org.eclipse.core.runtime.SafeRunner.run(SafeRunner.java:47)
	at org.eclipse.core.internal.events.BuildManager.basicBuild(BuildManager.java:452)
	at org.eclipse.core.internal.events.BuildManager.basicBuildLoop(BuildManager.java:564)
	at org.eclipse.core.internal.events.BuildManager.basicBuildLoop(BuildManager.java:512)
	at org.eclipse.core.internal.events.BuildManager.build(BuildManager.java:594)
	at org.eclipse.core.internal.events.AutoBuildJob.doBuild(AutoBuildJob.java:208)
	at org.eclipse.core.internal.events.AutoBuildJob.run(AutoBuildJob.java:309)
	at org.eclipse.core.internal.jobs.Worker.run(Worker.java:63)
Caused by: com.google.inject.OutOfScopeException: Cannot access session scope outside of a scoping block
	at org.apache.maven.session.scope.internal.SessionScope.getScopeState(SessionScope.java:70)
	at org.apache.maven.session.scope.internal.SessionScope.lambda$scope$2(SessionScope.java:92)
	at com.google.inject.internal.InternalFactoryToProviderAdapter.get(InternalFactoryToProviderAdapter.java:45)
	at com.google.inject.internal.SingleParameterInjector.inject(SingleParameterInjector.java:40)
	at com.google.inject.internal.SingleParameterInjector.getAll(SingleParameterInjector.java:60)
	at com.google.inject.internal.ConstructorInjector.provision(ConstructorInjector.java:113)
	at com.google.inject.internal.ConstructorInjector.access$000(ConstructorInjector.java:33)
	at com.google.inject.internal.ConstructorInjector$1.call(ConstructorInjector.java:98)
	at com.google.inject.internal.ProvisionListenerStackCallback$Provision.provision(ProvisionListenerStackCallback.java:109)
	at com.google.inject.internal.ProvisionListenerStackCallback$Provision.provision(ProvisionListenerStackCallback.java:124)
	at com.google.inject.internal.ProvisionListenerStackCallback.provision(ProvisionListenerStackCallback.java:66)
	at com.google.inject.internal.ConstructorInjector.construct(ConstructorInjector.java:93)
	at com.google.inject.internal.ConstructorBindingImpl$Factory.get(ConstructorBindingImpl.java:300)
	at com.google.inject.internal.InjectorImpl$1.get(InjectorImpl.java:1101)
	... 53 common frames omitted
2026-08-19 16:30:47,920 [Worker-10: Building] WARN  o.apache.maven.project.MavenProject - Direct modification of compileSourceRoots through clear() is deprecated and will not work in Maven 4.0.0. Please use the add/remove methods instead. If you're using a plugin that causes this warning, please upgrade to the latest version and report an issue if the warning persists. To disable these warnings, set -Dmaven.project.sourceRoots.warningsDisabled=true on the command line, in the .mvn/maven.config file, or in project POM properties.
2026-08-19 16:30:47,921 [Worker-10: Building] WARN  o.apache.maven.project.MavenProject - Direct modification of compileSourceRoots through add() is deprecated and will not work in Maven 4.0.0. Please use the add/remove methods instead. If you're using a plugin that causes this warning, please upgrade to the latest version and report an issue if the warning persists. To disable these warnings, set -Dmaven.project.sourceRoots.warningsDisabled=true on the command line, in the .mvn/maven.config file, or in project POM properties.
2026-08-19 16:30:47,921 [Worker-10: Building] WARN  o.apache.maven.project.MavenProject - Direct modification of testCompileSourceRoots through clear() is deprecated and will not work in Maven 4.0.0. Please use the add/remove methods instead. If you're using a plugin that causes this warning, please upgrade to the latest version and report an issue if the warning persists. To disable these warnings, set -Dmaven.project.sourceRoots.warningsDisabled=true on the command line, in the .mvn/maven.config file, or in project POM properties.
2026-08-19 16:30:47,922 [Worker-10: Building] WARN  o.apache.maven.project.MavenProject - Direct modification of testCompileSourceRoots through add() is deprecated and will not work in Maven 4.0.0. Please use the add/remove methods instead. If you're using a plugin that causes this warning, please upgrade to the latest version and report an issue if the warning persists. To disable these warnings, set -Dmaven.project.sourceRoots.warningsDisabled=true on the command line, in the .mvn/maven.config file, or in project POM properties.
2026-08-19 16:31:30,481 [Worker-13: Building] INFO  o.a.m.s.f.DefaultMavenResourcesFiltering - Copying 0 resource from src\main\resources to target\classes
2026-08-19 16:31:30,482 [Worker-13: Building] INFO  o.a.m.s.f.DefaultMavenResourcesFiltering - Copying 0 resource from src\main\resources to target\classes
2026-08-19 16:31:30,484 [Worker-13: Building] INFO  o.a.m.s.f.DefaultMavenResourcesFiltering - skip non existing resourceDirectory C:\SOA\Skill3\signupmodule\src\test\resources
2026-08-19 16:31:30,492 [Worker-13: Building] WARN  Sisu - Error injecting: org.apache.maven.plugins.war.WarMojo
com.google.inject.ProvisionException: Unable to provision, see the following errors:

1) [Guice/ErrorInCustomProvider]: OutOfScopeException: Cannot access session scope outside of a scoping block
  at SessionScopeModule.configure(SessionScopeModule.java:55)
      \_ installed by: WireModule -> SessionScopeModule
  at WarMojo.<init>(WarMojo.java:142)
      \_ for 6th parameter
  while locating WarMojo

Learn more:
  https://github.com/google/guice/wiki/ERROR_IN_CUSTOM_PROVIDER

1 error

======================
Full classname legend:
======================
OutOfScopeException: "com.google.inject.OutOfScopeException"
SessionScopeModule:  "org.apache.maven.session.scope.internal.SessionScopeModule"
WarMojo:             "org.apache.maven.plugins.war.WarMojo"
WireModule:          "org.eclipse.sisu.wire.WireModule"
========================
End of classname legend:
========================

	at com.google.inject.internal.InternalProvisionException.toProvisionException(InternalProvisionException.java:251)
	at com.google.inject.internal.InjectorImpl$1.get(InjectorImpl.java:1104)
	at com.google.inject.internal.InjectorImpl.getInstance(InjectorImpl.java:1139)
	at org.eclipse.sisu.space.AbstractDeferredClass.get(AbstractDeferredClass.java:50)
	at com.google.inject.internal.ProviderInternalFactory.provision(ProviderInternalFactory.java:86)
	at com.google.inject.internal.InternalFactoryToInitializableAdapter.provision(InternalFactoryToInitializableAdapter.java:57)
	at com.google.inject.internal.ProviderInternalFactory$1.call(ProviderInternalFactory.java:67)
	at com.google.inject.internal.ProvisionListenerStackCallback$Provision.provision(ProvisionListenerStackCallback.java:109)
	at com.google.inject.internal.ProvisionListenerStackCallback$Provision.provision(ProvisionListenerStackCallback.java:124)
	at com.google.inject.internal.ProvisionListenerStackCallback.provision(ProvisionListenerStackCallback.java:66)
	at com.google.inject.internal.ProviderInternalFactory.circularGet(ProviderInternalFactory.java:62)
	at com.google.inject.internal.InternalFactoryToInitializableAdapter.get(InternalFactoryToInitializableAdapter.java:47)
	at com.google.inject.internal.InjectorImpl$1.get(InjectorImpl.java:1101)
	at org.eclipse.sisu.inject.Guice4$2.get(Guice4.java:235)
	at org.eclipse.sisu.inject.LazyBeanEntry.getValue(LazyBeanEntry.java:83)
	at org.eclipse.sisu.plexus.LazyPlexusBean.getValue(LazyPlexusBean.java:53)
	at org.codehaus.plexus.DefaultPlexusContainer.lookup(DefaultPlexusContainer.java:267)
	at org.codehaus.plexus.DefaultPlexusContainer.lookup(DefaultPlexusContainer.java:259)
	at org.apache.maven.plugin.internal.DefaultMavenPluginManager.getConfiguredMojo(DefaultMavenPluginManager.java:491)
	at org.eclipse.m2e.core.internal.embedder.MavenImpl.getConfiguredMojo(MavenImpl.java:215)
	at org.eclipse.m2e.mavenarchiver.internal.AbstractMavenArchiverConfigurator.reflectManifestGeneration(AbstractMavenArchiverConfigurator.java:439)
	at org.eclipse.m2e.mavenarchiver.internal.AbstractMavenArchiverConfigurator.lambda$3(AbstractMavenArchiverConfigurator.java:398)
	at org.eclipse.m2e.core.internal.embedder.MavenExecutionContext.executeBare(MavenExecutionContext.java:462)
	at org.eclipse.m2e.core.internal.embedder.MavenExecutionContext.execute(MavenExecutionContext.java:342)
	at org.eclipse.m2e.core.internal.embedder.MavenExecutionContext.execute(MavenExecutionContext.java:281)
	at org.eclipse.m2e.mavenarchiver.internal.AbstractMavenArchiverConfigurator.generateManifest(AbstractMavenArchiverConfigurator.java:371)
	at org.eclipse.m2e.mavenarchiver.internal.AbstractMavenArchiverConfigurator.mavenProjectChanged(AbstractMavenArchiverConfigurator.java:228)
	at org.eclipse.m2e.mavenarchiver.internal.AbstractMavenArchiverConfigurator$1.build(AbstractMavenArchiverConfigurator.java:178)
	at org.eclipse.m2e.core.internal.builder.MavenBuilderImpl.lambda$2(MavenBuilderImpl.java:159)
	at java.base/java.util.LinkedHashMap.forEach(LinkedHashMap.java:987)
	at org.eclipse.m2e.core.internal.builder.MavenBuilderImpl.build(MavenBuilderImpl.java:139)
	at org.eclipse.m2e.core.internal.builder.MavenBuilder$1.method(MavenBuilder.java:164)
	at org.eclipse.m2e.core.internal.builder.MavenBuilder$1.method(MavenBuilder.java:1)
	at org.eclipse.m2e.core.internal.builder.MavenBuilder$BuildMethod.lambda$1(MavenBuilder.java:109)
	at org.eclipse.m2e.core.internal.embedder.MavenExecutionContext.executeBare(MavenExecutionContext.java:462)
	at org.eclipse.m2e.core.internal.embedder.MavenExecutionContext.execute(MavenExecutionContext.java:295)
	at org.eclipse.m2e.core.internal.builder.MavenBuilder$BuildMethod.lambda$0(MavenBuilder.java:100)
	at org.eclipse.m2e.core.internal.embedder.MavenExecutionContext.executeBare(MavenExecutionContext.java:462)
	at org.eclipse.m2e.core.internal.embedder.MavenExecutionContext.execute(MavenExecutionContext.java:342)
	at org.eclipse.m2e.core.internal.embedder.MavenExecutionContext.execute(MavenExecutionContext.java:281)
	at org.eclipse.m2e.core.internal.builder.MavenBuilder$BuildMethod.execute(MavenBuilder.java:83)
	at org.eclipse.m2e.core.internal.builder.MavenBuilder.build(MavenBuilder.java:192)
	at org.eclipse.core.internal.events.BuildManager$2.run(BuildManager.java:1109)
	at org.eclipse.core.runtime.SafeRunner.run(SafeRunner.java:47)
	at org.eclipse.core.internal.events.BuildManager.basicBuild(BuildManager.java:299)
	at org.eclipse.core.internal.events.BuildManager.basicBuild(BuildManager.java:355)
	at org.eclipse.core.internal.events.BuildManager$1.run(BuildManager.java:449)
	at org.eclipse.core.runtime.SafeRunner.run(SafeRunner.java:47)
	at org.eclipse.core.internal.events.BuildManager.basicBuild(BuildManager.java:452)
	at org.eclipse.core.internal.events.BuildManager.basicBuildLoop(BuildManager.java:564)
	at org.eclipse.core.internal.events.BuildManager.basicBuildLoop(BuildManager.java:512)
	at org.eclipse.core.internal.events.BuildManager.build(BuildManager.java:594)
	at org.eclipse.core.internal.events.AutoBuildJob.doBuild(AutoBuildJob.java:208)
	at org.eclipse.core.internal.events.AutoBuildJob.run(AutoBuildJob.java:309)
	at org.eclipse.core.internal.jobs.Worker.run(Worker.java:63)
Caused by: com.google.inject.OutOfScopeException: Cannot access session scope outside of a scoping block
	at org.apache.maven.session.scope.internal.SessionScope.getScopeState(SessionScope.java:70)
	at org.apache.maven.session.scope.internal.SessionScope.lambda$scope$2(SessionScope.java:92)
	at com.google.inject.internal.InternalFactoryToProviderAdapter.get(InternalFactoryToProviderAdapter.java:45)
	at com.google.inject.internal.SingleParameterInjector.inject(SingleParameterInjector.java:40)
	at com.google.inject.internal.SingleParameterInjector.getAll(SingleParameterInjector.java:60)
	at com.google.inject.internal.ConstructorInjector.provision(ConstructorInjector.java:113)
	at com.google.inject.internal.ConstructorInjector.access$000(ConstructorInjector.java:33)
	at com.google.inject.internal.ConstructorInjector$1.call(ConstructorInjector.java:98)
	at com.google.inject.internal.ProvisionListenerStackCallback$Provision.provision(ProvisionListenerStackCallback.java:109)
	at com.google.inject.internal.ProvisionListenerStackCallback$Provision.provision(ProvisionListenerStackCallback.java:124)
	at com.google.inject.internal.ProvisionListenerStackCallback.provision(ProvisionListenerStackCallback.java:66)
	at com.google.inject.internal.ConstructorInjector.construct(ConstructorInjector.java:93)
	at com.google.inject.internal.ConstructorBindingImpl$Factory.get(ConstructorBindingImpl.java:300)
	at com.google.inject.internal.InjectorImpl$1.get(InjectorImpl.java:1101)
	... 53 common frames omitted
2026-08-19 16:31:30,496 [Worker-13: Building] WARN  o.apache.maven.project.MavenProject - Direct modification of compileSourceRoots through clear() is deprecated and will not work in Maven 4.0.0. Please use the add/remove methods instead. If you're using a plugin that causes this warning, please upgrade to the latest version and report an issue if the warning persists. To disable these warnings, set -Dmaven.project.sourceRoots.warningsDisabled=true on the command line, in the .mvn/maven.config file, or in project POM properties.
2026-08-19 16:31:30,497 [Worker-13: Building] WARN  o.apache.maven.project.MavenProject - Direct modification of compileSourceRoots through add() is deprecated and will not work in Maven 4.0.0. Please use the add/remove methods instead. If you're using a plugin that causes this warning, please upgrade to the latest version and report an issue if the warning persists. To disable these warnings, set -Dmaven.project.sourceRoots.warningsDisabled=true on the command line, in the .mvn/maven.config file, or in project POM properties.
2026-08-19 16:31:30,497 [Worker-13: Building] WARN  o.apache.maven.project.MavenProject - Direct modification of testCompileSourceRoots through clear() is deprecated and will not work in Maven 4.0.0. Please use the add/remove methods instead. If you're using a plugin that causes this warning, please upgrade to the latest version and report an issue if the warning persists. To disable these warnings, set -Dmaven.project.sourceRoots.warningsDisabled=true on the command line, in the .mvn/maven.config file, or in project POM properties.
2026-08-19 16:31:30,497 [Worker-13: Building] WARN  o.apache.maven.project.MavenProject - Direct modification of testCompileSourceRoots through add() is deprecated and will not work in Maven 4.0.0. Please use the add/remove methods instead. If you're using a plugin that causes this warning, please upgrade to the latest version and report an issue if the warning persists. To disable these warnings, set -Dmaven.project.sourceRoots.warningsDisabled=true on the command line, in the .mvn/maven.config file, or in project POM properties.
2026-08-19 16:38:10,554 [Worker-11: Import Getting Started Content] INFO  o.e.m.c.i.l.LifecycleMappingFactory - Using org.maven.ide.eclipse.wtp.WarLifecycleMapping lifecycle mapping for MavenProject: soa:gateway3:0.0.1-SNAPSHOT @ C:\SOA\Skill3\gateway3\pom.xml.
2026-08-19 16:38:11,495 [Worker-11: Import Getting Started Content] INFO  o.e.m.j.i.AbstractJavaProjectConfigurator - Adding source folder /gateway3/src/main/java
2026-08-19 16:38:11,495 [Worker-11: Import Getting Started Content] INFO  o.e.m.j.i.AbstractJavaProjectConfigurator - Adding resource folder /gateway3/src/main/resources
2026-08-19 16:38:11,498 [Worker-11: Import Getting Started Content] INFO  o.e.m.j.i.AbstractJavaProjectConfigurator - Adding resource folder /gateway3/src/main/resources
2026-08-19 16:38:11,501 [Worker-11: Import Getting Started Content] INFO  o.e.m.j.i.AbstractJavaProjectConfigurator - Adding source folder /gateway3/src/test/java
2026-08-19 16:38:11,502 [Worker-11: Import Getting Started Content] INFO  o.e.m.j.i.AbstractJavaProjectConfigurator - Adding resource folder /gateway3/src/test/resources
2026-08-19 16:38:12,505 [Worker-11: Import Getting Started Content] WARN  o.apache.maven.project.MavenProject - Direct modification of compileSourceRoots through clear() is deprecated and will not work in Maven 4.0.0. Please use the add/remove methods instead. If you're using a plugin that causes this warning, please upgrade to the latest version and report an issue if the warning persists. To disable these warnings, set -Dmaven.project.sourceRoots.warningsDisabled=true on the command line, in the .mvn/maven.config file, or in project POM properties.
2026-08-19 16:38:12,506 [Worker-11: Import Getting Started Content] WARN  o.apache.maven.project.MavenProject - Direct modification of compileSourceRoots through add() is deprecated and will not work in Maven 4.0.0. Please use the add/remove methods instead. If you're using a plugin that causes this warning, please upgrade to the latest version and report an issue if the warning persists. To disable these warnings, set -Dmaven.project.sourceRoots.warningsDisabled=true on the command line, in the .mvn/maven.config file, or in project POM properties.
2026-08-19 16:38:12,506 [Worker-11: Import Getting Started Content] WARN  o.apache.maven.project.MavenProject - Direct modification of testCompileSourceRoots through clear() is deprecated and will not work in Maven 4.0.0. Please use the add/remove methods instead. If you're using a plugin that causes this warning, please upgrade to the latest version and report an issue if the warning persists. To disable these warnings, set -Dmaven.project.sourceRoots.warningsDisabled=true on the command line, in the .mvn/maven.config file, or in project POM properties.
2026-08-19 16:38:12,507 [Worker-11: Import Getting Started Content] WARN  o.apache.maven.project.MavenProject - Direct modification of testCompileSourceRoots through add() is deprecated and will not work in Maven 4.0.0. Please use the add/remove methods instead. If you're using a plugin that causes this warning, please upgrade to the latest version and report an issue if the warning persists. To disable these warnings, set -Dmaven.project.sourceRoots.warningsDisabled=true on the command line, in the .mvn/maven.config file, or in project POM properties.
2026-08-19 16:38:12,512 [Worker-11: Import Getting Started Content] INFO  o.e.m.c.i.p.ProjectConfigurationManager - Imported and configured 1 project(s) in 2 sec
2026-08-19 16:38:12,514 [Worker-11: Import Getting Started Content] INFO  o.e.m.c.i.p.ProjectConfigurationManager - Update started
2026-08-19 16:38:12,792 [Worker-11: Import Getting Started Content] INFO  o.e.m.c.i.l.LifecycleMappingFactory - Using org.maven.ide.eclipse.wtp.WarLifecycleMapping lifecycle mapping for MavenProject: soa:gateway3:0.0.1-SNAPSHOT @ C:\SOA\Skill3\gateway3\pom.xml.
2026-08-19 16:38:13,614 [Worker-11: Import Getting Started Content] INFO  o.e.m.j.i.AbstractJavaProjectConfigurator - Adding source folder /gateway3/src/main/java
2026-08-19 16:38:13,615 [Worker-11: Import Getting Started Content] INFO  o.e.m.j.i.AbstractJavaProjectConfigurator - Adding resource folder /gateway3/src/main/resources
2026-08-19 16:38:13,615 [Worker-11: Import Getting Started Content] INFO  o.e.m.j.i.AbstractJavaProjectConfigurator - Adding resource folder /gateway3/src/main/resources
2026-08-19 16:38:13,616 [Worker-11: Import Getting Started Content] INFO  o.e.m.j.i.AbstractJavaProjectConfigurator - Adding source folder /gateway3/src/test/java
2026-08-19 16:38:13,616 [Worker-11: Import Getting Started Content] INFO  o.e.m.j.i.AbstractJavaProjectConfigurator - Adding resource folder /gateway3/src/test/resources
2026-08-19 16:38:14,119 [Worker-11: Import Getting Started Content] WARN  o.apache.maven.project.MavenProject - Direct modification of compileSourceRoots through clear() is deprecated and will not work in Maven 4.0.0. Please use the add/remove methods instead. If you're using a plugin that causes this warning, please upgrade to the latest version and report an issue if the warning persists. To disable these warnings, set -Dmaven.project.sourceRoots.warningsDisabled=true on the command line, in the .mvn/maven.config file, or in project POM properties.
2026-08-19 16:38:14,119 [Worker-11: Import Getting Started Content] WARN  o.apache.maven.project.MavenProject - Direct modification of compileSourceRoots through add() is deprecated and will not work in Maven 4.0.0. Please use the add/remove methods instead. If you're using a plugin that causes this warning, please upgrade to the latest version and report an issue if the warning persists. To disable these warnings, set -Dmaven.project.sourceRoots.warningsDisabled=true on the command line, in the .mvn/maven.config file, or in project POM properties.
2026-08-19 16:38:14,120 [Worker-11: Import Getting Started Content] WARN  o.apache.maven.project.MavenProject - Direct modification of testCompileSourceRoots through clear() is deprecated and will not work in Maven 4.0.0. Please use the add/remove methods instead. If you're using a plugin that causes this warning, please upgrade to the latest version and report an issue if the warning persists. To disable these warnings, set -Dmaven.project.sourceRoots.warningsDisabled=true on the command line, in the .mvn/maven.config file, or in project POM properties.
2026-08-19 16:38:14,120 [Worker-11: Import Getting Started Content] WARN  o.apache.maven.project.MavenProject - Direct modification of testCompileSourceRoots through add() is deprecated and will not work in Maven 4.0.0. Please use the add/remove methods instead. If you're using a plugin that causes this warning, please upgrade to the latest version and report an issue if the warning persists. To disable these warnings, set -Dmaven.project.sourceRoots.warningsDisabled=true on the command line, in the .mvn/maven.config file, or in project POM properties.
2026-08-19 16:38:14,147 [Worker-11: Import Getting Started Content] INFO  o.e.m.w.i.f.ResourceFilteringBuildParticipant - Cleaning filtered folder for gateway3
2026-08-19 16:38:14,163 [Worker-11: Import Getting Started Content] INFO  o.e.m.c.i.p.ProjectConfigurationManager - Update completed for 1 poms: local refresh takes 0.00 sec, refresh facades takes 1.00 sec, update config takes 0.00 sec 
2026-08-19 16:38:14,584 [Worker-8: Building] INFO  o.a.m.s.f.DefaultMavenResourcesFiltering - Copying 1 resource from src\main\resources to target\classes
2026-08-19 16:38:14,609 [Worker-8: Building] INFO  o.a.m.s.f.DefaultMavenResourcesFiltering - Copying 0 resource from src\main\resources to target\classes
2026-08-19 16:38:14,612 [Worker-8: Building] INFO  o.a.m.s.f.DefaultMavenResourcesFiltering - skip non existing resourceDirectory C:\SOA\Skill3\gateway3\src\test\resources
2026-08-19 16:38:14,612 [Worker-8: Building] INFO  o.e.m.w.i.f.ResourceFilteringBuildParticipant - Changed resources require a complete clean of filtered resources of gateway3
2026-08-19 16:38:14,612 [Worker-8: Building] INFO  o.e.m.w.i.f.ResourceFilteringBuildParticipant - Executing resource filtering for gateway3
2026-08-19 16:38:14,625 [Worker-8: Building] WARN  Sisu - Error injecting: org.apache.maven.plugins.war.WarMojo
com.google.inject.ProvisionException: Unable to provision, see the following errors:

1) [Guice/ErrorInCustomProvider]: OutOfScopeException: Cannot access session scope outside of a scoping block
  at SessionScopeModule.configure(SessionScopeModule.java:55)
      \_ installed by: WireModule -> SessionScopeModule
  at WarMojo.<init>(WarMojo.java:142)
      \_ for 6th parameter
  while locating WarMojo

Learn more:
  https://github.com/google/guice/wiki/ERROR_IN_CUSTOM_PROVIDER

1 error

======================
Full classname legend:
======================
OutOfScopeException: "com.google.inject.OutOfScopeException"
SessionScopeModule:  "org.apache.maven.session.scope.internal.SessionScopeModule"
WarMojo:             "org.apache.maven.plugins.war.WarMojo"
WireModule:          "org.eclipse.sisu.wire.WireModule"
========================
End of classname legend:
========================

	at com.google.inject.internal.InternalProvisionException.toProvisionException(InternalProvisionException.java:251)
	at com.google.inject.internal.InjectorImpl$1.get(InjectorImpl.java:1104)
	at com.google.inject.internal.InjectorImpl.getInstance(InjectorImpl.java:1139)
	at org.eclipse.sisu.space.AbstractDeferredClass.get(AbstractDeferredClass.java:50)
	at com.google.inject.internal.ProviderInternalFactory.provision(ProviderInternalFactory.java:86)
	at com.google.inject.internal.InternalFactoryToInitializableAdapter.provision(InternalFactoryToInitializableAdapter.java:57)
	at com.google.inject.internal.ProviderInternalFactory$1.call(ProviderInternalFactory.java:67)
	at com.google.inject.internal.ProvisionListenerStackCallback$Provision.provision(ProvisionListenerStackCallback.java:109)
	at com.google.inject.internal.ProvisionListenerStackCallback$Provision.provision(ProvisionListenerStackCallback.java:124)
	at com.google.inject.internal.ProvisionListenerStackCallback.provision(ProvisionListenerStackCallback.java:66)
	at com.google.inject.internal.ProviderInternalFactory.circularGet(ProviderInternalFactory.java:62)
	at com.google.inject.internal.InternalFactoryToInitializableAdapter.get(InternalFactoryToInitializableAdapter.java:47)
	at com.google.inject.internal.InjectorImpl$1.get(InjectorImpl.java:1101)
	at org.eclipse.sisu.inject.Guice4$2.get(Guice4.java:235)
	at org.eclipse.sisu.inject.LazyBeanEntry.getValue(LazyBeanEntry.java:83)
	at org.eclipse.sisu.plexus.LazyPlexusBean.getValue(LazyPlexusBean.java:53)
	at org.codehaus.plexus.DefaultPlexusContainer.lookup(DefaultPlexusContainer.java:267)
	at org.codehaus.plexus.DefaultPlexusContainer.lookup(DefaultPlexusContainer.java:259)
	at org.apache.maven.plugin.internal.DefaultMavenPluginManager.getConfiguredMojo(DefaultMavenPluginManager.java:491)
	at org.eclipse.m2e.core.internal.embedder.MavenImpl.getConfiguredMojo(MavenImpl.java:215)
	at org.eclipse.m2e.mavenarchiver.internal.AbstractMavenArchiverConfigurator.reflectManifestGeneration(AbstractMavenArchiverConfigurator.java:439)
	at org.eclipse.m2e.mavenarchiver.internal.AbstractMavenArchiverConfigurator.lambda$3(AbstractMavenArchiverConfigurator.java:398)
	at org.eclipse.m2e.core.internal.embedder.MavenExecutionContext.executeBare(MavenExecutionContext.java:462)
	at org.eclipse.m2e.core.internal.embedder.MavenExecutionContext.execute(MavenExecutionContext.java:342)
	at org.eclipse.m2e.core.internal.embedder.MavenExecutionContext.execute(MavenExecutionContext.java:281)
	at org.eclipse.m2e.mavenarchiver.internal.AbstractMavenArchiverConfigurator.generateManifest(AbstractMavenArchiverConfigurator.java:371)
	at org.eclipse.m2e.mavenarchiver.internal.AbstractMavenArchiverConfigurator.mavenProjectChanged(AbstractMavenArchiverConfigurator.java:228)
	at org.eclipse.m2e.mavenarchiver.internal.AbstractMavenArchiverConfigurator$1.build(AbstractMavenArchiverConfigurator.java:178)
	at org.eclipse.m2e.core.internal.builder.MavenBuilderImpl.lambda$2(MavenBuilderImpl.java:159)
	at java.base/java.util.LinkedHashMap.forEach(LinkedHashMap.java:987)
	at org.eclipse.m2e.core.internal.builder.MavenBuilderImpl.build(MavenBuilderImpl.java:139)
	at org.eclipse.m2e.core.internal.builder.MavenBuilder$1.method(MavenBuilder.java:164)
	at org.eclipse.m2e.core.internal.builder.MavenBuilder$1.method(MavenBuilder.java:1)
	at org.eclipse.m2e.core.internal.builder.MavenBuilder$BuildMethod.lambda$1(MavenBuilder.java:109)
	at org.eclipse.m2e.core.internal.embedder.MavenExecutionContext.executeBare(MavenExecutionContext.java:462)
	at org.eclipse.m2e.core.internal.embedder.MavenExecutionContext.execute(MavenExecutionContext.java:295)
	at org.eclipse.m2e.core.internal.builder.MavenBuilder$BuildMethod.lambda$0(MavenBuilder.java:100)
	at org.eclipse.m2e.core.internal.embedder.MavenExecutionContext.executeBare(MavenExecutionContext.java:462)
	at org.eclipse.m2e.core.internal.embedder.MavenExecutionContext.execute(MavenExecutionContext.java:342)
	at org.eclipse.m2e.core.internal.embedder.MavenExecutionContext.execute(MavenExecutionContext.java:281)
	at org.eclipse.m2e.core.internal.builder.MavenBuilder$BuildMethod.execute(MavenBuilder.java:83)
	at org.eclipse.m2e.core.internal.builder.MavenBuilder.build(MavenBuilder.java:192)
	at org.eclipse.core.internal.events.BuildManager$2.run(BuildManager.java:1109)
	at org.eclipse.core.runtime.SafeRunner.run(SafeRunner.java:47)
	at org.eclipse.core.internal.events.BuildManager.basicBuild(BuildManager.java:299)
	at org.eclipse.core.internal.events.BuildManager.basicBuild(BuildManager.java:355)
	at org.eclipse.core.internal.events.BuildManager$1.run(BuildManager.java:449)
	at org.eclipse.core.runtime.SafeRunner.run(SafeRunner.java:47)
	at org.eclipse.core.internal.events.BuildManager.basicBuild(BuildManager.java:452)
	at org.eclipse.core.internal.events.BuildManager.basicBuildLoop(BuildManager.java:564)
	at org.eclipse.core.internal.events.BuildManager.basicBuildLoop(BuildManager.java:512)
	at org.eclipse.core.internal.events.BuildManager.build(BuildManager.java:594)
	at org.eclipse.core.internal.events.AutoBuildJob.doBuild(AutoBuildJob.java:208)
	at org.eclipse.core.internal.events.AutoBuildJob.run(AutoBuildJob.java:309)
	at org.eclipse.core.internal.jobs.Worker.run(Worker.java:63)
Caused by: com.google.inject.OutOfScopeException: Cannot access session scope outside of a scoping block
	at org.apache.maven.session.scope.internal.SessionScope.getScopeState(SessionScope.java:70)
	at org.apache.maven.session.scope.internal.SessionScope.lambda$scope$2(SessionScope.java:92)
	at com.google.inject.internal.InternalFactoryToProviderAdapter.get(InternalFactoryToProviderAdapter.java:45)
	at com.google.inject.internal.SingleParameterInjector.inject(SingleParameterInjector.java:40)
	at com.google.inject.internal.SingleParameterInjector.getAll(SingleParameterInjector.java:60)
	at com.google.inject.internal.ConstructorInjector.provision(ConstructorInjector.java:113)
	at com.google.inject.internal.ConstructorInjector.access$000(ConstructorInjector.java:33)
	at com.google.inject.internal.ConstructorInjector$1.call(ConstructorInjector.java:98)
	at com.google.inject.internal.ProvisionListenerStackCallback$Provision.provision(ProvisionListenerStackCallback.java:109)
	at com.google.inject.internal.ProvisionListenerStackCallback$Provision.provision(ProvisionListenerStackCallback.java:124)
	at com.google.inject.internal.ProvisionListenerStackCallback.provision(ProvisionListenerStackCallback.java:66)
	at com.google.inject.internal.ConstructorInjector.construct(ConstructorInjector.java:93)
	at com.google.inject.internal.ConstructorBindingImpl$Factory.get(ConstructorBindingImpl.java:300)
	at com.google.inject.internal.InjectorImpl$1.get(InjectorImpl.java:1101)
	... 53 common frames omitted
2026-08-19 16:38:14,633 [Worker-8: Building] WARN  o.apache.maven.project.MavenProject - Direct modification of compileSourceRoots through clear() is deprecated and will not work in Maven 4.0.0. Please use the add/remove methods instead. If you're using a plugin that causes this warning, please upgrade to the latest version and report an issue if the warning persists. To disable these warnings, set -Dmaven.project.sourceRoots.warningsDisabled=true on the command line, in the .mvn/maven.config file, or in project POM properties.
2026-08-19 16:38:14,634 [Worker-8: Building] WARN  o.apache.maven.project.MavenProject - Direct modification of compileSourceRoots through add() is deprecated and will not work in Maven 4.0.0. Please use the add/remove methods instead. If you're using a plugin that causes this warning, please upgrade to the latest version and report an issue if the warning persists. To disable these warnings, set -Dmaven.project.sourceRoots.warningsDisabled=true on the command line, in the .mvn/maven.config file, or in project POM properties.
2026-08-19 16:38:14,634 [Worker-8: Building] WARN  o.apache.maven.project.MavenProject - Direct modification of testCompileSourceRoots through clear() is deprecated and will not work in Maven 4.0.0. Please use the add/remove methods instead. If you're using a plugin that causes this warning, please upgrade to the latest version and report an issue if the warning persists. To disable these warnings, set -Dmaven.project.sourceRoots.warningsDisabled=true on the command line, in the .mvn/maven.config file, or in project POM properties.
2026-08-19 16:38:14,635 [Worker-8: Building] WARN  o.apache.maven.project.MavenProject - Direct modification of testCompileSourceRoots through add() is deprecated and will not work in Maven 4.0.0. Please use the add/remove methods instead. If you're using a plugin that causes this warning, please upgrade to the latest version and report an issue if the warning persists. To disable these warnings, set -Dmaven.project.sourceRoots.warningsDisabled=true on the command line, in the .mvn/maven.config file, or in project POM properties.
2026-08-19 16:42:34,233 [Worker-14: Building] INFO  o.a.m.s.f.DefaultMavenResourcesFiltering - Copying 0 resource from src\main\resources to target\classes
2026-08-19 16:42:34,235 [Worker-14: Building] INFO  o.a.m.s.f.DefaultMavenResourcesFiltering - Copying 0 resource from src\main\resources to target\classes
2026-08-19 16:42:34,238 [Worker-14: Building] INFO  o.a.m.s.f.DefaultMavenResourcesFiltering - skip non existing resourceDirectory C:\SOA\Skill3\gateway3\src\test\resources
2026-08-19 16:42:34,244 [Worker-14: Building] WARN  Sisu - Error injecting: org.apache.maven.plugins.war.WarMojo
com.google.inject.ProvisionException: Unable to provision, see the following errors:

1) [Guice/ErrorInCustomProvider]: OutOfScopeException: Cannot access session scope outside of a scoping block
  at SessionScopeModule.configure(SessionScopeModule.java:55)
      \_ installed by: WireModule -> SessionScopeModule
  at WarMojo.<init>(WarMojo.java:142)
      \_ for 6th parameter
  while locating WarMojo

Learn more:
  https://github.com/google/guice/wiki/ERROR_IN_CUSTOM_PROVIDER

1 error

======================
Full classname legend:
======================
OutOfScopeException: "com.google.inject.OutOfScopeException"
SessionScopeModule:  "org.apache.maven.session.scope.internal.SessionScopeModule"
WarMojo:             "org.apache.maven.plugins.war.WarMojo"
WireModule:          "org.eclipse.sisu.wire.WireModule"
========================
End of classname legend:
========================

	at com.google.inject.internal.InternalProvisionException.toProvisionException(InternalProvisionException.java:251)
	at com.google.inject.internal.InjectorImpl$1.get(InjectorImpl.java:1104)
	at com.google.inject.internal.InjectorImpl.getInstance(InjectorImpl.java:1139)
	at org.eclipse.sisu.space.AbstractDeferredClass.get(AbstractDeferredClass.java:50)
	at com.google.inject.internal.ProviderInternalFactory.provision(ProviderInternalFactory.java:86)
	at com.google.inject.internal.InternalFactoryToInitializableAdapter.provision(InternalFactoryToInitializableAdapter.java:57)
	at com.google.inject.internal.ProviderInternalFactory$1.call(ProviderInternalFactory.java:67)
	at com.google.inject.internal.ProvisionListenerStackCallback$Provision.provision(ProvisionListenerStackCallback.java:109)
	at com.google.inject.internal.ProvisionListenerStackCallback$Provision.provision(ProvisionListenerStackCallback.java:124)
	at com.google.inject.internal.ProvisionListenerStackCallback.provision(ProvisionListenerStackCallback.java:66)
	at com.google.inject.internal.ProviderInternalFactory.circularGet(ProviderInternalFactory.java:62)
	at com.google.inject.internal.InternalFactoryToInitializableAdapter.get(InternalFactoryToInitializableAdapter.java:47)
	at com.google.inject.internal.InjectorImpl$1.get(InjectorImpl.java:1101)
	at org.eclipse.sisu.inject.Guice4$2.get(Guice4.java:235)
	at org.eclipse.sisu.inject.LazyBeanEntry.getValue(LazyBeanEntry.java:83)
	at org.eclipse.sisu.plexus.LazyPlexusBean.getValue(LazyPlexusBean.java:53)
	at org.codehaus.plexus.DefaultPlexusContainer.lookup(DefaultPlexusContainer.java:267)
	at org.codehaus.plexus.DefaultPlexusContainer.lookup(DefaultPlexusContainer.java:259)
	at org.apache.maven.plugin.internal.DefaultMavenPluginManager.getConfiguredMojo(DefaultMavenPluginManager.java:491)
	at org.eclipse.m2e.core.internal.embedder.MavenImpl.getConfiguredMojo(MavenImpl.java:215)
	at org.eclipse.m2e.mavenarchiver.internal.AbstractMavenArchiverConfigurator.reflectManifestGeneration(AbstractMavenArchiverConfigurator.java:439)
	at org.eclipse.m2e.mavenarchiver.internal.AbstractMavenArchiverConfigurator.lambda$3(AbstractMavenArchiverConfigurator.java:398)
	at org.eclipse.m2e.core.internal.embedder.MavenExecutionContext.executeBare(MavenExecutionContext.java:462)
	at org.eclipse.m2e.core.internal.embedder.MavenExecutionContext.execute(MavenExecutionContext.java:342)
	at org.eclipse.m2e.core.internal.embedder.MavenExecutionContext.execute(MavenExecutionContext.java:281)
	at org.eclipse.m2e.mavenarchiver.internal.AbstractMavenArchiverConfigurator.generateManifest(AbstractMavenArchiverConfigurator.java:371)
	at org.eclipse.m2e.mavenarchiver.internal.AbstractMavenArchiverConfigurator.mavenProjectChanged(AbstractMavenArchiverConfigurator.java:228)
	at org.eclipse.m2e.mavenarchiver.internal.AbstractMavenArchiverConfigurator$1.build(AbstractMavenArchiverConfigurator.java:178)
	at org.eclipse.m2e.core.internal.builder.MavenBuilderImpl.lambda$2(MavenBuilderImpl.java:159)
	at java.base/java.util.LinkedHashMap.forEach(LinkedHashMap.java:987)
	at org.eclipse.m2e.core.internal.builder.MavenBuilderImpl.build(MavenBuilderImpl.java:139)
	at org.eclipse.m2e.core.internal.builder.MavenBuilder$1.method(MavenBuilder.java:164)
	at org.eclipse.m2e.core.internal.builder.MavenBuilder$1.method(MavenBuilder.java:1)
	at org.eclipse.m2e.core.internal.builder.MavenBuilder$BuildMethod.lambda$1(MavenBuilder.java:109)
	at org.eclipse.m2e.core.internal.embedder.MavenExecutionContext.executeBare(MavenExecutionContext.java:462)
	at org.eclipse.m2e.core.internal.embedder.MavenExecutionContext.execute(MavenExecutionContext.java:295)
	at org.eclipse.m2e.core.internal.builder.MavenBuilder$BuildMethod.lambda$0(MavenBuilder.java:100)
	at org.eclipse.m2e.core.internal.embedder.MavenExecutionContext.executeBare(MavenExecutionContext.java:462)
	at org.eclipse.m2e.core.internal.embedder.MavenExecutionContext.execute(MavenExecutionContext.java:342)
	at org.eclipse.m2e.core.internal.embedder.MavenExecutionContext.execute(MavenExecutionContext.java:281)
	at org.eclipse.m2e.core.internal.builder.MavenBuilder$BuildMethod.execute(MavenBuilder.java:83)
	at org.eclipse.m2e.core.internal.builder.MavenBuilder.build(MavenBuilder.java:192)
	at org.eclipse.core.internal.events.BuildManager$2.run(BuildManager.java:1109)
	at org.eclipse.core.runtime.SafeRunner.run(SafeRunner.java:47)
	at org.eclipse.core.internal.events.BuildManager.basicBuild(BuildManager.java:299)
	at org.eclipse.core.internal.events.BuildManager.basicBuild(BuildManager.java:355)
	at org.eclipse.core.internal.events.BuildManager$1.run(BuildManager.java:449)
	at org.eclipse.core.runtime.SafeRunner.run(SafeRunner.java:47)
	at org.eclipse.core.internal.events.BuildManager.basicBuild(BuildManager.java:452)
	at org.eclipse.core.internal.events.BuildManager.basicBuildLoop(BuildManager.java:564)
	at org.eclipse.core.internal.events.BuildManager.basicBuildLoop(BuildManager.java:512)
	at org.eclipse.core.internal.events.BuildManager.build(BuildManager.java:594)
	at org.eclipse.core.internal.events.AutoBuildJob.doBuild(AutoBuildJob.java:208)
	at org.eclipse.core.internal.events.AutoBuildJob.run(AutoBuildJob.java:309)
	at org.eclipse.core.internal.jobs.Worker.run(Worker.java:63)
Caused by: com.google.inject.OutOfScopeException: Cannot access session scope outside of a scoping block
	at org.apache.maven.session.scope.internal.SessionScope.getScopeState(SessionScope.java:70)
	at org.apache.maven.session.scope.internal.SessionScope.lambda$scope$2(SessionScope.java:92)
	at com.google.inject.internal.InternalFactoryToProviderAdapter.get(InternalFactoryToProviderAdapter.java:45)
	at com.google.inject.internal.SingleParameterInjector.inject(SingleParameterInjector.java:40)
	at com.google.inject.internal.SingleParameterInjector.getAll(SingleParameterInjector.java:60)
	at com.google.inject.internal.ConstructorInjector.provision(ConstructorInjector.java:113)
	at com.google.inject.internal.ConstructorInjector.access$000(ConstructorInjector.java:33)
	at com.google.inject.internal.ConstructorInjector$1.call(ConstructorInjector.java:98)
	at com.google.inject.internal.ProvisionListenerStackCallback$Provision.provision(ProvisionListenerStackCallback.java:109)
	at com.google.inject.internal.ProvisionListenerStackCallback$Provision.provision(ProvisionListenerStackCallback.java:124)
	at com.google.inject.internal.ProvisionListenerStackCallback.provision(ProvisionListenerStackCallback.java:66)
	at com.google.inject.internal.ConstructorInjector.construct(ConstructorInjector.java:93)
	at com.google.inject.internal.ConstructorBindingImpl$Factory.get(ConstructorBindingImpl.java:300)
	at com.google.inject.internal.InjectorImpl$1.get(InjectorImpl.java:1101)
	... 53 common frames omitted
2026-08-19 16:42:34,250 [Worker-14: Building] WARN  o.apache.maven.project.MavenProject - Direct modification of compileSourceRoots through clear() is deprecated and will not work in Maven 4.0.0. Please use the add/remove methods instead. If you're using a plugin that causes this warning, please upgrade to the latest version and report an issue if the warning persists. To disable these warnings, set -Dmaven.project.sourceRoots.warningsDisabled=true on the command line, in the .mvn/maven.config file, or in project POM properties.
2026-08-19 16:42:34,251 [Worker-14: Building] WARN  o.apache.maven.project.MavenProject - Direct modification of compileSourceRoots through add() is deprecated and will not work in Maven 4.0.0. Please use the add/remove methods instead. If you're using a plugin that causes this warning, please upgrade to the latest version and report an issue if the warning persists. To disable these warnings, set -Dmaven.project.sourceRoots.warningsDisabled=true on the command line, in the .mvn/maven.config file, or in project POM properties.
2026-08-19 16:42:34,252 [Worker-14: Building] WARN  o.apache.maven.project.MavenProject - Direct modification of testCompileSourceRoots through clear() is deprecated and will not work in Maven 4.0.0. Please use the add/remove methods instead. If you're using a plugin that causes this warning, please upgrade to the latest version and report an issue if the warning persists. To disable these warnings, set -Dmaven.project.sourceRoots.warningsDisabled=true on the command line, in the .mvn/maven.config file, or in project POM properties.
2026-08-19 16:42:34,252 [Worker-14: Building] WARN  o.apache.maven.project.MavenProject - Direct modification of testCompileSourceRoots through add() is deprecated and will not work in Maven 4.0.0. Please use the add/remove methods instead. If you're using a plugin that causes this warning, please upgrade to the latest version and report an issue if the warning persists. To disable these warnings, set -Dmaven.project.sourceRoots.warningsDisabled=true on the command line, in the .mvn/maven.config file, or in project POM properties.
2026-08-19 16:51:03,154 [Worker-16: Building] INFO  o.a.m.s.f.DefaultMavenResourcesFiltering - Copying 0 resource from src\main\resources to target\classes
2026-08-19 16:51:03,155 [Worker-16: Building] INFO  o.a.m.s.f.DefaultMavenResourcesFiltering - Copying 0 resource from src\main\resources to target\classes
2026-08-19 16:51:03,158 [Worker-16: Building] INFO  o.a.m.s.f.DefaultMavenResourcesFiltering - skip non existing resourceDirectory C:\SOA\Skill3\gateway3\src\test\resources
2026-08-19 16:51:03,164 [Worker-16: Building] WARN  Sisu - Error injecting: org.apache.maven.plugins.war.WarMojo
com.google.inject.ProvisionException: Unable to provision, see the following errors:

1) [Guice/ErrorInCustomProvider]: OutOfScopeException: Cannot access session scope outside of a scoping block
  at SessionScopeModule.configure(SessionScopeModule.java:55)
      \_ installed by: WireModule -> SessionScopeModule
  at WarMojo.<init>(WarMojo.java:142)
      \_ for 6th parameter
  while locating WarMojo

Learn more:
  https://github.com/google/guice/wiki/ERROR_IN_CUSTOM_PROVIDER

1 error

======================
Full classname legend:
======================
OutOfScopeException: "com.google.inject.OutOfScopeException"
SessionScopeModule:  "org.apache.maven.session.scope.internal.SessionScopeModule"
WarMojo:             "org.apache.maven.plugins.war.WarMojo"
WireModule:          "org.eclipse.sisu.wire.WireModule"
========================
End of classname legend:
========================

	at com.google.inject.internal.InternalProvisionException.toProvisionException(InternalProvisionException.java:251)
	at com.google.inject.internal.InjectorImpl$1.get(InjectorImpl.java:1104)
	at com.google.inject.internal.InjectorImpl.getInstance(InjectorImpl.java:1139)
	at org.eclipse.sisu.space.AbstractDeferredClass.get(AbstractDeferredClass.java:50)
	at com.google.inject.internal.ProviderInternalFactory.provision(ProviderInternalFactory.java:86)
	at com.google.inject.internal.InternalFactoryToInitializableAdapter.provision(InternalFactoryToInitializableAdapter.java:57)
	at com.google.inject.internal.ProviderInternalFactory$1.call(ProviderInternalFactory.java:67)
	at com.google.inject.internal.ProvisionListenerStackCallback$Provision.provision(ProvisionListenerStackCallback.java:109)
	at com.google.inject.internal.ProvisionListenerStackCallback$Provision.provision(ProvisionListenerStackCallback.java:124)
	at com.google.inject.internal.ProvisionListenerStackCallback.provision(ProvisionListenerStackCallback.java:66)
	at com.google.inject.internal.ProviderInternalFactory.circularGet(ProviderInternalFactory.java:62)
	at com.google.inject.internal.InternalFactoryToInitializableAdapter.get(InternalFactoryToInitializableAdapter.java:47)
	at com.google.inject.internal.InjectorImpl$1.get(InjectorImpl.java:1101)
	at org.eclipse.sisu.inject.Guice4$2.get(Guice4.java:235)
	at org.eclipse.sisu.inject.LazyBeanEntry.getValue(LazyBeanEntry.java:83)
	at org.eclipse.sisu.plexus.LazyPlexusBean.getValue(LazyPlexusBean.java:53)
	at org.codehaus.plexus.DefaultPlexusContainer.lookup(DefaultPlexusContainer.java:267)
	at org.codehaus.plexus.DefaultPlexusContainer.lookup(DefaultPlexusContainer.java:259)
	at org.apache.maven.plugin.internal.DefaultMavenPluginManager.getConfiguredMojo(DefaultMavenPluginManager.java:491)
	at org.eclipse.m2e.core.internal.embedder.MavenImpl.getConfiguredMojo(MavenImpl.java:215)
	at org.eclipse.m2e.mavenarchiver.internal.AbstractMavenArchiverConfigurator.reflectManifestGeneration(AbstractMavenArchiverConfigurator.java:439)
	at org.eclipse.m2e.mavenarchiver.internal.AbstractMavenArchiverConfigurator.lambda$3(AbstractMavenArchiverConfigurator.java:398)
	at org.eclipse.m2e.core.internal.embedder.MavenExecutionContext.executeBare(MavenExecutionContext.java:462)
	at org.eclipse.m2e.core.internal.embedder.MavenExecutionContext.execute(MavenExecutionContext.java:342)
	at org.eclipse.m2e.core.internal.embedder.MavenExecutionContext.execute(MavenExecutionContext.java:281)
	at org.eclipse.m2e.mavenarchiver.internal.AbstractMavenArchiverConfigurator.generateManifest(AbstractMavenArchiverConfigurator.java:371)
	at org.eclipse.m2e.mavenarchiver.internal.AbstractMavenArchiverConfigurator.mavenProjectChanged(AbstractMavenArchiverConfigurator.java:228)
	at org.eclipse.m2e.mavenarchiver.internal.AbstractMavenArchiverConfigurator$1.build(AbstractMavenArchiverConfigurator.java:178)
	at org.eclipse.m2e.core.internal.builder.MavenBuilderImpl.lambda$2(MavenBuilderImpl.java:159)
	at java.base/java.util.LinkedHashMap.forEach(LinkedHashMap.java:987)
	at org.eclipse.m2e.core.internal.builder.MavenBuilderImpl.build(MavenBuilderImpl.java:139)
	at org.eclipse.m2e.core.internal.builder.MavenBuilder$1.method(MavenBuilder.java:164)
	at org.eclipse.m2e.core.internal.builder.MavenBuilder$1.method(MavenBuilder.java:1)
	at org.eclipse.m2e.core.internal.builder.MavenBuilder$BuildMethod.lambda$1(MavenBuilder.java:109)
	at org.eclipse.m2e.core.internal.embedder.MavenExecutionContext.executeBare(MavenExecutionContext.java:462)
	at org.eclipse.m2e.core.internal.embedder.MavenExecutionContext.execute(MavenExecutionContext.java:295)
	at org.eclipse.m2e.core.internal.builder.MavenBuilder$BuildMethod.lambda$0(MavenBuilder.java:100)
	at org.eclipse.m2e.core.internal.embedder.MavenExecutionContext.executeBare(MavenExecutionContext.java:462)
	at org.eclipse.m2e.core.internal.embedder.MavenExecutionContext.execute(MavenExecutionContext.java:342)
	at org.eclipse.m2e.core.internal.embedder.MavenExecutionContext.execute(MavenExecutionContext.java:281)
	at org.eclipse.m2e.core.internal.builder.MavenBuilder$BuildMethod.execute(MavenBuilder.java:83)
	at org.eclipse.m2e.core.internal.builder.MavenBuilder.build(MavenBuilder.java:192)
	at org.eclipse.core.internal.events.BuildManager$2.run(BuildManager.java:1109)
	at org.eclipse.core.runtime.SafeRunner.run(SafeRunner.java:47)
	at org.eclipse.core.internal.events.BuildManager.basicBuild(BuildManager.java:299)
	at org.eclipse.core.internal.events.BuildManager.basicBuild(BuildManager.java:355)
	at org.eclipse.core.internal.events.BuildManager$1.run(BuildManager.java:449)
	at org.eclipse.core.runtime.SafeRunner.run(SafeRunner.java:47)
	at org.eclipse.core.internal.events.BuildManager.basicBuild(BuildManager.java:452)
	at org.eclipse.core.internal.events.BuildManager.basicBuildLoop(BuildManager.java:564)
	at org.eclipse.core.internal.events.BuildManager.basicBuildLoop(BuildManager.java:512)
	at org.eclipse.core.internal.events.BuildManager.build(BuildManager.java:594)
	at org.eclipse.core.internal.events.AutoBuildJob.doBuild(AutoBuildJob.java:208)
	at org.eclipse.core.internal.events.AutoBuildJob.run(AutoBuildJob.java:309)
	at org.eclipse.core.internal.jobs.Worker.run(Worker.java:63)
Caused by: com.google.inject.OutOfScopeException: Cannot access session scope outside of a scoping block
	at org.apache.maven.session.scope.internal.SessionScope.getScopeState(SessionScope.java:70)
	at org.apache.maven.session.scope.internal.SessionScope.lambda$scope$2(SessionScope.java:92)
	at com.google.inject.internal.InternalFactoryToProviderAdapter.get(InternalFactoryToProviderAdapter.java:45)
	at com.google.inject.internal.SingleParameterInjector.inject(SingleParameterInjector.java:40)
	at com.google.inject.internal.SingleParameterInjector.getAll(SingleParameterInjector.java:60)
	at com.google.inject.internal.ConstructorInjector.provision(ConstructorInjector.java:113)
	at com.google.inject.internal.ConstructorInjector.access$000(ConstructorInjector.java:33)
	at com.google.inject.internal.ConstructorInjector$1.call(ConstructorInjector.java:98)
	at com.google.inject.internal.ProvisionListenerStackCallback$Provision.provision(ProvisionListenerStackCallback.java:109)
	at com.google.inject.internal.ProvisionListenerStackCallback$Provision.provision(ProvisionListenerStackCallback.java:124)
	at com.google.inject.internal.ProvisionListenerStackCallback.provision(ProvisionListenerStackCallback.java:66)
	at com.google.inject.internal.ConstructorInjector.construct(ConstructorInjector.java:93)
	at com.google.inject.internal.ConstructorBindingImpl$Factory.get(ConstructorBindingImpl.java:300)
	at com.google.inject.internal.InjectorImpl$1.get(InjectorImpl.java:1101)
	... 53 common frames omitted
2026-08-19 16:51:03,168 [Worker-16: Building] WARN  o.apache.maven.project.MavenProject - Direct modification of compileSourceRoots through clear() is deprecated and will not work in Maven 4.0.0. Please use the add/remove methods instead. If you're using a plugin that causes this warning, please upgrade to the latest version and report an issue if the warning persists. To disable these warnings, set -Dmaven.project.sourceRoots.warningsDisabled=true on the command line, in the .mvn/maven.config file, or in project POM properties.
2026-08-19 16:51:03,169 [Worker-16: Building] WARN  o.apache.maven.project.MavenProject - Direct modification of compileSourceRoots through add() is deprecated and will not work in Maven 4.0.0. Please use the add/remove methods instead. If you're using a plugin that causes this warning, please upgrade to the latest version and report an issue if the warning persists. To disable these warnings, set -Dmaven.project.sourceRoots.warningsDisabled=true on the command line, in the .mvn/maven.config file, or in project POM properties.
2026-08-19 16:51:03,170 [Worker-16: Building] WARN  o.apache.maven.project.MavenProject - Direct modification of testCompileSourceRoots through clear() is deprecated and will not work in Maven 4.0.0. Please use the add/remove methods instead. If you're using a plugin that causes this warning, please upgrade to the latest version and report an issue if the warning persists. To disable these warnings, set -Dmaven.project.sourceRoots.warningsDisabled=true on the command line, in the .mvn/maven.config file, or in project POM properties.
2026-08-19 16:51:03,170 [Worker-16: Building] WARN  o.apache.maven.project.MavenProject - Direct modification of testCompileSourceRoots through add() is deprecated and will not work in Maven 4.0.0. Please use the add/remove methods instead. If you're using a plugin that causes this warning, please upgrade to the latest version and report an issue if the warning persists. To disable these warnings, set -Dmaven.project.sourceRoots.warningsDisabled=true on the command line, in the .mvn/maven.config file, or in project POM properties.
2026-08-19 16:55:56,455 [Worker-13: Building] INFO  o.a.m.s.f.DefaultMavenResourcesFiltering - Copying 0 resource from src\main\resources to target\classes
2026-08-19 16:55:56,456 [Worker-13: Building] INFO  o.a.m.s.f.DefaultMavenResourcesFiltering - Copying 0 resource from src\main\resources to target\classes
2026-08-19 16:55:56,458 [Worker-13: Building] INFO  o.a.m.s.f.DefaultMavenResourcesFiltering - skip non existing resourceDirectory C:\SOA\Skill3\gateway3\src\test\resources
2026-08-19 16:55:56,465 [Worker-13: Building] WARN  Sisu - Error injecting: org.apache.maven.plugins.war.WarMojo
com.google.inject.ProvisionException: Unable to provision, see the following errors:

1) [Guice/ErrorInCustomProvider]: OutOfScopeException: Cannot access session scope outside of a scoping block
  at SessionScopeModule.configure(SessionScopeModule.java:55)
      \_ installed by: WireModule -> SessionScopeModule
  at WarMojo.<init>(WarMojo.java:142)
      \_ for 6th parameter
  while locating WarMojo

Learn more:
  https://github.com/google/guice/wiki/ERROR_IN_CUSTOM_PROVIDER

1 error

======================
Full classname legend:
======================
OutOfScopeException: "com.google.inject.OutOfScopeException"
SessionScopeModule:  "org.apache.maven.session.scope.internal.SessionScopeModule"
WarMojo:             "org.apache.maven.plugins.war.WarMojo"
WireModule:          "org.eclipse.sisu.wire.WireModule"
========================
End of classname legend:
========================

	at com.google.inject.internal.InternalProvisionException.toProvisionException(InternalProvisionException.java:251)
	at com.google.inject.internal.InjectorImpl$1.get(InjectorImpl.java:1104)
	at com.google.inject.internal.InjectorImpl.getInstance(InjectorImpl.java:1139)
	at org.eclipse.sisu.space.AbstractDeferredClass.get(AbstractDeferredClass.java:50)
	at com.google.inject.internal.ProviderInternalFactory.provision(ProviderInternalFactory.java:86)
	at com.google.inject.internal.InternalFactoryToInitializableAdapter.provision(InternalFactoryToInitializableAdapter.java:57)
	at com.google.inject.internal.ProviderInternalFactory$1.call(ProviderInternalFactory.java:67)
	at com.google.inject.internal.ProvisionListenerStackCallback$Provision.provision(ProvisionListenerStackCallback.java:109)
	at com.google.inject.internal.ProvisionListenerStackCallback$Provision.provision(ProvisionListenerStackCallback.java:124)
	at com.google.inject.internal.ProvisionListenerStackCallback.provision(ProvisionListenerStackCallback.java:66)
	at com.google.inject.internal.ProviderInternalFactory.circularGet(ProviderInternalFactory.java:62)
	at com.google.inject.internal.InternalFactoryToInitializableAdapter.get(InternalFactoryToInitializableAdapter.java:47)
	at com.google.inject.internal.InjectorImpl$1.get(InjectorImpl.java:1101)
	at org.eclipse.sisu.inject.Guice4$2.get(Guice4.java:235)
	at org.eclipse.sisu.inject.LazyBeanEntry.getValue(LazyBeanEntry.java:83)
	at org.eclipse.sisu.plexus.LazyPlexusBean.getValue(LazyPlexusBean.java:53)
	at org.codehaus.plexus.DefaultPlexusContainer.lookup(DefaultPlexusContainer.java:267)
	at org.codehaus.plexus.DefaultPlexusContainer.lookup(DefaultPlexusContainer.java:259)
	at org.apache.maven.plugin.internal.DefaultMavenPluginManager.getConfiguredMojo(DefaultMavenPluginManager.java:491)
	at org.eclipse.m2e.core.internal.embedder.MavenImpl.getConfiguredMojo(MavenImpl.java:215)
	at org.eclipse.m2e.mavenarchiver.internal.AbstractMavenArchiverConfigurator.reflectManifestGeneration(AbstractMavenArchiverConfigurator.java:439)
	at org.eclipse.m2e.mavenarchiver.internal.AbstractMavenArchiverConfigurator.lambda$3(AbstractMavenArchiverConfigurator.java:398)
	at org.eclipse.m2e.core.internal.embedder.MavenExecutionContext.executeBare(MavenExecutionContext.java:462)
	at org.eclipse.m2e.core.internal.embedder.MavenExecutionContext.execute(MavenExecutionContext.java:342)
	at org.eclipse.m2e.core.internal.embedder.MavenExecutionContext.execute(MavenExecutionContext.java:281)
	at org.eclipse.m2e.mavenarchiver.internal.AbstractMavenArchiverConfigurator.generateManifest(AbstractMavenArchiverConfigurator.java:371)
	at org.eclipse.m2e.mavenarchiver.internal.AbstractMavenArchiverConfigurator.mavenProjectChanged(AbstractMavenArchiverConfigurator.java:228)
	at org.eclipse.m2e.mavenarchiver.internal.AbstractMavenArchiverConfigurator$1.build(AbstractMavenArchiverConfigurator.java:178)
	at org.eclipse.m2e.core.internal.builder.MavenBuilderImpl.lambda$2(MavenBuilderImpl.java:159)
	at java.base/java.util.LinkedHashMap.forEach(LinkedHashMap.java:987)
	at org.eclipse.m2e.core.internal.builder.MavenBuilderImpl.build(MavenBuilderImpl.java:139)
	at org.eclipse.m2e.core.internal.builder.MavenBuilder$1.method(MavenBuilder.java:164)
	at org.eclipse.m2e.core.internal.builder.MavenBuilder$1.method(MavenBuilder.java:1)
	at org.eclipse.m2e.core.internal.builder.MavenBuilder$BuildMethod.lambda$1(MavenBuilder.java:109)
	at org.eclipse.m2e.core.internal.embedder.MavenExecutionContext.executeBare(MavenExecutionContext.java:462)
	at org.eclipse.m2e.core.internal.embedder.MavenExecutionContext.execute(MavenExecutionContext.java:295)
	at org.eclipse.m2e.core.internal.builder.MavenBuilder$BuildMethod.lambda$0(MavenBuilder.java:100)
	at org.eclipse.m2e.core.internal.embedder.MavenExecutionContext.executeBare(MavenExecutionContext.java:462)
	at org.eclipse.m2e.core.internal.embedder.MavenExecutionContext.execute(MavenExecutionContext.java:342)
	at org.eclipse.m2e.core.internal.embedder.MavenExecutionContext.execute(MavenExecutionContext.java:281)
	at org.eclipse.m2e.core.internal.builder.MavenBuilder$BuildMethod.execute(MavenBuilder.java:83)
	at org.eclipse.m2e.core.internal.builder.MavenBuilder.build(MavenBuilder.java:192)
	at org.eclipse.core.internal.events.BuildManager$2.run(BuildManager.java:1109)
	at org.eclipse.core.runtime.SafeRunner.run(SafeRunner.java:47)
	at org.eclipse.core.internal.events.BuildManager.basicBuild(BuildManager.java:299)
	at org.eclipse.core.internal.events.BuildManager.basicBuild(BuildManager.java:355)
	at org.eclipse.core.internal.events.BuildManager$1.run(BuildManager.java:449)
	at org.eclipse.core.runtime.SafeRunner.run(SafeRunner.java:47)
	at org.eclipse.core.internal.events.BuildManager.basicBuild(BuildManager.java:452)
	at org.eclipse.core.internal.events.BuildManager.basicBuildLoop(BuildManager.java:564)
	at org.eclipse.core.internal.events.BuildManager.basicBuildLoop(BuildManager.java:512)
	at org.eclipse.core.internal.events.BuildManager.build(BuildManager.java:594)
	at org.eclipse.core.internal.events.AutoBuildJob.doBuild(AutoBuildJob.java:208)
	at org.eclipse.core.internal.events.AutoBuildJob.run(AutoBuildJob.java:309)
	at org.eclipse.core.internal.jobs.Worker.run(Worker.java:63)
Caused by: com.google.inject.OutOfScopeException: Cannot access session scope outside of a scoping block
	at org.apache.maven.session.scope.internal.SessionScope.getScopeState(SessionScope.java:70)
	at org.apache.maven.session.scope.internal.SessionScope.lambda$scope$2(SessionScope.java:92)
	at com.google.inject.internal.InternalFactoryToProviderAdapter.get(InternalFactoryToProviderAdapter.java:45)
	at com.google.inject.internal.SingleParameterInjector.inject(SingleParameterInjector.java:40)
	at com.google.inject.internal.SingleParameterInjector.getAll(SingleParameterInjector.java:60)
	at com.google.inject.internal.ConstructorInjector.provision(ConstructorInjector.java:113)
	at com.google.inject.internal.ConstructorInjector.access$000(ConstructorInjector.java:33)
	at com.google.inject.internal.ConstructorInjector$1.call(ConstructorInjector.java:98)
	at com.google.inject.internal.ProvisionListenerStackCallback$Provision.provision(ProvisionListenerStackCallback.java:109)
	at com.google.inject.internal.ProvisionListenerStackCallback$Provision.provision(ProvisionListenerStackCallback.java:124)
	at com.google.inject.internal.ProvisionListenerStackCallback.provision(ProvisionListenerStackCallback.java:66)
	at com.google.inject.internal.ConstructorInjector.construct(ConstructorInjector.java:93)
	at com.google.inject.internal.ConstructorBindingImpl$Factory.get(ConstructorBindingImpl.java:300)
	at com.google.inject.internal.InjectorImpl$1.get(InjectorImpl.java:1101)
	... 53 common frames omitted
2026-08-19 16:55:56,469 [Worker-13: Building] WARN  o.apache.maven.project.MavenProject - Direct modification of compileSourceRoots through clear() is deprecated and will not work in Maven 4.0.0. Please use the add/remove methods instead. If you're using a plugin that causes this warning, please upgrade to the latest version and report an issue if the warning persists. To disable these warnings, set -Dmaven.project.sourceRoots.warningsDisabled=true on the command line, in the .mvn/maven.config file, or in project POM properties.
2026-08-19 16:55:56,470 [Worker-13: Building] WARN  o.apache.maven.project.MavenProject - Direct modification of compileSourceRoots through add() is deprecated and will not work in Maven 4.0.0. Please use the add/remove methods instead. If you're using a plugin that causes this warning, please upgrade to the latest version and report an issue if the warning persists. To disable these warnings, set -Dmaven.project.sourceRoots.warningsDisabled=true on the command line, in the .mvn/maven.config file, or in project POM properties.
2026-08-19 16:55:56,470 [Worker-13: Building] WARN  o.apache.maven.project.MavenProject - Direct modification of testCompileSourceRoots through clear() is deprecated and will not work in Maven 4.0.0. Please use the add/remove methods instead. If you're using a plugin that causes this warning, please upgrade to the latest version and report an issue if the warning persists. To disable these warnings, set -Dmaven.project.sourceRoots.warningsDisabled=true on the command line, in the .mvn/maven.config file, or in project POM properties.
2026-08-19 16:55:56,470 [Worker-13: Building] WARN  o.apache.maven.project.MavenProject - Direct modification of testCompileSourceRoots through add() is deprecated and will not work in Maven 4.0.0. Please use the add/remove methods instead. If you're using a plugin that causes this warning, please upgrade to the latest version and report an issue if the warning persists. To disable these warnings, set -Dmaven.project.sourceRoots.warningsDisabled=true on the command line, in the .mvn/maven.config file, or in project POM properties.
2026-08-19 17:01:44,877 [Worker-22: Building] INFO  o.a.m.s.f.DefaultMavenResourcesFiltering - Copying 0 resource from src\main\resources to target\classes
2026-08-19 17:01:44,878 [Worker-22: Building] INFO  o.a.m.s.f.DefaultMavenResourcesFiltering - Copying 0 resource from src\main\resources to target\classes
2026-08-19 17:01:44,880 [Worker-22: Building] INFO  o.a.m.s.f.DefaultMavenResourcesFiltering - skip non existing resourceDirectory C:\SOA\Skill3\gateway3\src\test\resources
2026-08-19 17:01:44,886 [Worker-22: Building] WARN  Sisu - Error injecting: org.apache.maven.plugins.war.WarMojo
com.google.inject.ProvisionException: Unable to provision, see the following errors:

1) [Guice/ErrorInCustomProvider]: OutOfScopeException: Cannot access session scope outside of a scoping block
  at SessionScopeModule.configure(SessionScopeModule.java:55)
      \_ installed by: WireModule -> SessionScopeModule
  at WarMojo.<init>(WarMojo.java:142)
      \_ for 6th parameter
  while locating WarMojo

Learn more:
  https://github.com/google/guice/wiki/ERROR_IN_CUSTOM_PROVIDER

1 error

======================
Full classname legend:
======================
OutOfScopeException: "com.google.inject.OutOfScopeException"
SessionScopeModule:  "org.apache.maven.session.scope.internal.SessionScopeModule"
WarMojo:             "org.apache.maven.plugins.war.WarMojo"
WireModule:          "org.eclipse.sisu.wire.WireModule"
========================
End of classname legend:
========================

	at com.google.inject.internal.InternalProvisionException.toProvisionException(InternalProvisionException.java:251)
	at com.google.inject.internal.InjectorImpl$1.get(InjectorImpl.java:1104)
	at com.google.inject.internal.InjectorImpl.getInstance(InjectorImpl.java:1139)
	at org.eclipse.sisu.space.AbstractDeferredClass.get(AbstractDeferredClass.java:50)
	at com.google.inject.internal.ProviderInternalFactory.provision(ProviderInternalFactory.java:86)
	at com.google.inject.internal.InternalFactoryToInitializableAdapter.provision(InternalFactoryToInitializableAdapter.java:57)
	at com.google.inject.internal.ProviderInternalFactory$1.call(ProviderInternalFactory.java:67)
	at com.google.inject.internal.ProvisionListenerStackCallback$Provision.provision(ProvisionListenerStackCallback.java:109)
	at com.google.inject.internal.ProvisionListenerStackCallback$Provision.provision(ProvisionListenerStackCallback.java:124)
	at com.google.inject.internal.ProvisionListenerStackCallback.provision(ProvisionListenerStackCallback.java:66)
	at com.google.inject.internal.ProviderInternalFactory.circularGet(ProviderInternalFactory.java:62)
	at com.google.inject.internal.InternalFactoryToInitializableAdapter.get(InternalFactoryToInitializableAdapter.java:47)
	at com.google.inject.internal.InjectorImpl$1.get(InjectorImpl.java:1101)
	at org.eclipse.sisu.inject.Guice4$2.get(Guice4.java:235)
	at org.eclipse.sisu.inject.LazyBeanEntry.getValue(LazyBeanEntry.java:83)
	at org.eclipse.sisu.plexus.LazyPlexusBean.getValue(LazyPlexusBean.java:53)
	at org.codehaus.plexus.DefaultPlexusContainer.lookup(DefaultPlexusContainer.java:267)
	at org.codehaus.plexus.DefaultPlexusContainer.lookup(DefaultPlexusContainer.java:259)
	at org.apache.maven.plugin.internal.DefaultMavenPluginManager.getConfiguredMojo(DefaultMavenPluginManager.java:491)
	at org.eclipse.m2e.core.internal.embedder.MavenImpl.getConfiguredMojo(MavenImpl.java:215)
	at org.eclipse.m2e.mavenarchiver.internal.AbstractMavenArchiverConfigurator.reflectManifestGeneration(AbstractMavenArchiverConfigurator.java:439)
	at org.eclipse.m2e.mavenarchiver.internal.AbstractMavenArchiverConfigurator.lambda$3(AbstractMavenArchiverConfigurator.java:398)
	at org.eclipse.m2e.core.internal.embedder.MavenExecutionContext.executeBare(MavenExecutionContext.java:462)
	at org.eclipse.m2e.core.internal.embedder.MavenExecutionContext.execute(MavenExecutionContext.java:342)
	at org.eclipse.m2e.core.internal.embedder.MavenExecutionContext.execute(MavenExecutionContext.java:281)
	at org.eclipse.m2e.mavenarchiver.internal.AbstractMavenArchiverConfigurator.generateManifest(AbstractMavenArchiverConfigurator.java:371)
	at org.eclipse.m2e.mavenarchiver.internal.AbstractMavenArchiverConfigurator.mavenProjectChanged(AbstractMavenArchiverConfigurator.java:228)
	at org.eclipse.m2e.mavenarchiver.internal.AbstractMavenArchiverConfigurator$1.build(AbstractMavenArchiverConfigurator.java:178)
	at org.eclipse.m2e.core.internal.builder.MavenBuilderImpl.lambda$2(MavenBuilderImpl.java:159)
	at java.base/java.util.LinkedHashMap.forEach(LinkedHashMap.java:987)
	at org.eclipse.m2e.core.internal.builder.MavenBuilderImpl.build(MavenBuilderImpl.java:139)
	at org.eclipse.m2e.core.internal.builder.MavenBuilder$1.method(MavenBuilder.java:164)
	at org.eclipse.m2e.core.internal.builder.MavenBuilder$1.method(MavenBuilder.java:1)
	at org.eclipse.m2e.core.internal.builder.MavenBuilder$BuildMethod.lambda$1(MavenBuilder.java:109)
	at org.eclipse.m2e.core.internal.embedder.MavenExecutionContext.executeBare(MavenExecutionContext.java:462)
	at org.eclipse.m2e.core.internal.embedder.MavenExecutionContext.execute(MavenExecutionContext.java:295)
	at org.eclipse.m2e.core.internal.builder.MavenBuilder$BuildMethod.lambda$0(MavenBuilder.java:100)
	at org.eclipse.m2e.core.internal.embedder.MavenExecutionContext.executeBare(MavenExecutionContext.java:462)
	at org.eclipse.m2e.core.internal.embedder.MavenExecutionContext.execute(MavenExecutionContext.java:342)
	at org.eclipse.m2e.core.internal.embedder.MavenExecutionContext.execute(MavenExecutionContext.java:281)
	at org.eclipse.m2e.core.internal.builder.MavenBuilder$BuildMethod.execute(MavenBuilder.java:83)
	at org.eclipse.m2e.core.internal.builder.MavenBuilder.build(MavenBuilder.java:192)
	at org.eclipse.core.internal.events.BuildManager$2.run(BuildManager.java:1109)
	at org.eclipse.core.runtime.SafeRunner.run(SafeRunner.java:47)
	at org.eclipse.core.internal.events.BuildManager.basicBuild(BuildManager.java:299)
	at org.eclipse.core.internal.events.BuildManager.basicBuild(BuildManager.java:355)
	at org.eclipse.core.internal.events.BuildManager$1.run(BuildManager.java:449)
	at org.eclipse.core.runtime.SafeRunner.run(SafeRunner.java:47)
	at org.eclipse.core.internal.events.BuildManager.basicBuild(BuildManager.java:452)
	at org.eclipse.core.internal.events.BuildManager.basicBuildLoop(BuildManager.java:564)
	at org.eclipse.core.internal.events.BuildManager.basicBuildLoop(BuildManager.java:512)
	at org.eclipse.core.internal.events.BuildManager.build(BuildManager.java:594)
	at org.eclipse.core.internal.events.AutoBuildJob.doBuild(AutoBuildJob.java:208)
	at org.eclipse.core.internal.events.AutoBuildJob.run(AutoBuildJob.java:309)
	at org.eclipse.core.internal.jobs.Worker.run(Worker.java:63)
Caused by: com.google.inject.OutOfScopeException: Cannot access session scope outside of a scoping block
	at org.apache.maven.session.scope.internal.SessionScope.getScopeState(SessionScope.java:70)
	at org.apache.maven.session.scope.internal.SessionScope.lambda$scope$2(SessionScope.java:92)
	at com.google.inject.internal.InternalFactoryToProviderAdapter.get(InternalFactoryToProviderAdapter.java:45)
	at com.google.inject.internal.SingleParameterInjector.inject(SingleParameterInjector.java:40)
	at com.google.inject.internal.SingleParameterInjector.getAll(SingleParameterInjector.java:60)
	at com.google.inject.internal.ConstructorInjector.provision(ConstructorInjector.java:113)
	at com.google.inject.internal.ConstructorInjector.access$000(ConstructorInjector.java:33)
	at com.google.inject.internal.ConstructorInjector$1.call(ConstructorInjector.java:98)
	at com.google.inject.internal.ProvisionListenerStackCallback$Provision.provision(ProvisionListenerStackCallback.java:109)
	at com.google.inject.internal.ProvisionListenerStackCallback$Provision.provision(ProvisionListenerStackCallback.java:124)
	at com.google.inject.internal.ProvisionListenerStackCallback.provision(ProvisionListenerStackCallback.java:66)
	at com.google.inject.internal.ConstructorInjector.construct(ConstructorInjector.java:93)
	at com.google.inject.internal.ConstructorBindingImpl$Factory.get(ConstructorBindingImpl.java:300)
	at com.google.inject.internal.InjectorImpl$1.get(InjectorImpl.java:1101)
	... 53 common frames omitted
2026-08-19 17:01:44,889 [Worker-22: Building] WARN  o.apache.maven.project.MavenProject - Direct modification of compileSourceRoots through clear() is deprecated and will not work in Maven 4.0.0. Please use the add/remove methods instead. If you're using a plugin that causes this warning, please upgrade to the latest version and report an issue if the warning persists. To disable these warnings, set -Dmaven.project.sourceRoots.warningsDisabled=true on the command line, in the .mvn/maven.config file, or in project POM properties.
2026-08-19 17:01:44,890 [Worker-22: Building] WARN  o.apache.maven.project.MavenProject - Direct modification of compileSourceRoots through add() is deprecated and will not work in Maven 4.0.0. Please use the add/remove methods instead. If you're using a plugin that causes this warning, please upgrade to the latest version and report an issue if the warning persists. To disable these warnings, set -Dmaven.project.sourceRoots.warningsDisabled=true on the command line, in the .mvn/maven.config file, or in project POM properties.
2026-08-19 17:01:44,890 [Worker-22: Building] WARN  o.apache.maven.project.MavenProject - Direct modification of testCompileSourceRoots through clear() is deprecated and will not work in Maven 4.0.0. Please use the add/remove methods instead. If you're using a plugin that causes this warning, please upgrade to the latest version and report an issue if the warning persists. To disable these warnings, set -Dmaven.project.sourceRoots.warningsDisabled=true on the command line, in the .mvn/maven.config file, or in project POM properties.
2026-08-19 17:01:44,891 [Worker-22: Building] WARN  o.apache.maven.project.MavenProject - Direct modification of testCompileSourceRoots through add() is deprecated and will not work in Maven 4.0.0. Please use the add/remove methods instead. If you're using a plugin that causes this warning, please upgrade to the latest version and report an issue if the warning persists. To disable these warnings, set -Dmaven.project.sourceRoots.warningsDisabled=true on the command line, in the .mvn/maven.config file, or in project POM properties.
2026-08-19 17:05:42,964 [Worker-23: Building] INFO  o.a.m.s.f.DefaultMavenResourcesFiltering - Copying 1 resource from src\main\resources to target\classes
2026-08-19 17:05:42,967 [Worker-23: Building] INFO  o.a.m.s.f.DefaultMavenResourcesFiltering - Copying 0 resource from src\main\resources to target\classes
2026-08-19 17:05:42,970 [Worker-23: Building] INFO  o.a.m.s.f.DefaultMavenResourcesFiltering - skip non existing resourceDirectory C:\SOA\Skill3\signupmodule\src\test\resources
2026-08-19 17:05:42,978 [Worker-23: Building] WARN  Sisu - Error injecting: org.apache.maven.plugins.war.WarMojo
com.google.inject.ProvisionException: Unable to provision, see the following errors:

1) [Guice/ErrorInCustomProvider]: OutOfScopeException: Cannot access session scope outside of a scoping block
  at SessionScopeModule.configure(SessionScopeModule.java:55)
      \_ installed by: WireModule -> SessionScopeModule
  at WarMojo.<init>(WarMojo.java:142)
      \_ for 6th parameter
  while locating WarMojo

Learn more:
  https://github.com/google/guice/wiki/ERROR_IN_CUSTOM_PROVIDER

1 error

======================
Full classname legend:
======================
OutOfScopeException: "com.google.inject.OutOfScopeException"
SessionScopeModule:  "org.apache.maven.session.scope.internal.SessionScopeModule"
WarMojo:             "org.apache.maven.plugins.war.WarMojo"
WireModule:          "org.eclipse.sisu.wire.WireModule"
========================
End of classname legend:
========================

	at com.google.inject.internal.InternalProvisionException.toProvisionException(InternalProvisionException.java:251)
	at com.google.inject.internal.InjectorImpl$1.get(InjectorImpl.java:1104)
	at com.google.inject.internal.InjectorImpl.getInstance(InjectorImpl.java:1139)
	at org.eclipse.sisu.space.AbstractDeferredClass.get(AbstractDeferredClass.java:50)
	at com.google.inject.internal.ProviderInternalFactory.provision(ProviderInternalFactory.java:86)
	at com.google.inject.internal.InternalFactoryToInitializableAdapter.provision(InternalFactoryToInitializableAdapter.java:57)
	at com.google.inject.internal.ProviderInternalFactory$1.call(ProviderInternalFactory.java:67)
	at com.google.inject.internal.ProvisionListenerStackCallback$Provision.provision(ProvisionListenerStackCallback.java:109)
	at com.google.inject.internal.ProvisionListenerStackCallback$Provision.provision(ProvisionListenerStackCallback.java:124)
	at com.google.inject.internal.ProvisionListenerStackCallback.provision(ProvisionListenerStackCallback.java:66)
	at com.google.inject.internal.ProviderInternalFactory.circularGet(ProviderInternalFactory.java:62)
	at com.google.inject.internal.InternalFactoryToInitializableAdapter.get(InternalFactoryToInitializableAdapter.java:47)
	at com.google.inject.internal.InjectorImpl$1.get(InjectorImpl.java:1101)
	at org.eclipse.sisu.inject.Guice4$2.get(Guice4.java:235)
	at org.eclipse.sisu.inject.LazyBeanEntry.getValue(LazyBeanEntry.java:83)
	at org.eclipse.sisu.plexus.LazyPlexusBean.getValue(LazyPlexusBean.java:53)
	at org.codehaus.plexus.DefaultPlexusContainer.lookup(DefaultPlexusContainer.java:267)
	at org.codehaus.plexus.DefaultPlexusContainer.lookup(DefaultPlexusContainer.java:259)
	at org.apache.maven.plugin.internal.DefaultMavenPluginManager.getConfiguredMojo(DefaultMavenPluginManager.java:491)
	at org.eclipse.m2e.core.internal.embedder.MavenImpl.getConfiguredMojo(MavenImpl.java:215)
	at org.eclipse.m2e.mavenarchiver.internal.AbstractMavenArchiverConfigurator.reflectManifestGeneration(AbstractMavenArchiverConfigurator.java:439)
	at org.eclipse.m2e.mavenarchiver.internal.AbstractMavenArchiverConfigurator.lambda$3(AbstractMavenArchiverConfigurator.java:398)
	at org.eclipse.m2e.core.internal.embedder.MavenExecutionContext.executeBare(MavenExecutionContext.java:462)
	at org.eclipse.m2e.core.internal.embedder.MavenExecutionContext.execute(MavenExecutionContext.java:342)
	at org.eclipse.m2e.core.internal.embedder.MavenExecutionContext.execute(MavenExecutionContext.java:281)
	at org.eclipse.m2e.mavenarchiver.internal.AbstractMavenArchiverConfigurator.generateManifest(AbstractMavenArchiverConfigurator.java:371)
	at org.eclipse.m2e.mavenarchiver.internal.AbstractMavenArchiverConfigurator.mavenProjectChanged(AbstractMavenArchiverConfigurator.java:228)
	at org.eclipse.m2e.mavenarchiver.internal.AbstractMavenArchiverConfigurator$1.build(AbstractMavenArchiverConfigurator.java:178)
	at org.eclipse.m2e.core.internal.builder.MavenBuilderImpl.lambda$2(MavenBuilderImpl.java:159)
	at java.base/java.util.LinkedHashMap.forEach(LinkedHashMap.java:987)
	at org.eclipse.m2e.core.internal.builder.MavenBuilderImpl.build(MavenBuilderImpl.java:139)
	at org.eclipse.m2e.core.internal.builder.MavenBuilder$1.method(MavenBuilder.java:164)
	at org.eclipse.m2e.core.internal.builder.MavenBuilder$1.method(MavenBuilder.java:1)
	at org.eclipse.m2e.core.internal.builder.MavenBuilder$BuildMethod.lambda$1(MavenBuilder.java:109)
	at org.eclipse.m2e.core.internal.embedder.MavenExecutionContext.executeBare(MavenExecutionContext.java:462)
	at org.eclipse.m2e.core.internal.embedder.MavenExecutionContext.execute(MavenExecutionContext.java:295)
	at org.eclipse.m2e.core.internal.builder.MavenBuilder$BuildMethod.lambda$0(MavenBuilder.java:100)
	at org.eclipse.m2e.core.internal.embedder.MavenExecutionContext.executeBare(MavenExecutionContext.java:462)
	at org.eclipse.m2e.core.internal.embedder.MavenExecutionContext.execute(MavenExecutionContext.java:342)
	at org.eclipse.m2e.core.internal.embedder.MavenExecutionContext.execute(MavenExecutionContext.java:281)
	at org.eclipse.m2e.core.internal.builder.MavenBuilder$BuildMethod.execute(MavenBuilder.java:83)
	at org.eclipse.m2e.core.internal.builder.MavenBuilder.build(MavenBuilder.java:192)
	at org.eclipse.core.internal.events.BuildManager$2.run(BuildManager.java:1109)
	at org.eclipse.core.runtime.SafeRunner.run(SafeRunner.java:47)
	at org.eclipse.core.internal.events.BuildManager.basicBuild(BuildManager.java:299)
	at org.eclipse.core.internal.events.BuildManager.basicBuild(BuildManager.java:355)
	at org.eclipse.core.internal.events.BuildManager$1.run(BuildManager.java:449)
	at org.eclipse.core.runtime.SafeRunner.run(SafeRunner.java:47)
	at org.eclipse.core.internal.events.BuildManager.basicBuild(BuildManager.java:452)
	at org.eclipse.core.internal.events.BuildManager.basicBuildLoop(BuildManager.java:564)
	at org.eclipse.core.internal.events.BuildManager.basicBuildLoop(BuildManager.java:512)
	at org.eclipse.core.internal.events.BuildManager.build(BuildManager.java:594)
	at org.eclipse.core.internal.events.AutoBuildJob.doBuild(AutoBuildJob.java:208)
	at org.eclipse.core.internal.events.AutoBuildJob.run(AutoBuildJob.java:309)
	at org.eclipse.core.internal.jobs.Worker.run(Worker.java:63)
Caused by: com.google.inject.OutOfScopeException: Cannot access session scope outside of a scoping block
	at org.apache.maven.session.scope.internal.SessionScope.getScopeState(SessionScope.java:70)
	at org.apache.maven.session.scope.internal.SessionScope.lambda$scope$2(SessionScope.java:92)
	at com.google.inject.internal.InternalFactoryToProviderAdapter.get(InternalFactoryToProviderAdapter.java:45)
	at com.google.inject.internal.SingleParameterInjector.inject(SingleParameterInjector.java:40)
	at com.google.inject.internal.SingleParameterInjector.getAll(SingleParameterInjector.java:60)
	at com.google.inject.internal.ConstructorInjector.provision(ConstructorInjector.java:113)
	at com.google.inject.internal.ConstructorInjector.access$000(ConstructorInjector.java:33)
	at com.google.inject.internal.ConstructorInjector$1.call(ConstructorInjector.java:98)
	at com.google.inject.internal.ProvisionListenerStackCallback$Provision.provision(ProvisionListenerStackCallback.java:109)
	at com.google.inject.internal.ProvisionListenerStackCallback$Provision.provision(ProvisionListenerStackCallback.java:124)
	at com.google.inject.internal.ProvisionListenerStackCallback.provision(ProvisionListenerStackCallback.java:66)
	at com.google.inject.internal.ConstructorInjector.construct(ConstructorInjector.java:93)
	at com.google.inject.internal.ConstructorBindingImpl$Factory.get(ConstructorBindingImpl.java:300)
	at com.google.inject.internal.InjectorImpl$1.get(InjectorImpl.java:1101)
	... 53 common frames omitted
2026-08-19 17:05:42,982 [Worker-23: Building] WARN  o.apache.maven.project.MavenProject - Direct modification of compileSourceRoots through clear() is deprecated and will not work in Maven 4.0.0. Please use the add/remove methods instead. If you're using a plugin that causes this warning, please upgrade to the latest version and report an issue if the warning persists. To disable these warnings, set -Dmaven.project.sourceRoots.warningsDisabled=true on the command line, in the .mvn/maven.config file, or in project POM properties.
2026-08-19 17:05:42,982 [Worker-23: Building] WARN  o.apache.maven.project.MavenProject - Direct modification of compileSourceRoots through add() is deprecated and will not work in Maven 4.0.0. Please use the add/remove methods instead. If you're using a plugin that causes this warning, please upgrade to the latest version and report an issue if the warning persists. To disable these warnings, set -Dmaven.project.sourceRoots.warningsDisabled=true on the command line, in the .mvn/maven.config file, or in project POM properties.
2026-08-19 17:05:42,983 [Worker-23: Building] WARN  o.apache.maven.project.MavenProject - Direct modification of testCompileSourceRoots through clear() is deprecated and will not work in Maven 4.0.0. Please use the add/remove methods instead. If you're using a plugin that causes this warning, please upgrade to the latest version and report an issue if the warning persists. To disable these warnings, set -Dmaven.project.sourceRoots.warningsDisabled=true on the command line, in the .mvn/maven.config file, or in project POM properties.
2026-08-19 17:05:42,983 [Worker-23: Building] WARN  o.apache.maven.project.MavenProject - Direct modification of testCompileSourceRoots through add() is deprecated and will not work in Maven 4.0.0. Please use the add/remove methods instead. If you're using a plugin that causes this warning, please upgrade to the latest version and report an issue if the warning persists. To disable these warnings, set -Dmaven.project.sourceRoots.warningsDisabled=true on the command line, in the .mvn/maven.config file, or in project POM properties.
2026-08-19 17:06:42,444 [Worker-26: Building] INFO  o.a.m.s.f.DefaultMavenResourcesFiltering - Copying 0 resource from src\main\resources to target\classes
2026-08-19 17:06:42,445 [Worker-26: Building] INFO  o.a.m.s.f.DefaultMavenResourcesFiltering - Copying 0 resource from src\main\resources to target\classes
2026-08-19 17:06:42,446 [Worker-26: Building] INFO  o.a.m.s.f.DefaultMavenResourcesFiltering - skip non existing resourceDirectory C:\SOA\Skill3\signupmodule\src\test\resources
2026-08-19 17:06:42,452 [Worker-26: Building] WARN  Sisu - Error injecting: org.apache.maven.plugins.war.WarMojo
com.google.inject.ProvisionException: Unable to provision, see the following errors:

1) [Guice/ErrorInCustomProvider]: OutOfScopeException: Cannot access session scope outside of a scoping block
  at SessionScopeModule.configure(SessionScopeModule.java:55)
      \_ installed by: WireModule -> SessionScopeModule
  at WarMojo.<init>(WarMojo.java:142)
      \_ for 6th parameter
  while locating WarMojo

Learn more:
  https://github.com/google/guice/wiki/ERROR_IN_CUSTOM_PROVIDER

1 error

======================
Full classname legend:
======================
OutOfScopeException: "com.google.inject.OutOfScopeException"
SessionScopeModule:  "org.apache.maven.session.scope.internal.SessionScopeModule"
WarMojo:             "org.apache.maven.plugins.war.WarMojo"
WireModule:          "org.eclipse.sisu.wire.WireModule"
========================
End of classname legend:
========================

	at com.google.inject.internal.InternalProvisionException.toProvisionException(InternalProvisionException.java:251)
	at com.google.inject.internal.InjectorImpl$1.get(InjectorImpl.java:1104)
	at com.google.inject.internal.InjectorImpl.getInstance(InjectorImpl.java:1139)
	at org.eclipse.sisu.space.AbstractDeferredClass.get(AbstractDeferredClass.java:50)
	at com.google.inject.internal.ProviderInternalFactory.provision(ProviderInternalFactory.java:86)
	at com.google.inject.internal.InternalFactoryToInitializableAdapter.provision(InternalFactoryToInitializableAdapter.java:57)
	at com.google.inject.internal.ProviderInternalFactory$1.call(ProviderInternalFactory.java:67)
	at com.google.inject.internal.ProvisionListenerStackCallback$Provision.provision(ProvisionListenerStackCallback.java:109)
	at com.google.inject.internal.ProvisionListenerStackCallback$Provision.provision(ProvisionListenerStackCallback.java:124)
	at com.google.inject.internal.ProvisionListenerStackCallback.provision(ProvisionListenerStackCallback.java:66)
	at com.google.inject.internal.ProviderInternalFactory.circularGet(ProviderInternalFactory.java:62)
	at com.google.inject.internal.InternalFactoryToInitializableAdapter.get(InternalFactoryToInitializableAdapter.java:47)
	at com.google.inject.internal.InjectorImpl$1.get(InjectorImpl.java:1101)
	at org.eclipse.sisu.inject.Guice4$2.get(Guice4.java:235)
	at org.eclipse.sisu.inject.LazyBeanEntry.getValue(LazyBeanEntry.java:83)
	at org.eclipse.sisu.plexus.LazyPlexusBean.getValue(LazyPlexusBean.java:53)
	at org.codehaus.plexus.DefaultPlexusContainer.lookup(DefaultPlexusContainer.java:267)
	at org.codehaus.plexus.DefaultPlexusContainer.lookup(DefaultPlexusContainer.java:259)
	at org.apache.maven.plugin.internal.DefaultMavenPluginManager.getConfiguredMojo(DefaultMavenPluginManager.java:491)
	at org.eclipse.m2e.core.internal.embedder.MavenImpl.getConfiguredMojo(MavenImpl.java:215)
	at org.eclipse.m2e.mavenarchiver.internal.AbstractMavenArchiverConfigurator.reflectManifestGeneration(AbstractMavenArchiverConfigurator.java:439)
	at org.eclipse.m2e.mavenarchiver.internal.AbstractMavenArchiverConfigurator.lambda$3(AbstractMavenArchiverConfigurator.java:398)
	at org.eclipse.m2e.core.internal.embedder.MavenExecutionContext.executeBare(MavenExecutionContext.java:462)
	at org.eclipse.m2e.core.internal.embedder.MavenExecutionContext.execute(MavenExecutionContext.java:342)
	at org.eclipse.m2e.core.internal.embedder.MavenExecutionContext.execute(MavenExecutionContext.java:281)
	at org.eclipse.m2e.mavenarchiver.internal.AbstractMavenArchiverConfigurator.generateManifest(AbstractMavenArchiverConfigurator.java:371)
	at org.eclipse.m2e.mavenarchiver.internal.AbstractMavenArchiverConfigurator.mavenProjectChanged(AbstractMavenArchiverConfigurator.java:228)
	at org.eclipse.m2e.mavenarchiver.internal.AbstractMavenArchiverConfigurator$1.build(AbstractMavenArchiverConfigurator.java:178)
	at org.eclipse.m2e.core.internal.builder.MavenBuilderImpl.lambda$2(MavenBuilderImpl.java:159)
	at java.base/java.util.LinkedHashMap.forEach(LinkedHashMap.java:987)
	at org.eclipse.m2e.core.internal.builder.MavenBuilderImpl.build(MavenBuilderImpl.java:139)
	at org.eclipse.m2e.core.internal.builder.MavenBuilder$1.method(MavenBuilder.java:164)
	at org.eclipse.m2e.core.internal.builder.MavenBuilder$1.method(MavenBuilder.java:1)
	at org.eclipse.m2e.core.internal.builder.MavenBuilder$BuildMethod.lambda$1(MavenBuilder.java:109)
	at org.eclipse.m2e.core.internal.embedder.MavenExecutionContext.executeBare(MavenExecutionContext.java:462)
	at org.eclipse.m2e.core.internal.embedder.MavenExecutionContext.execute(MavenExecutionContext.java:295)
	at org.eclipse.m2e.core.internal.builder.MavenBuilder$BuildMethod.lambda$0(MavenBuilder.java:100)
	at org.eclipse.m2e.core.internal.embedder.MavenExecutionContext.executeBare(MavenExecutionContext.java:462)
	at org.eclipse.m2e.core.internal.embedder.MavenExecutionContext.execute(MavenExecutionContext.java:342)
	at org.eclipse.m2e.core.internal.embedder.MavenExecutionContext.execute(MavenExecutionContext.java:281)
	at org.eclipse.m2e.core.internal.builder.MavenBuilder$BuildMethod.execute(MavenBuilder.java:83)
	at org.eclipse.m2e.core.internal.builder.MavenBuilder.build(MavenBuilder.java:192)
	at org.eclipse.core.internal.events.BuildManager$2.run(BuildManager.java:1109)
	at org.eclipse.core.runtime.SafeRunner.run(SafeRunner.java:47)
	at org.eclipse.core.internal.events.BuildManager.basicBuild(BuildManager.java:299)
	at org.eclipse.core.internal.events.BuildManager.basicBuild(BuildManager.java:355)
	at org.eclipse.core.internal.events.BuildManager$1.run(BuildManager.java:449)
	at org.eclipse.core.runtime.SafeRunner.run(SafeRunner.java:47)
	at org.eclipse.core.internal.events.BuildManager.basicBuild(BuildManager.java:452)
	at org.eclipse.core.internal.events.BuildManager.basicBuildLoop(BuildManager.java:564)
	at org.eclipse.core.internal.events.BuildManager.basicBuildLoop(BuildManager.java:512)
	at org.eclipse.core.internal.events.BuildManager.build(BuildManager.java:594)
	at org.eclipse.core.internal.events.AutoBuildJob.doBuild(AutoBuildJob.java:208)
	at org.eclipse.core.internal.events.AutoBuildJob.run(AutoBuildJob.java:309)
	at org.eclipse.core.internal.jobs.Worker.run(Worker.java:63)
Caused by: com.google.inject.OutOfScopeException: Cannot access session scope outside of a scoping block
	at org.apache.maven.session.scope.internal.SessionScope.getScopeState(SessionScope.java:70)
	at org.apache.maven.session.scope.internal.SessionScope.lambda$scope$2(SessionScope.java:92)
	at com.google.inject.internal.InternalFactoryToProviderAdapter.get(InternalFactoryToProviderAdapter.java:45)
	at com.google.inject.internal.SingleParameterInjector.inject(SingleParameterInjector.java:40)
	at com.google.inject.internal.SingleParameterInjector.getAll(SingleParameterInjector.java:60)
	at com.google.inject.internal.ConstructorInjector.provision(ConstructorInjector.java:113)
	at com.google.inject.internal.ConstructorInjector.access$000(ConstructorInjector.java:33)
	at com.google.inject.internal.ConstructorInjector$1.call(ConstructorInjector.java:98)
	at com.google.inject.internal.ProvisionListenerStackCallback$Provision.provision(ProvisionListenerStackCallback.java:109)
	at com.google.inject.internal.ProvisionListenerStackCallback$Provision.provision(ProvisionListenerStackCallback.java:124)
	at com.google.inject.internal.ProvisionListenerStackCallback.provision(ProvisionListenerStackCallback.java:66)
	at com.google.inject.internal.ConstructorInjector.construct(ConstructorInjector.java:93)
	at com.google.inject.internal.ConstructorBindingImpl$Factory.get(ConstructorBindingImpl.java:300)
	at com.google.inject.internal.InjectorImpl$1.get(InjectorImpl.java:1101)
	... 53 common frames omitted
2026-08-19 17:06:42,456 [Worker-26: Building] WARN  o.apache.maven.project.MavenProject - Direct modification of compileSourceRoots through clear() is deprecated and will not work in Maven 4.0.0. Please use the add/remove methods instead. If you're using a plugin that causes this warning, please upgrade to the latest version and report an issue if the warning persists. To disable these warnings, set -Dmaven.project.sourceRoots.warningsDisabled=true on the command line, in the .mvn/maven.config file, or in project POM properties.
2026-08-19 17:06:42,457 [Worker-26: Building] WARN  o.apache.maven.project.MavenProject - Direct modification of compileSourceRoots through add() is deprecated and will not work in Maven 4.0.0. Please use the add/remove methods instead. If you're using a plugin that causes this warning, please upgrade to the latest version and report an issue if the warning persists. To disable these warnings, set -Dmaven.project.sourceRoots.warningsDisabled=true on the command line, in the .mvn/maven.config file, or in project POM properties.
2026-08-19 17:06:42,457 [Worker-26: Building] WARN  o.apache.maven.project.MavenProject - Direct modification of testCompileSourceRoots through clear() is deprecated and will not work in Maven 4.0.0. Please use the add/remove methods instead. If you're using a plugin that causes this warning, please upgrade to the latest version and report an issue if the warning persists. To disable these warnings, set -Dmaven.project.sourceRoots.warningsDisabled=true on the command line, in the .mvn/maven.config file, or in project POM properties.
2026-08-19 17:06:42,458 [Worker-26: Building] WARN  o.apache.maven.project.MavenProject - Direct modification of testCompileSourceRoots through add() is deprecated and will not work in Maven 4.0.0. Please use the add/remove methods instead. If you're using a plugin that causes this warning, please upgrade to the latest version and report an issue if the warning persists. To disable these warnings, set -Dmaven.project.sourceRoots.warningsDisabled=true on the command line, in the .mvn/maven.config file, or in project POM properties.
2026-08-19 17:06:44,577 [Worker-27: Building] INFO  o.a.m.s.f.DefaultMavenResourcesFiltering - Copying 0 resource from src\main\resources to target\classes
2026-08-19 17:06:44,578 [Worker-27: Building] INFO  o.a.m.s.f.DefaultMavenResourcesFiltering - Copying 0 resource from src\main\resources to target\classes
2026-08-19 17:06:44,580 [Worker-27: Building] INFO  o.a.m.s.f.DefaultMavenResourcesFiltering - skip non existing resourceDirectory C:\SOA\Skill3\signupmodule\src\test\resources
2026-08-19 17:06:44,586 [Worker-27: Building] WARN  Sisu - Error injecting: org.apache.maven.plugins.war.WarMojo
com.google.inject.ProvisionException: Unable to provision, see the following errors:

1) [Guice/ErrorInCustomProvider]: OutOfScopeException: Cannot access session scope outside of a scoping block
  at SessionScopeModule.configure(SessionScopeModule.java:55)
      \_ installed by: WireModule -> SessionScopeModule
  at WarMojo.<init>(WarMojo.java:142)
      \_ for 6th parameter
  while locating WarMojo

Learn more:
  https://github.com/google/guice/wiki/ERROR_IN_CUSTOM_PROVIDER

1 error

======================
Full classname legend:
======================
OutOfScopeException: "com.google.inject.OutOfScopeException"
SessionScopeModule:  "org.apache.maven.session.scope.internal.SessionScopeModule"
WarMojo:             "org.apache.maven.plugins.war.WarMojo"
WireModule:          "org.eclipse.sisu.wire.WireModule"
========================
End of classname legend:
========================

	at com.google.inject.internal.InternalProvisionException.toProvisionException(InternalProvisionException.java:251)
	at com.google.inject.internal.InjectorImpl$1.get(InjectorImpl.java:1104)
	at com.google.inject.internal.InjectorImpl.getInstance(InjectorImpl.java:1139)
	at org.eclipse.sisu.space.AbstractDeferredClass.get(AbstractDeferredClass.java:50)
	at com.google.inject.internal.ProviderInternalFactory.provision(ProviderInternalFactory.java:86)
	at com.google.inject.internal.InternalFactoryToInitializableAdapter.provision(InternalFactoryToInitializableAdapter.java:57)
	at com.google.inject.internal.ProviderInternalFactory$1.call(ProviderInternalFactory.java:67)
	at com.google.inject.internal.ProvisionListenerStackCallback$Provision.provision(ProvisionListenerStackCallback.java:109)
	at com.google.inject.internal.ProvisionListenerStackCallback$Provision.provision(ProvisionListenerStackCallback.java:124)
	at com.google.inject.internal.ProvisionListenerStackCallback.provision(ProvisionListenerStackCallback.java:66)
	at com.google.inject.internal.ProviderInternalFactory.circularGet(ProviderInternalFactory.java:62)
	at com.google.inject.internal.InternalFactoryToInitializableAdapter.get(InternalFactoryToInitializableAdapter.java:47)
	at com.google.inject.internal.InjectorImpl$1.get(InjectorImpl.java:1101)
	at org.eclipse.sisu.inject.Guice4$2.get(Guice4.java:235)
	at org.eclipse.sisu.inject.LazyBeanEntry.getValue(LazyBeanEntry.java:83)
	at org.eclipse.sisu.plexus.LazyPlexusBean.getValue(LazyPlexusBean.java:53)
	at org.codehaus.plexus.DefaultPlexusContainer.lookup(DefaultPlexusContainer.java:267)
	at org.codehaus.plexus.DefaultPlexusContainer.lookup(DefaultPlexusContainer.java:259)
	at org.apache.maven.plugin.internal.DefaultMavenPluginManager.getConfiguredMojo(DefaultMavenPluginManager.java:491)
	at org.eclipse.m2e.core.internal.embedder.MavenImpl.getConfiguredMojo(MavenImpl.java:215)
	at org.eclipse.m2e.mavenarchiver.internal.AbstractMavenArchiverConfigurator.reflectManifestGeneration(AbstractMavenArchiverConfigurator.java:439)
	at org.eclipse.m2e.mavenarchiver.internal.AbstractMavenArchiverConfigurator.lambda$3(AbstractMavenArchiverConfigurator.java:398)
	at org.eclipse.m2e.core.internal.embedder.MavenExecutionContext.executeBare(MavenExecutionContext.java:462)
	at org.eclipse.m2e.core.internal.embedder.MavenExecutionContext.execute(MavenExecutionContext.java:342)
	at org.eclipse.m2e.core.internal.embedder.MavenExecutionContext.execute(MavenExecutionContext.java:281)
	at org.eclipse.m2e.mavenarchiver.internal.AbstractMavenArchiverConfigurator.generateManifest(AbstractMavenArchiverConfigurator.java:371)
	at org.eclipse.m2e.mavenarchiver.internal.AbstractMavenArchiverConfigurator.mavenProjectChanged(AbstractMavenArchiverConfigurator.java:228)
	at org.eclipse.m2e.mavenarchiver.internal.AbstractMavenArchiverConfigurator$1.build(AbstractMavenArchiverConfigurator.java:178)
	at org.eclipse.m2e.core.internal.builder.MavenBuilderImpl.lambda$2(MavenBuilderImpl.java:159)
	at java.base/java.util.LinkedHashMap.forEach(LinkedHashMap.java:987)
	at org.eclipse.m2e.core.internal.builder.MavenBuilderImpl.build(MavenBuilderImpl.java:139)
	at org.eclipse.m2e.core.internal.builder.MavenBuilder$1.method(MavenBuilder.java:164)
	at org.eclipse.m2e.core.internal.builder.MavenBuilder$1.method(MavenBuilder.java:1)
	at org.eclipse.m2e.core.internal.builder.MavenBuilder$BuildMethod.lambda$1(MavenBuilder.java:109)
	at org.eclipse.m2e.core.internal.embedder.MavenExecutionContext.executeBare(MavenExecutionContext.java:462)
	at org.eclipse.m2e.core.internal.embedder.MavenExecutionContext.execute(MavenExecutionContext.java:295)
	at org.eclipse.m2e.core.internal.builder.MavenBuilder$BuildMethod.lambda$0(MavenBuilder.java:100)
	at org.eclipse.m2e.core.internal.embedder.MavenExecutionContext.executeBare(MavenExecutionContext.java:462)
	at org.eclipse.m2e.core.internal.embedder.MavenExecutionContext.execute(MavenExecutionContext.java:342)
	at org.eclipse.m2e.core.internal.embedder.MavenExecutionContext.execute(MavenExecutionContext.java:281)
	at org.eclipse.m2e.core.internal.builder.MavenBuilder$BuildMethod.execute(MavenBuilder.java:83)
	at org.eclipse.m2e.core.internal.builder.MavenBuilder.build(MavenBuilder.java:192)
	at org.eclipse.core.internal.events.BuildManager$2.run(BuildManager.java:1109)
	at org.eclipse.core.runtime.SafeRunner.run(SafeRunner.java:47)
	at org.eclipse.core.internal.events.BuildManager.basicBuild(BuildManager.java:299)
	at org.eclipse.core.internal.events.BuildManager.basicBuild(BuildManager.java:355)
	at org.eclipse.core.internal.events.BuildManager$1.run(BuildManager.java:449)
	at org.eclipse.core.runtime.SafeRunner.run(SafeRunner.java:47)
	at org.eclipse.core.internal.events.BuildManager.basicBuild(BuildManager.java:452)
	at org.eclipse.core.internal.events.BuildManager.basicBuildLoop(BuildManager.java:564)
	at org.eclipse.core.internal.events.BuildManager.basicBuildLoop(BuildManager.java:512)
	at org.eclipse.core.internal.events.BuildManager.build(BuildManager.java:594)
	at org.eclipse.core.internal.events.AutoBuildJob.doBuild(AutoBuildJob.java:208)
	at org.eclipse.core.internal.events.AutoBuildJob.run(AutoBuildJob.java:309)
	at org.eclipse.core.internal.jobs.Worker.run(Worker.java:63)
Caused by: com.google.inject.OutOfScopeException: Cannot access session scope outside of a scoping block
	at org.apache.maven.session.scope.internal.SessionScope.getScopeState(SessionScope.java:70)
	at org.apache.maven.session.scope.internal.SessionScope.lambda$scope$2(SessionScope.java:92)
	at com.google.inject.internal.InternalFactoryToProviderAdapter.get(InternalFactoryToProviderAdapter.java:45)
	at com.google.inject.internal.SingleParameterInjector.inject(SingleParameterInjector.java:40)
	at com.google.inject.internal.SingleParameterInjector.getAll(SingleParameterInjector.java:60)
	at com.google.inject.internal.ConstructorInjector.provision(ConstructorInjector.java:113)
	at com.google.inject.internal.ConstructorInjector.access$000(ConstructorInjector.java:33)
	at com.google.inject.internal.ConstructorInjector$1.call(ConstructorInjector.java:98)
	at com.google.inject.internal.ProvisionListenerStackCallback$Provision.provision(ProvisionListenerStackCallback.java:109)
	at com.google.inject.internal.ProvisionListenerStackCallback$Provision.provision(ProvisionListenerStackCallback.java:124)
	at com.google.inject.internal.ProvisionListenerStackCallback.provision(ProvisionListenerStackCallback.java:66)
	at com.google.inject.internal.ConstructorInjector.construct(ConstructorInjector.java:93)
	at com.google.inject.internal.ConstructorBindingImpl$Factory.get(ConstructorBindingImpl.java:300)
	at com.google.inject.internal.InjectorImpl$1.get(InjectorImpl.java:1101)
	... 53 common frames omitted
2026-08-19 17:06:44,589 [Worker-27: Building] WARN  o.apache.maven.project.MavenProject - Direct modification of compileSourceRoots through clear() is deprecated and will not work in Maven 4.0.0. Please use the add/remove methods instead. If you're using a plugin that causes this warning, please upgrade to the latest version and report an issue if the warning persists. To disable these warnings, set -Dmaven.project.sourceRoots.warningsDisabled=true on the command line, in the .mvn/maven.config file, or in project POM properties.
2026-08-19 17:06:44,589 [Worker-27: Building] WARN  o.apache.maven.project.MavenProject - Direct modification of compileSourceRoots through add() is deprecated and will not work in Maven 4.0.0. Please use the add/remove methods instead. If you're using a plugin that causes this warning, please upgrade to the latest version and report an issue if the warning persists. To disable these warnings, set -Dmaven.project.sourceRoots.warningsDisabled=true on the command line, in the .mvn/maven.config file, or in project POM properties.
2026-08-19 17:06:44,590 [Worker-27: Building] WARN  o.apache.maven.project.MavenProject - Direct modification of testCompileSourceRoots through clear() is deprecated and will not work in Maven 4.0.0. Please use the add/remove methods instead. If you're using a plugin that causes this warning, please upgrade to the latest version and report an issue if the warning persists. To disable these warnings, set -Dmaven.project.sourceRoots.warningsDisabled=true on the command line, in the .mvn/maven.config file, or in project POM properties.
2026-08-19 17:06:44,590 [Worker-27: Building] WARN  o.apache.maven.project.MavenProject - Direct modification of testCompileSourceRoots through add() is deprecated and will not work in Maven 4.0.0. Please use the add/remove methods instead. If you're using a plugin that causes this warning, please upgrade to the latest version and report an issue if the warning persists. To disable these warnings, set -Dmaven.project.sourceRoots.warningsDisabled=true on the command line, in the .mvn/maven.config file, or in project POM properties.
2026-08-19 17:07:20,223 [Worker-27: Building] INFO  o.a.m.s.f.DefaultMavenResourcesFiltering - Copying 0 resource from src\main\resources to target\classes
2026-08-19 17:07:20,224 [Worker-27: Building] INFO  o.a.m.s.f.DefaultMavenResourcesFiltering - Copying 0 resource from src\main\resources to target\classes
2026-08-19 17:07:20,226 [Worker-27: Building] INFO  o.a.m.s.f.DefaultMavenResourcesFiltering - skip non existing resourceDirectory C:\SOA\Skill3\signupmodule\src\test\resources
2026-08-19 17:07:20,232 [Worker-27: Building] WARN  Sisu - Error injecting: org.apache.maven.plugins.war.WarMojo
com.google.inject.ProvisionException: Unable to provision, see the following errors:

1) [Guice/ErrorInCustomProvider]: OutOfScopeException: Cannot access session scope outside of a scoping block
  at SessionScopeModule.configure(SessionScopeModule.java:55)
      \_ installed by: WireModule -> SessionScopeModule
  at WarMojo.<init>(WarMojo.java:142)
      \_ for 6th parameter
  while locating WarMojo

Learn more:
  https://github.com/google/guice/wiki/ERROR_IN_CUSTOM_PROVIDER

1 error

======================
Full classname legend:
======================
OutOfScopeException: "com.google.inject.OutOfScopeException"
SessionScopeModule:  "org.apache.maven.session.scope.internal.SessionScopeModule"
WarMojo:             "org.apache.maven.plugins.war.WarMojo"
WireModule:          "org.eclipse.sisu.wire.WireModule"
========================
End of classname legend:
========================

	at com.google.inject.internal.InternalProvisionException.toProvisionException(InternalProvisionException.java:251)
	at com.google.inject.internal.InjectorImpl$1.get(InjectorImpl.java:1104)
	at com.google.inject.internal.InjectorImpl.getInstance(InjectorImpl.java:1139)
	at org.eclipse.sisu.space.AbstractDeferredClass.get(AbstractDeferredClass.java:50)
	at com.google.inject.internal.ProviderInternalFactory.provision(ProviderInternalFactory.java:86)
	at com.google.inject.internal.InternalFactoryToInitializableAdapter.provision(InternalFactoryToInitializableAdapter.java:57)
	at com.google.inject.internal.ProviderInternalFactory$1.call(ProviderInternalFactory.java:67)
	at com.google.inject.internal.ProvisionListenerStackCallback$Provision.provision(ProvisionListenerStackCallback.java:109)
	at com.google.inject.internal.ProvisionListenerStackCallback$Provision.provision(ProvisionListenerStackCallback.java:124)
	at com.google.inject.internal.ProvisionListenerStackCallback.provision(ProvisionListenerStackCallback.java:66)
	at com.google.inject.internal.ProviderInternalFactory.circularGet(ProviderInternalFactory.java:62)
	at com.google.inject.internal.InternalFactoryToInitializableAdapter.get(InternalFactoryToInitializableAdapter.java:47)
	at com.google.inject.internal.InjectorImpl$1.get(InjectorImpl.java:1101)
	at org.eclipse.sisu.inject.Guice4$2.get(Guice4.java:235)
	at org.eclipse.sisu.inject.LazyBeanEntry.getValue(LazyBeanEntry.java:83)
	at org.eclipse.sisu.plexus.LazyPlexusBean.getValue(LazyPlexusBean.java:53)
	at org.codehaus.plexus.DefaultPlexusContainer.lookup(DefaultPlexusContainer.java:267)
	at org.codehaus.plexus.DefaultPlexusContainer.lookup(DefaultPlexusContainer.java:259)
	at org.apache.maven.plugin.internal.DefaultMavenPluginManager.getConfiguredMojo(DefaultMavenPluginManager.java:491)
	at org.eclipse.m2e.core.internal.embedder.MavenImpl.getConfiguredMojo(MavenImpl.java:215)
	at org.eclipse.m2e.mavenarchiver.internal.AbstractMavenArchiverConfigurator.reflectManifestGeneration(AbstractMavenArchiverConfigurator.java:439)
	at org.eclipse.m2e.mavenarchiver.internal.AbstractMavenArchiverConfigurator.lambda$3(AbstractMavenArchiverConfigurator.java:398)
	at org.eclipse.m2e.core.internal.embedder.MavenExecutionContext.executeBare(MavenExecutionContext.java:462)
	at org.eclipse.m2e.core.internal.embedder.MavenExecutionContext.execute(MavenExecutionContext.java:342)
	at org.eclipse.m2e.core.internal.embedder.MavenExecutionContext.execute(MavenExecutionContext.java:281)
	at org.eclipse.m2e.mavenarchiver.internal.AbstractMavenArchiverConfigurator.generateManifest(AbstractMavenArchiverConfigurator.java:371)
	at org.eclipse.m2e.mavenarchiver.internal.AbstractMavenArchiverConfigurator.mavenProjectChanged(AbstractMavenArchiverConfigurator.java:228)
	at org.eclipse.m2e.mavenarchiver.internal.AbstractMavenArchiverConfigurator$1.build(AbstractMavenArchiverConfigurator.java:178)
	at org.eclipse.m2e.core.internal.builder.MavenBuilderImpl.lambda$2(MavenBuilderImpl.java:159)
	at java.base/java.util.LinkedHashMap.forEach(LinkedHashMap.java:987)
	at org.eclipse.m2e.core.internal.builder.MavenBuilderImpl.build(MavenBuilderImpl.java:139)
	at org.eclipse.m2e.core.internal.builder.MavenBuilder$1.method(MavenBuilder.java:164)
	at org.eclipse.m2e.core.internal.builder.MavenBuilder$1.method(MavenBuilder.java:1)
	at org.eclipse.m2e.core.internal.builder.MavenBuilder$BuildMethod.lambda$1(MavenBuilder.java:109)
	at org.eclipse.m2e.core.internal.embedder.MavenExecutionContext.executeBare(MavenExecutionContext.java:462)
	at org.eclipse.m2e.core.internal.embedder.MavenExecutionContext.execute(MavenExecutionContext.java:295)
	at org.eclipse.m2e.core.internal.builder.MavenBuilder$BuildMethod.lambda$0(MavenBuilder.java:100)
	at org.eclipse.m2e.core.internal.embedder.MavenExecutionContext.executeBare(MavenExecutionContext.java:462)
	at org.eclipse.m2e.core.internal.embedder.MavenExecutionContext.execute(MavenExecutionContext.java:342)
	at org.eclipse.m2e.core.internal.embedder.MavenExecutionContext.execute(MavenExecutionContext.java:281)
	at org.eclipse.m2e.core.internal.builder.MavenBuilder$BuildMethod.execute(MavenBuilder.java:83)
	at org.eclipse.m2e.core.internal.builder.MavenBuilder.build(MavenBuilder.java:192)
	at org.eclipse.core.internal.events.BuildManager$2.run(BuildManager.java:1109)
	at org.eclipse.core.runtime.SafeRunner.run(SafeRunner.java:47)
	at org.eclipse.core.internal.events.BuildManager.basicBuild(BuildManager.java:299)
	at org.eclipse.core.internal.events.BuildManager.basicBuild(BuildManager.java:355)
	at org.eclipse.core.internal.events.BuildManager$1.run(BuildManager.java:449)
	at org.eclipse.core.runtime.SafeRunner.run(SafeRunner.java:47)
	at org.eclipse.core.internal.events.BuildManager.basicBuild(BuildManager.java:452)
	at org.eclipse.core.internal.events.BuildManager.basicBuildLoop(BuildManager.java:564)
	at org.eclipse.core.internal.events.BuildManager.basicBuildLoop(BuildManager.java:512)
	at org.eclipse.core.internal.events.BuildManager.build(BuildManager.java:594)
	at org.eclipse.core.internal.events.AutoBuildJob.doBuild(AutoBuildJob.java:208)
	at org.eclipse.core.internal.events.AutoBuildJob.run(AutoBuildJob.java:309)
	at org.eclipse.core.internal.jobs.Worker.run(Worker.java:63)
Caused by: com.google.inject.OutOfScopeException: Cannot access session scope outside of a scoping block
	at org.apache.maven.session.scope.internal.SessionScope.getScopeState(SessionScope.java:70)
	at org.apache.maven.session.scope.internal.SessionScope.lambda$scope$2(SessionScope.java:92)
	at com.google.inject.internal.InternalFactoryToProviderAdapter.get(InternalFactoryToProviderAdapter.java:45)
	at com.google.inject.internal.SingleParameterInjector.inject(SingleParameterInjector.java:40)
	at com.google.inject.internal.SingleParameterInjector.getAll(SingleParameterInjector.java:60)
	at com.google.inject.internal.ConstructorInjector.provision(ConstructorInjector.java:113)
	at com.google.inject.internal.ConstructorInjector.access$000(ConstructorInjector.java:33)
	at com.google.inject.internal.ConstructorInjector$1.call(ConstructorInjector.java:98)
	at com.google.inject.internal.ProvisionListenerStackCallback$Provision.provision(ProvisionListenerStackCallback.java:109)
	at com.google.inject.internal.ProvisionListenerStackCallback$Provision.provision(ProvisionListenerStackCallback.java:124)
	at com.google.inject.internal.ProvisionListenerStackCallback.provision(ProvisionListenerStackCallback.java:66)
	at com.google.inject.internal.ConstructorInjector.construct(ConstructorInjector.java:93)
	at com.google.inject.internal.ConstructorBindingImpl$Factory.get(ConstructorBindingImpl.java:300)
	at com.google.inject.internal.InjectorImpl$1.get(InjectorImpl.java:1101)
	... 53 common frames omitted
2026-08-19 17:07:20,235 [Worker-27: Building] WARN  o.apache.maven.project.MavenProject - Direct modification of compileSourceRoots through clear() is deprecated and will not work in Maven 4.0.0. Please use the add/remove methods instead. If you're using a plugin that causes this warning, please upgrade to the latest version and report an issue if the warning persists. To disable these warnings, set -Dmaven.project.sourceRoots.warningsDisabled=true on the command line, in the .mvn/maven.config file, or in project POM properties.
2026-08-19 17:07:20,236 [Worker-27: Building] WARN  o.apache.maven.project.MavenProject - Direct modification of compileSourceRoots through add() is deprecated and will not work in Maven 4.0.0. Please use the add/remove methods instead. If you're using a plugin that causes this warning, please upgrade to the latest version and report an issue if the warning persists. To disable these warnings, set -Dmaven.project.sourceRoots.warningsDisabled=true on the command line, in the .mvn/maven.config file, or in project POM properties.
2026-08-19 17:07:20,236 [Worker-27: Building] WARN  o.apache.maven.project.MavenProject - Direct modification of testCompileSourceRoots through clear() is deprecated and will not work in Maven 4.0.0. Please use the add/remove methods instead. If you're using a plugin that causes this warning, please upgrade to the latest version and report an issue if the warning persists. To disable these warnings, set -Dmaven.project.sourceRoots.warningsDisabled=true on the command line, in the .mvn/maven.config file, or in project POM properties.
2026-08-19 17:07:20,236 [Worker-27: Building] WARN  o.apache.maven.project.MavenProject - Direct modification of testCompileSourceRoots through add() is deprecated and will not work in Maven 4.0.0. Please use the add/remove methods instead. If you're using a plugin that causes this warning, please upgrade to the latest version and report an issue if the warning persists. To disable these warnings, set -Dmaven.project.sourceRoots.warningsDisabled=true on the command line, in the .mvn/maven.config file, or in project POM properties.
2026-08-19 17:09:00,523 [Worker-30: Building] INFO  o.a.m.s.f.DefaultMavenResourcesFiltering - Copying 0 resource from src\main\resources to target\classes
2026-08-19 17:09:00,524 [Worker-30: Building] INFO  o.a.m.s.f.DefaultMavenResourcesFiltering - Copying 0 resource from src\main\resources to target\classes
2026-08-19 17:09:00,526 [Worker-30: Building] INFO  o.a.m.s.f.DefaultMavenResourcesFiltering - skip non existing resourceDirectory C:\SOA\Skill3\signupmodule\src\test\resources
2026-08-19 17:09:00,533 [Worker-30: Building] WARN  Sisu - Error injecting: org.apache.maven.plugins.war.WarMojo
com.google.inject.ProvisionException: Unable to provision, see the following errors:

1) [Guice/ErrorInCustomProvider]: OutOfScopeException: Cannot access session scope outside of a scoping block
  at SessionScopeModule.configure(SessionScopeModule.java:55)
      \_ installed by: WireModule -> SessionScopeModule
  at WarMojo.<init>(WarMojo.java:142)
      \_ for 6th parameter
  while locating WarMojo

Learn more:
  https://github.com/google/guice/wiki/ERROR_IN_CUSTOM_PROVIDER

1 error

======================
Full classname legend:
======================
OutOfScopeException: "com.google.inject.OutOfScopeException"
SessionScopeModule:  "org.apache.maven.session.scope.internal.SessionScopeModule"
WarMojo:             "org.apache.maven.plugins.war.WarMojo"
WireModule:          "org.eclipse.sisu.wire.WireModule"
========================
End of classname legend:
========================

	at com.google.inject.internal.InternalProvisionException.toProvisionException(InternalProvisionException.java:251)
	at com.google.inject.internal.InjectorImpl$1.get(InjectorImpl.java:1104)
	at com.google.inject.internal.InjectorImpl.getInstance(InjectorImpl.java:1139)
	at org.eclipse.sisu.space.AbstractDeferredClass.get(AbstractDeferredClass.java:50)
	at com.google.inject.internal.ProviderInternalFactory.provision(ProviderInternalFactory.java:86)
	at com.google.inject.internal.InternalFactoryToInitializableAdapter.provision(InternalFactoryToInitializableAdapter.java:57)
	at com.google.inject.internal.ProviderInternalFactory$1.call(ProviderInternalFactory.java:67)
	at com.google.inject.internal.ProvisionListenerStackCallback$Provision.provision(ProvisionListenerStackCallback.java:109)
	at com.google.inject.internal.ProvisionListenerStackCallback$Provision.provision(ProvisionListenerStackCallback.java:124)
	at com.google.inject.internal.ProvisionListenerStackCallback.provision(ProvisionListenerStackCallback.java:66)
	at com.google.inject.internal.ProviderInternalFactory.circularGet(ProviderInternalFactory.java:62)
	at com.google.inject.internal.InternalFactoryToInitializableAdapter.get(InternalFactoryToInitializableAdapter.java:47)
	at com.google.inject.internal.InjectorImpl$1.get(InjectorImpl.java:1101)
	at org.eclipse.sisu.inject.Guice4$2.get(Guice4.java:235)
	at org.eclipse.sisu.inject.LazyBeanEntry.getValue(LazyBeanEntry.java:83)
	at org.eclipse.sisu.plexus.LazyPlexusBean.getValue(LazyPlexusBean.java:53)
	at org.codehaus.plexus.DefaultPlexusContainer.lookup(DefaultPlexusContainer.java:267)
	at org.codehaus.plexus.DefaultPlexusContainer.lookup(DefaultPlexusContainer.java:259)
	at org.apache.maven.plugin.internal.DefaultMavenPluginManager.getConfiguredMojo(DefaultMavenPluginManager.java:491)
	at org.eclipse.m2e.core.internal.embedder.MavenImpl.getConfiguredMojo(MavenImpl.java:215)
	at org.eclipse.m2e.mavenarchiver.internal.AbstractMavenArchiverConfigurator.reflectManifestGeneration(AbstractMavenArchiverConfigurator.java:439)
	at org.eclipse.m2e.mavenarchiver.internal.AbstractMavenArchiverConfigurator.lambda$3(AbstractMavenArchiverConfigurator.java:398)
	at org.eclipse.m2e.core.internal.embedder.MavenExecutionContext.executeBare(MavenExecutionContext.java:462)
	at org.eclipse.m2e.core.internal.embedder.MavenExecutionContext.execute(MavenExecutionContext.java:342)
	at org.eclipse.m2e.core.internal.embedder.MavenExecutionContext.execute(MavenExecutionContext.java:281)
	at org.eclipse.m2e.mavenarchiver.internal.AbstractMavenArchiverConfigurator.generateManifest(AbstractMavenArchiverConfigurator.java:371)
	at org.eclipse.m2e.mavenarchiver.internal.AbstractMavenArchiverConfigurator.mavenProjectChanged(AbstractMavenArchiverConfigurator.java:228)
	at org.eclipse.m2e.mavenarchiver.internal.AbstractMavenArchiverConfigurator$1.build(AbstractMavenArchiverConfigurator.java:178)
	at org.eclipse.m2e.core.internal.builder.MavenBuilderImpl.lambda$2(MavenBuilderImpl.java:159)
	at java.base/java.util.LinkedHashMap.forEach(LinkedHashMap.java:987)
	at org.eclipse.m2e.core.internal.builder.MavenBuilderImpl.build(MavenBuilderImpl.java:139)
	at org.eclipse.m2e.core.internal.builder.MavenBuilder$1.method(MavenBuilder.java:164)
	at org.eclipse.m2e.core.internal.builder.MavenBuilder$1.method(MavenBuilder.java:1)
	at org.eclipse.m2e.core.internal.builder.MavenBuilder$BuildMethod.lambda$1(MavenBuilder.java:109)
	at org.eclipse.m2e.core.internal.embedder.MavenExecutionContext.executeBare(MavenExecutionContext.java:462)
	at org.eclipse.m2e.core.internal.embedder.MavenExecutionContext.execute(MavenExecutionContext.java:295)
	at org.eclipse.m2e.core.internal.builder.MavenBuilder$BuildMethod.lambda$0(MavenBuilder.java:100)
	at org.eclipse.m2e.core.internal.embedder.MavenExecutionContext.executeBare(MavenExecutionContext.java:462)
	at org.eclipse.m2e.core.internal.embedder.MavenExecutionContext.execute(MavenExecutionContext.java:342)
	at org.eclipse.m2e.core.internal.embedder.MavenExecutionContext.execute(MavenExecutionContext.java:281)
	at org.eclipse.m2e.core.internal.builder.MavenBuilder$BuildMethod.execute(MavenBuilder.java:83)
	at org.eclipse.m2e.core.internal.builder.MavenBuilder.build(MavenBuilder.java:192)
	at org.eclipse.core.internal.events.BuildManager$2.run(BuildManager.java:1109)
	at org.eclipse.core.runtime.SafeRunner.run(SafeRunner.java:47)
	at org.eclipse.core.internal.events.BuildManager.basicBuild(BuildManager.java:299)
	at org.eclipse.core.internal.events.BuildManager.basicBuild(BuildManager.java:355)
	at org.eclipse.core.internal.events.BuildManager$1.run(BuildManager.java:449)
	at org.eclipse.core.runtime.SafeRunner.run(SafeRunner.java:47)
	at org.eclipse.core.internal.events.BuildManager.basicBuild(BuildManager.java:452)
	at org.eclipse.core.internal.events.BuildManager.basicBuildLoop(BuildManager.java:564)
	at org.eclipse.core.internal.events.BuildManager.basicBuildLoop(BuildManager.java:512)
	at org.eclipse.core.internal.events.BuildManager.build(BuildManager.java:594)
	at org.eclipse.core.internal.events.AutoBuildJob.doBuild(AutoBuildJob.java:208)
	at org.eclipse.core.internal.events.AutoBuildJob.run(AutoBuildJob.java:309)
	at org.eclipse.core.internal.jobs.Worker.run(Worker.java:63)
Caused by: com.google.inject.OutOfScopeException: Cannot access session scope outside of a scoping block
	at org.apache.maven.session.scope.internal.SessionScope.getScopeState(SessionScope.java:70)
	at org.apache.maven.session.scope.internal.SessionScope.lambda$scope$2(SessionScope.java:92)
	at com.google.inject.internal.InternalFactoryToProviderAdapter.get(InternalFactoryToProviderAdapter.java:45)
	at com.google.inject.internal.SingleParameterInjector.inject(SingleParameterInjector.java:40)
	at com.google.inject.internal.SingleParameterInjector.getAll(SingleParameterInjector.java:60)
	at com.google.inject.internal.ConstructorInjector.provision(ConstructorInjector.java:113)
	at com.google.inject.internal.ConstructorInjector.access$000(ConstructorInjector.java:33)
	at com.google.inject.internal.ConstructorInjector$1.call(ConstructorInjector.java:98)
	at com.google.inject.internal.ProvisionListenerStackCallback$Provision.provision(ProvisionListenerStackCallback.java:109)
	at com.google.inject.internal.ProvisionListenerStackCallback$Provision.provision(ProvisionListenerStackCallback.java:124)
	at com.google.inject.internal.ProvisionListenerStackCallback.provision(ProvisionListenerStackCallback.java:66)
	at com.google.inject.internal.ConstructorInjector.construct(ConstructorInjector.java:93)
	at com.google.inject.internal.ConstructorBindingImpl$Factory.get(ConstructorBindingImpl.java:300)
	at com.google.inject.internal.InjectorImpl$1.get(InjectorImpl.java:1101)
	... 53 common frames omitted
2026-08-19 17:09:00,537 [Worker-30: Building] WARN  o.apache.maven.project.MavenProject - Direct modification of compileSourceRoots through clear() is deprecated and will not work in Maven 4.0.0. Please use the add/remove methods instead. If you're using a plugin that causes this warning, please upgrade to the latest version and report an issue if the warning persists. To disable these warnings, set -Dmaven.project.sourceRoots.warningsDisabled=true on the command line, in the .mvn/maven.config file, or in project POM properties.
2026-08-19 17:09:00,537 [Worker-30: Building] WARN  o.apache.maven.project.MavenProject - Direct modification of compileSourceRoots through add() is deprecated and will not work in Maven 4.0.0. Please use the add/remove methods instead. If you're using a plugin that causes this warning, please upgrade to the latest version and report an issue if the warning persists. To disable these warnings, set -Dmaven.project.sourceRoots.warningsDisabled=true on the command line, in the .mvn/maven.config file, or in project POM properties.
2026-08-19 17:09:00,538 [Worker-30: Building] WARN  o.apache.maven.project.MavenProject - Direct modification of testCompileSourceRoots through clear() is deprecated and will not work in Maven 4.0.0. Please use the add/remove methods instead. If you're using a plugin that causes this warning, please upgrade to the latest version and report an issue if the warning persists. To disable these warnings, set -Dmaven.project.sourceRoots.warningsDisabled=true on the command line, in the .mvn/maven.config file, or in project POM properties.
2026-08-19 17:09:00,539 [Worker-30: Building] WARN  o.apache.maven.project.MavenProject - Direct modification of testCompileSourceRoots through add() is deprecated and will not work in Maven 4.0.0. Please use the add/remove methods instead. If you're using a plugin that causes this warning, please upgrade to the latest version and report an issue if the warning persists. To disable these warnings, set -Dmaven.project.sourceRoots.warningsDisabled=true on the command line, in the .mvn/maven.config file, or in project POM properties.
2026-08-19 17:12:39,000 [Worker-27: Import Getting Started Content] INFO  o.e.m.c.i.l.LifecycleMappingFactory - Using org.maven.ide.eclipse.wtp.WarLifecycleMapping lifecycle mapping for MavenProject: soa:eurekaserver:0.0.1-SNAPSHOT @ C:\SOA\Skill3\eurekaserver\pom.xml.
2026-08-19 17:12:41,466 [Worker-27: Import Getting Started Content] INFO  o.e.m.j.i.AbstractJavaProjectConfigurator - Adding source folder /eurekaserver/src/main/java
2026-08-19 17:12:41,467 [Worker-27: Import Getting Started Content] INFO  o.e.m.j.i.AbstractJavaProjectConfigurator - Adding resource folder /eurekaserver/src/main/resources
2026-08-19 17:12:41,470 [Worker-27: Import Getting Started Content] INFO  o.e.m.j.i.AbstractJavaProjectConfigurator - Adding resource folder /eurekaserver/src/main/resources
2026-08-19 17:12:41,478 [Worker-27: Import Getting Started Content] INFO  o.e.m.j.i.AbstractJavaProjectConfigurator - Adding source folder /eurekaserver/src/test/java
2026-08-19 17:12:41,479 [Worker-27: Import Getting Started Content] INFO  o.e.m.j.i.AbstractJavaProjectConfigurator - Adding resource folder /eurekaserver/src/test/resources
2026-08-19 17:12:44,321 [Worker-27: Import Getting Started Content] WARN  o.apache.maven.project.MavenProject - Direct modification of compileSourceRoots through clear() is deprecated and will not work in Maven 4.0.0. Please use the add/remove methods instead. If you're using a plugin that causes this warning, please upgrade to the latest version and report an issue if the warning persists. To disable these warnings, set -Dmaven.project.sourceRoots.warningsDisabled=true on the command line, in the .mvn/maven.config file, or in project POM properties.
2026-08-19 17:12:44,322 [Worker-27: Import Getting Started Content] WARN  o.apache.maven.project.MavenProject - Direct modification of compileSourceRoots through add() is deprecated and will not work in Maven 4.0.0. Please use the add/remove methods instead. If you're using a plugin that causes this warning, please upgrade to the latest version and report an issue if the warning persists. To disable these warnings, set -Dmaven.project.sourceRoots.warningsDisabled=true on the command line, in the .mvn/maven.config file, or in project POM properties.
2026-08-19 17:12:44,322 [Worker-27: Import Getting Started Content] WARN  o.apache.maven.project.MavenProject - Direct modification of testCompileSourceRoots through clear() is deprecated and will not work in Maven 4.0.0. Please use the add/remove methods instead. If you're using a plugin that causes this warning, please upgrade to the latest version and report an issue if the warning persists. To disable these warnings, set -Dmaven.project.sourceRoots.warningsDisabled=true on the command line, in the .mvn/maven.config file, or in project POM properties.
2026-08-19 17:12:44,323 [Worker-27: Import Getting Started Content] WARN  o.apache.maven.project.MavenProject - Direct modification of testCompileSourceRoots through add() is deprecated and will not work in Maven 4.0.0. Please use the add/remove methods instead. If you're using a plugin that causes this warning, please upgrade to the latest version and report an issue if the warning persists. To disable these warnings, set -Dmaven.project.sourceRoots.warningsDisabled=true on the command line, in the .mvn/maven.config file, or in project POM properties.
2026-08-19 17:12:44,329 [Worker-27: Import Getting Started Content] INFO  o.e.m.c.i.p.ProjectConfigurationManager - Imported and configured 1 project(s) in 5 sec
2026-08-19 17:12:44,331 [Worker-27: Import Getting Started Content] INFO  o.e.m.c.i.p.ProjectConfigurationManager - Update started
2026-08-19 17:12:44,656 [Worker-27: Import Getting Started Content] INFO  o.e.m.c.i.l.LifecycleMappingFactory - Using org.maven.ide.eclipse.wtp.WarLifecycleMapping lifecycle mapping for MavenProject: soa:eurekaserver:0.0.1-SNAPSHOT @ C:\SOA\Skill3\eurekaserver\pom.xml.
2026-08-19 17:12:45,956 [Worker-27: Import Getting Started Content] INFO  o.e.m.j.i.AbstractJavaProjectConfigurator - Adding source folder /eurekaserver/src/main/java
2026-08-19 17:12:45,957 [Worker-27: Import Getting Started Content] INFO  o.e.m.j.i.AbstractJavaProjectConfigurator - Adding resource folder /eurekaserver/src/main/resources
2026-08-19 17:12:45,957 [Worker-27: Import Getting Started Content] INFO  o.e.m.j.i.AbstractJavaProjectConfigurator - Adding resource folder /eurekaserver/src/main/resources
2026-08-19 17:12:45,958 [Worker-27: Import Getting Started Content] INFO  o.e.m.j.i.AbstractJavaProjectConfigurator - Adding source folder /eurekaserver/src/test/java
2026-08-19 17:12:45,958 [Worker-27: Import Getting Started Content] INFO  o.e.m.j.i.AbstractJavaProjectConfigurator - Adding resource folder /eurekaserver/src/test/resources
2026-08-19 17:12:46,716 [Worker-27: Import Getting Started Content] WARN  o.apache.maven.project.MavenProject - Direct modification of compileSourceRoots through clear() is deprecated and will not work in Maven 4.0.0. Please use the add/remove methods instead. If you're using a plugin that causes this warning, please upgrade to the latest version and report an issue if the warning persists. To disable these warnings, set -Dmaven.project.sourceRoots.warningsDisabled=true on the command line, in the .mvn/maven.config file, or in project POM properties.
2026-08-19 17:12:46,717 [Worker-27: Import Getting Started Content] WARN  o.apache.maven.project.MavenProject - Direct modification of compileSourceRoots through add() is deprecated and will not work in Maven 4.0.0. Please use the add/remove methods instead. If you're using a plugin that causes this warning, please upgrade to the latest version and report an issue if the warning persists. To disable these warnings, set -Dmaven.project.sourceRoots.warningsDisabled=true on the command line, in the .mvn/maven.config file, or in project POM properties.
2026-08-19 17:12:46,717 [Worker-27: Import Getting Started Content] WARN  o.apache.maven.project.MavenProject - Direct modification of testCompileSourceRoots through clear() is deprecated and will not work in Maven 4.0.0. Please use the add/remove methods instead. If you're using a plugin that causes this warning, please upgrade to the latest version and report an issue if the warning persists. To disable these warnings, set -Dmaven.project.sourceRoots.warningsDisabled=true on the command line, in the .mvn/maven.config file, or in project POM properties.
2026-08-19 17:12:46,717 [Worker-27: Import Getting Started Content] WARN  o.apache.maven.project.MavenProject - Direct modification of testCompileSourceRoots through add() is deprecated and will not work in Maven 4.0.0. Please use the add/remove methods instead. If you're using a plugin that causes this warning, please upgrade to the latest version and report an issue if the warning persists. To disable these warnings, set -Dmaven.project.sourceRoots.warningsDisabled=true on the command line, in the .mvn/maven.config file, or in project POM properties.
2026-08-19 17:12:46,741 [Worker-27: Import Getting Started Content] INFO  o.e.m.w.i.f.ResourceFilteringBuildParticipant - Cleaning filtered folder for eurekaserver
2026-08-19 17:12:46,764 [Worker-27: Import Getting Started Content] INFO  o.e.m.c.i.p.ProjectConfigurationManager - Update completed for 1 poms: local refresh takes 0.00 sec, refresh facades takes 1.00 sec, update config takes 0.00 sec 
2026-08-19 17:12:47,102 [Worker-31: Building] INFO  o.a.m.s.f.DefaultMavenResourcesFiltering - Copying 1 resource from src\main\resources to target\classes
2026-08-19 17:12:47,109 [Worker-31: Building] INFO  o.a.m.s.f.DefaultMavenResourcesFiltering - Copying 0 resource from src\main\resources to target\classes
2026-08-19 17:12:47,112 [Worker-31: Building] INFO  o.a.m.s.f.DefaultMavenResourcesFiltering - skip non existing resourceDirectory C:\SOA\Skill3\eurekaserver\src\test\resources
2026-08-19 17:12:47,112 [Worker-31: Building] INFO  o.e.m.w.i.f.ResourceFilteringBuildParticipant - Changed resources require a complete clean of filtered resources of eurekaserver
2026-08-19 17:12:47,112 [Worker-31: Building] INFO  o.e.m.w.i.f.ResourceFilteringBuildParticipant - Executing resource filtering for eurekaserver
2026-08-19 17:12:47,166 [Worker-31: Building] WARN  Sisu - Error injecting: org.apache.maven.plugins.war.WarMojo
com.google.inject.ProvisionException: Unable to provision, see the following errors:

1) [Guice/ErrorInCustomProvider]: OutOfScopeException: Cannot access session scope outside of a scoping block
  at SessionScopeModule.configure(SessionScopeModule.java:55)
      \_ installed by: WireModule -> SessionScopeModule
  at WarMojo.<init>(WarMojo.java:142)
      \_ for 6th parameter
  while locating WarMojo

Learn more:
  https://github.com/google/guice/wiki/ERROR_IN_CUSTOM_PROVIDER

1 error

======================
Full classname legend:
======================
OutOfScopeException: "com.google.inject.OutOfScopeException"
SessionScopeModule:  "org.apache.maven.session.scope.internal.SessionScopeModule"
WarMojo:             "org.apache.maven.plugins.war.WarMojo"
WireModule:          "org.eclipse.sisu.wire.WireModule"
========================
End of classname legend:
========================

	at com.google.inject.internal.InternalProvisionException.toProvisionException(InternalProvisionException.java:251)
	at com.google.inject.internal.InjectorImpl$1.get(InjectorImpl.java:1104)
	at com.google.inject.internal.InjectorImpl.getInstance(InjectorImpl.java:1139)
	at org.eclipse.sisu.space.AbstractDeferredClass.get(AbstractDeferredClass.java:50)
	at com.google.inject.internal.ProviderInternalFactory.provision(ProviderInternalFactory.java:86)
	at com.google.inject.internal.InternalFactoryToInitializableAdapter.provision(InternalFactoryToInitializableAdapter.java:57)
	at com.google.inject.internal.ProviderInternalFactory$1.call(ProviderInternalFactory.java:67)
	at com.google.inject.internal.ProvisionListenerStackCallback$Provision.provision(ProvisionListenerStackCallback.java:109)
	at com.google.inject.internal.ProvisionListenerStackCallback$Provision.provision(ProvisionListenerStackCallback.java:124)
	at com.google.inject.internal.ProvisionListenerStackCallback.provision(ProvisionListenerStackCallback.java:66)
	at com.google.inject.internal.ProviderInternalFactory.circularGet(ProviderInternalFactory.java:62)
	at com.google.inject.internal.InternalFactoryToInitializableAdapter.get(InternalFactoryToInitializableAdapter.java:47)
	at com.google.inject.internal.InjectorImpl$1.get(InjectorImpl.java:1101)
	at org.eclipse.sisu.inject.Guice4$2.get(Guice4.java:235)
	at org.eclipse.sisu.inject.LazyBeanEntry.getValue(LazyBeanEntry.java:83)
	at org.eclipse.sisu.plexus.LazyPlexusBean.getValue(LazyPlexusBean.java:53)
	at org.codehaus.plexus.DefaultPlexusContainer.lookup(DefaultPlexusContainer.java:267)
	at org.codehaus.plexus.DefaultPlexusContainer.lookup(DefaultPlexusContainer.java:259)
	at org.apache.maven.plugin.internal.DefaultMavenPluginManager.getConfiguredMojo(DefaultMavenPluginManager.java:491)
	at org.eclipse.m2e.core.internal.embedder.MavenImpl.getConfiguredMojo(MavenImpl.java:215)
	at org.eclipse.m2e.mavenarchiver.internal.AbstractMavenArchiverConfigurator.reflectManifestGeneration(AbstractMavenArchiverConfigurator.java:439)
	at org.eclipse.m2e.mavenarchiver.internal.AbstractMavenArchiverConfigurator.lambda$3(AbstractMavenArchiverConfigurator.java:398)
	at org.eclipse.m2e.core.internal.embedder.MavenExecutionContext.executeBare(MavenExecutionContext.java:462)
	at org.eclipse.m2e.core.internal.embedder.MavenExecutionContext.execute(MavenExecutionContext.java:342)
	at org.eclipse.m2e.core.internal.embedder.MavenExecutionContext.execute(MavenExecutionContext.java:281)
	at org.eclipse.m2e.mavenarchiver.internal.AbstractMavenArchiverConfigurator.generateManifest(AbstractMavenArchiverConfigurator.java:371)
	at org.eclipse.m2e.mavenarchiver.internal.AbstractMavenArchiverConfigurator.mavenProjectChanged(AbstractMavenArchiverConfigurator.java:228)
	at org.eclipse.m2e.mavenarchiver.internal.AbstractMavenArchiverConfigurator$1.build(AbstractMavenArchiverConfigurator.java:178)
	at org.eclipse.m2e.core.internal.builder.MavenBuilderImpl.lambda$2(MavenBuilderImpl.java:159)
	at java.base/java.util.LinkedHashMap.forEach(LinkedHashMap.java:987)
	at org.eclipse.m2e.core.internal.builder.MavenBuilderImpl.build(MavenBuilderImpl.java:139)
	at org.eclipse.m2e.core.internal.builder.MavenBuilder$1.method(MavenBuilder.java:164)
	at org.eclipse.m2e.core.internal.builder.MavenBuilder$1.method(MavenBuilder.java:1)
	at org.eclipse.m2e.core.internal.builder.MavenBuilder$BuildMethod.lambda$1(MavenBuilder.java:109)
	at org.eclipse.m2e.core.internal.embedder.MavenExecutionContext.executeBare(MavenExecutionContext.java:462)
	at org.eclipse.m2e.core.internal.embedder.MavenExecutionContext.execute(MavenExecutionContext.java:295)
	at org.eclipse.m2e.core.internal.builder.MavenBuilder$BuildMethod.lambda$0(MavenBuilder.java:100)
	at org.eclipse.m2e.core.internal.embedder.MavenExecutionContext.executeBare(MavenExecutionContext.java:462)
	at org.eclipse.m2e.core.internal.embedder.MavenExecutionContext.execute(MavenExecutionContext.java:342)
	at org.eclipse.m2e.core.internal.embedder.MavenExecutionContext.execute(MavenExecutionContext.java:281)
	at org.eclipse.m2e.core.internal.builder.MavenBuilder$BuildMethod.execute(MavenBuilder.java:83)
	at org.eclipse.m2e.core.internal.builder.MavenBuilder.build(MavenBuilder.java:192)
	at org.eclipse.core.internal.events.BuildManager$2.run(BuildManager.java:1109)
	at org.eclipse.core.runtime.SafeRunner.run(SafeRunner.java:47)
	at org.eclipse.core.internal.events.BuildManager.basicBuild(BuildManager.java:299)
	at org.eclipse.core.internal.events.BuildManager.basicBuild(BuildManager.java:355)
	at org.eclipse.core.internal.events.BuildManager$1.run(BuildManager.java:449)
	at org.eclipse.core.runtime.SafeRunner.run(SafeRunner.java:47)
	at org.eclipse.core.internal.events.BuildManager.basicBuild(BuildManager.java:452)
	at org.eclipse.core.internal.events.BuildManager.basicBuildLoop(BuildManager.java:564)
	at org.eclipse.core.internal.events.BuildManager.basicBuildLoop(BuildManager.java:512)
	at org.eclipse.core.internal.events.BuildManager.build(BuildManager.java:594)
	at org.eclipse.core.internal.events.AutoBuildJob.doBuild(AutoBuildJob.java:208)
	at org.eclipse.core.internal.events.AutoBuildJob.run(AutoBuildJob.java:309)
	at org.eclipse.core.internal.jobs.Worker.run(Worker.java:63)
Caused by: com.google.inject.OutOfScopeException: Cannot access session scope outside of a scoping block
	at org.apache.maven.session.scope.internal.SessionScope.getScopeState(SessionScope.java:70)
	at org.apache.maven.session.scope.internal.SessionScope.lambda$scope$2(SessionScope.java:92)
	at com.google.inject.internal.InternalFactoryToProviderAdapter.get(InternalFactoryToProviderAdapter.java:45)
	at com.google.inject.internal.SingleParameterInjector.inject(SingleParameterInjector.java:40)
	at com.google.inject.internal.SingleParameterInjector.getAll(SingleParameterInjector.java:60)
	at com.google.inject.internal.ConstructorInjector.provision(ConstructorInjector.java:113)
	at com.google.inject.internal.ConstructorInjector.access$000(ConstructorInjector.java:33)
	at com.google.inject.internal.ConstructorInjector$1.call(ConstructorInjector.java:98)
	at com.google.inject.internal.ProvisionListenerStackCallback$Provision.provision(ProvisionListenerStackCallback.java:109)
	at com.google.inject.internal.ProvisionListenerStackCallback$Provision.provision(ProvisionListenerStackCallback.java:124)
	at com.google.inject.internal.ProvisionListenerStackCallback.provision(ProvisionListenerStackCallback.java:66)
	at com.google.inject.internal.ConstructorInjector.construct(ConstructorInjector.java:93)
	at com.google.inject.internal.ConstructorBindingImpl$Factory.get(ConstructorBindingImpl.java:300)
	at com.google.inject.internal.InjectorImpl$1.get(InjectorImpl.java:1101)
	... 53 common frames omitted
2026-08-19 17:12:47,181 [Worker-31: Building] WARN  o.apache.maven.project.MavenProject - Direct modification of compileSourceRoots through clear() is deprecated and will not work in Maven 4.0.0. Please use the add/remove methods instead. If you're using a plugin that causes this warning, please upgrade to the latest version and report an issue if the warning persists. To disable these warnings, set -Dmaven.project.sourceRoots.warningsDisabled=true on the command line, in the .mvn/maven.config file, or in project POM properties.
2026-08-19 17:12:47,182 [Worker-31: Building] WARN  o.apache.maven.project.MavenProject - Direct modification of compileSourceRoots through add() is deprecated and will not work in Maven 4.0.0. Please use the add/remove methods instead. If you're using a plugin that causes this warning, please upgrade to the latest version and report an issue if the warning persists. To disable these warnings, set -Dmaven.project.sourceRoots.warningsDisabled=true on the command line, in the .mvn/maven.config file, or in project POM properties.
2026-08-19 17:12:47,183 [Worker-31: Building] WARN  o.apache.maven.project.MavenProject - Direct modification of testCompileSourceRoots through clear() is deprecated and will not work in Maven 4.0.0. Please use the add/remove methods instead. If you're using a plugin that causes this warning, please upgrade to the latest version and report an issue if the warning persists. To disable these warnings, set -Dmaven.project.sourceRoots.warningsDisabled=true on the command line, in the .mvn/maven.config file, or in project POM properties.
2026-08-19 17:12:47,185 [Worker-31: Building] WARN  o.apache.maven.project.MavenProject - Direct modification of testCompileSourceRoots through add() is deprecated and will not work in Maven 4.0.0. Please use the add/remove methods instead. If you're using a plugin that causes this warning, please upgrade to the latest version and report an issue if the warning persists. To disable these warnings, set -Dmaven.project.sourceRoots.warningsDisabled=true on the command line, in the .mvn/maven.config file, or in project POM properties.
2026-08-19 17:13:54,365 [Worker-28: Building] INFO  o.a.m.s.f.DefaultMavenResourcesFiltering - Copying 1 resource from src\main\resources to target\classes
2026-08-19 17:13:54,367 [Worker-28: Building] INFO  o.a.m.s.f.DefaultMavenResourcesFiltering - Copying 0 resource from src\main\resources to target\classes
2026-08-19 17:13:54,369 [Worker-28: Building] INFO  o.a.m.s.f.DefaultMavenResourcesFiltering - skip non existing resourceDirectory C:\SOA\Skill3\eurekaserver\src\test\resources
2026-08-19 17:13:54,376 [Worker-28: Building] WARN  Sisu - Error injecting: org.apache.maven.plugins.war.WarMojo
com.google.inject.ProvisionException: Unable to provision, see the following errors:

1) [Guice/ErrorInCustomProvider]: OutOfScopeException: Cannot access session scope outside of a scoping block
  at SessionScopeModule.configure(SessionScopeModule.java:55)
      \_ installed by: WireModule -> SessionScopeModule
  at WarMojo.<init>(WarMojo.java:142)
      \_ for 6th parameter
  while locating WarMojo

Learn more:
  https://github.com/google/guice/wiki/ERROR_IN_CUSTOM_PROVIDER

1 error

======================
Full classname legend:
======================
OutOfScopeException: "com.google.inject.OutOfScopeException"
SessionScopeModule:  "org.apache.maven.session.scope.internal.SessionScopeModule"
WarMojo:             "org.apache.maven.plugins.war.WarMojo"
WireModule:          "org.eclipse.sisu.wire.WireModule"
========================
End of classname legend:
========================

	at com.google.inject.internal.InternalProvisionException.toProvisionException(InternalProvisionException.java:251)
	at com.google.inject.internal.InjectorImpl$1.get(InjectorImpl.java:1104)
	at com.google.inject.internal.InjectorImpl.getInstance(InjectorImpl.java:1139)
	at org.eclipse.sisu.space.AbstractDeferredClass.get(AbstractDeferredClass.java:50)
	at com.google.inject.internal.ProviderInternalFactory.provision(ProviderInternalFactory.java:86)
	at com.google.inject.internal.InternalFactoryToInitializableAdapter.provision(InternalFactoryToInitializableAdapter.java:57)
	at com.google.inject.internal.ProviderInternalFactory$1.call(ProviderInternalFactory.java:67)
	at com.google.inject.internal.ProvisionListenerStackCallback$Provision.provision(ProvisionListenerStackCallback.java:109)
	at com.google.inject.internal.ProvisionListenerStackCallback$Provision.provision(ProvisionListenerStackCallback.java:124)
	at com.google.inject.internal.ProvisionListenerStackCallback.provision(ProvisionListenerStackCallback.java:66)
	at com.google.inject.internal.ProviderInternalFactory.circularGet(ProviderInternalFactory.java:62)
	at com.google.inject.internal.InternalFactoryToInitializableAdapter.get(InternalFactoryToInitializableAdapter.java:47)
	at com.google.inject.internal.InjectorImpl$1.get(InjectorImpl.java:1101)
	at org.eclipse.sisu.inject.Guice4$2.get(Guice4.java:235)
	at org.eclipse.sisu.inject.LazyBeanEntry.getValue(LazyBeanEntry.java:83)
	at org.eclipse.sisu.plexus.LazyPlexusBean.getValue(LazyPlexusBean.java:53)
	at org.codehaus.plexus.DefaultPlexusContainer.lookup(DefaultPlexusContainer.java:267)
	at org.codehaus.plexus.DefaultPlexusContainer.lookup(DefaultPlexusContainer.java:259)
	at org.apache.maven.plugin.internal.DefaultMavenPluginManager.getConfiguredMojo(DefaultMavenPluginManager.java:491)
	at org.eclipse.m2e.core.internal.embedder.MavenImpl.getConfiguredMojo(MavenImpl.java:215)
	at org.eclipse.m2e.mavenarchiver.internal.AbstractMavenArchiverConfigurator.reflectManifestGeneration(AbstractMavenArchiverConfigurator.java:439)
	at org.eclipse.m2e.mavenarchiver.internal.AbstractMavenArchiverConfigurator.lambda$3(AbstractMavenArchiverConfigurator.java:398)
	at org.eclipse.m2e.core.internal.embedder.MavenExecutionContext.executeBare(MavenExecutionContext.java:462)
	at org.eclipse.m2e.core.internal.embedder.MavenExecutionContext.execute(MavenExecutionContext.java:342)
	at org.eclipse.m2e.core.internal.embedder.MavenExecutionContext.execute(MavenExecutionContext.java:281)
	at org.eclipse.m2e.mavenarchiver.internal.AbstractMavenArchiverConfigurator.generateManifest(AbstractMavenArchiverConfigurator.java:371)
	at org.eclipse.m2e.mavenarchiver.internal.AbstractMavenArchiverConfigurator.mavenProjectChanged(AbstractMavenArchiverConfigurator.java:228)
	at org.eclipse.m2e.mavenarchiver.internal.AbstractMavenArchiverConfigurator$1.build(AbstractMavenArchiverConfigurator.java:178)
	at org.eclipse.m2e.core.internal.builder.MavenBuilderImpl.lambda$2(MavenBuilderImpl.java:159)
	at java.base/java.util.LinkedHashMap.forEach(LinkedHashMap.java:987)
	at org.eclipse.m2e.core.internal.builder.MavenBuilderImpl.build(MavenBuilderImpl.java:139)
	at org.eclipse.m2e.core.internal.builder.MavenBuilder$1.method(MavenBuilder.java:164)
	at org.eclipse.m2e.core.internal.builder.MavenBuilder$1.method(MavenBuilder.java:1)
	at org.eclipse.m2e.core.internal.builder.MavenBuilder$BuildMethod.lambda$1(MavenBuilder.java:109)
	at org.eclipse.m2e.core.internal.embedder.MavenExecutionContext.executeBare(MavenExecutionContext.java:462)
	at org.eclipse.m2e.core.internal.embedder.MavenExecutionContext.execute(MavenExecutionContext.java:295)
	at org.eclipse.m2e.core.internal.builder.MavenBuilder$BuildMethod.lambda$0(MavenBuilder.java:100)
	at org.eclipse.m2e.core.internal.embedder.MavenExecutionContext.executeBare(MavenExecutionContext.java:462)
	at org.eclipse.m2e.core.internal.embedder.MavenExecutionContext.execute(MavenExecutionContext.java:342)
	at org.eclipse.m2e.core.internal.embedder.MavenExecutionContext.execute(MavenExecutionContext.java:281)
	at org.eclipse.m2e.core.internal.builder.MavenBuilder$BuildMethod.execute(MavenBuilder.java:83)
	at org.eclipse.m2e.core.internal.builder.MavenBuilder.build(MavenBuilder.java:192)
	at org.eclipse.core.internal.events.BuildManager$2.run(BuildManager.java:1109)
	at org.eclipse.core.runtime.SafeRunner.run(SafeRunner.java:47)
	at org.eclipse.core.internal.events.BuildManager.basicBuild(BuildManager.java:299)
	at org.eclipse.core.internal.events.BuildManager.basicBuild(BuildManager.java:355)
	at org.eclipse.core.internal.events.BuildManager$1.run(BuildManager.java:449)
	at org.eclipse.core.runtime.SafeRunner.run(SafeRunner.java:47)
	at org.eclipse.core.internal.events.BuildManager.basicBuild(BuildManager.java:452)
	at org.eclipse.core.internal.events.BuildManager.basicBuildLoop(BuildManager.java:564)
	at org.eclipse.core.internal.events.BuildManager.basicBuildLoop(BuildManager.java:512)
	at org.eclipse.core.internal.events.BuildManager.build(BuildManager.java:594)
	at org.eclipse.core.internal.events.AutoBuildJob.doBuild(AutoBuildJob.java:208)
	at org.eclipse.core.internal.events.AutoBuildJob.run(AutoBuildJob.java:309)
	at org.eclipse.core.internal.jobs.Worker.run(Worker.java:63)
Caused by: com.google.inject.OutOfScopeException: Cannot access session scope outside of a scoping block
	at org.apache.maven.session.scope.internal.SessionScope.getScopeState(SessionScope.java:70)
	at org.apache.maven.session.scope.internal.SessionScope.lambda$scope$2(SessionScope.java:92)
	at com.google.inject.internal.InternalFactoryToProviderAdapter.get(InternalFactoryToProviderAdapter.java:45)
	at com.google.inject.internal.SingleParameterInjector.inject(SingleParameterInjector.java:40)
	at com.google.inject.internal.SingleParameterInjector.getAll(SingleParameterInjector.java:60)
	at com.google.inject.internal.ConstructorInjector.provision(ConstructorInjector.java:113)
	at com.google.inject.internal.ConstructorInjector.access$000(ConstructorInjector.java:33)
	at com.google.inject.internal.ConstructorInjector$1.call(ConstructorInjector.java:98)
	at com.google.inject.internal.ProvisionListenerStackCallback$Provision.provision(ProvisionListenerStackCallback.java:109)
	at com.google.inject.internal.ProvisionListenerStackCallback$Provision.provision(ProvisionListenerStackCallback.java:124)
	at com.google.inject.internal.ProvisionListenerStackCallback.provision(ProvisionListenerStackCallback.java:66)
	at com.google.inject.internal.ConstructorInjector.construct(ConstructorInjector.java:93)
	at com.google.inject.internal.ConstructorBindingImpl$Factory.get(ConstructorBindingImpl.java:300)
	at com.google.inject.internal.InjectorImpl$1.get(InjectorImpl.java:1101)
	... 53 common frames omitted
2026-08-19 17:13:54,378 [Worker-28: Building] WARN  o.apache.maven.project.MavenProject - Direct modification of compileSourceRoots through clear() is deprecated and will not work in Maven 4.0.0. Please use the add/remove methods instead. If you're using a plugin that causes this warning, please upgrade to the latest version and report an issue if the warning persists. To disable these warnings, set -Dmaven.project.sourceRoots.warningsDisabled=true on the command line, in the .mvn/maven.config file, or in project POM properties.
2026-08-19 17:13:54,379 [Worker-28: Building] WARN  o.apache.maven.project.MavenProject - Direct modification of compileSourceRoots through add() is deprecated and will not work in Maven 4.0.0. Please use the add/remove methods instead. If you're using a plugin that causes this warning, please upgrade to the latest version and report an issue if the warning persists. To disable these warnings, set -Dmaven.project.sourceRoots.warningsDisabled=true on the command line, in the .mvn/maven.config file, or in project POM properties.
2026-08-19 17:13:54,379 [Worker-28: Building] WARN  o.apache.maven.project.MavenProject - Direct modification of testCompileSourceRoots through clear() is deprecated and will not work in Maven 4.0.0. Please use the add/remove methods instead. If you're using a plugin that causes this warning, please upgrade to the latest version and report an issue if the warning persists. To disable these warnings, set -Dmaven.project.sourceRoots.warningsDisabled=true on the command line, in the .mvn/maven.config file, or in project POM properties.
2026-08-19 17:13:54,380 [Worker-28: Building] WARN  o.apache.maven.project.MavenProject - Direct modification of testCompileSourceRoots through add() is deprecated and will not work in Maven 4.0.0. Please use the add/remove methods instead. If you're using a plugin that causes this warning, please upgrade to the latest version and report an issue if the warning persists. To disable these warnings, set -Dmaven.project.sourceRoots.warningsDisabled=true on the command line, in the .mvn/maven.config file, or in project POM properties.
2026-08-19 17:16:07,486 [Worker-31: Building] INFO  o.a.m.s.f.DefaultMavenResourcesFiltering - Copying 0 resource from src\main\resources to target\classes
2026-08-19 17:16:07,487 [Worker-31: Building] INFO  o.a.m.s.f.DefaultMavenResourcesFiltering - Copying 0 resource from src\main\resources to target\classes
2026-08-19 17:16:07,489 [Worker-31: Building] INFO  o.a.m.s.f.DefaultMavenResourcesFiltering - skip non existing resourceDirectory C:\SOA\Skill3\eurekaserver\src\test\resources
2026-08-19 17:16:07,495 [Worker-31: Building] WARN  Sisu - Error injecting: org.apache.maven.plugins.war.WarMojo
com.google.inject.ProvisionException: Unable to provision, see the following errors:

1) [Guice/ErrorInCustomProvider]: OutOfScopeException: Cannot access session scope outside of a scoping block
  at SessionScopeModule.configure(SessionScopeModule.java:55)
      \_ installed by: WireModule -> SessionScopeModule
  at WarMojo.<init>(WarMojo.java:142)
      \_ for 6th parameter
  while locating WarMojo

Learn more:
  https://github.com/google/guice/wiki/ERROR_IN_CUSTOM_PROVIDER

1 error

======================
Full classname legend:
======================
OutOfScopeException: "com.google.inject.OutOfScopeException"
SessionScopeModule:  "org.apache.maven.session.scope.internal.SessionScopeModule"
WarMojo:             "org.apache.maven.plugins.war.WarMojo"
WireModule:          "org.eclipse.sisu.wire.WireModule"
========================
End of classname legend:
========================

	at com.google.inject.internal.InternalProvisionException.toProvisionException(InternalProvisionException.java:251)
	at com.google.inject.internal.InjectorImpl$1.get(InjectorImpl.java:1104)
	at com.google.inject.internal.InjectorImpl.getInstance(InjectorImpl.java:1139)
	at org.eclipse.sisu.space.AbstractDeferredClass.get(AbstractDeferredClass.java:50)
	at com.google.inject.internal.ProviderInternalFactory.provision(ProviderInternalFactory.java:86)
	at com.google.inject.internal.InternalFactoryToInitializableAdapter.provision(InternalFactoryToInitializableAdapter.java:57)
	at com.google.inject.internal.ProviderInternalFactory$1.call(ProviderInternalFactory.java:67)
	at com.google.inject.internal.ProvisionListenerStackCallback$Provision.provision(ProvisionListenerStackCallback.java:109)
	at com.google.inject.internal.ProvisionListenerStackCallback$Provision.provision(ProvisionListenerStackCallback.java:124)
	at com.google.inject.internal.ProvisionListenerStackCallback.provision(ProvisionListenerStackCallback.java:66)
	at com.google.inject.internal.ProviderInternalFactory.circularGet(ProviderInternalFactory.java:62)
	at com.google.inject.internal.InternalFactoryToInitializableAdapter.get(InternalFactoryToInitializableAdapter.java:47)
	at com.google.inject.internal.InjectorImpl$1.get(InjectorImpl.java:1101)
	at org.eclipse.sisu.inject.Guice4$2.get(Guice4.java:235)
	at org.eclipse.sisu.inject.LazyBeanEntry.getValue(LazyBeanEntry.java:83)
	at org.eclipse.sisu.plexus.LazyPlexusBean.getValue(LazyPlexusBean.java:53)
	at org.codehaus.plexus.DefaultPlexusContainer.lookup(DefaultPlexusContainer.java:267)
	at org.codehaus.plexus.DefaultPlexusContainer.lookup(DefaultPlexusContainer.java:259)
	at org.apache.maven.plugin.internal.DefaultMavenPluginManager.getConfiguredMojo(DefaultMavenPluginManager.java:491)
	at org.eclipse.m2e.core.internal.embedder.MavenImpl.getConfiguredMojo(MavenImpl.java:215)
	at org.eclipse.m2e.mavenarchiver.internal.AbstractMavenArchiverConfigurator.reflectManifestGeneration(AbstractMavenArchiverConfigurator.java:439)
	at org.eclipse.m2e.mavenarchiver.internal.AbstractMavenArchiverConfigurator.lambda$3(AbstractMavenArchiverConfigurator.java:398)
	at org.eclipse.m2e.core.internal.embedder.MavenExecutionContext.executeBare(MavenExecutionContext.java:462)
	at org.eclipse.m2e.core.internal.embedder.MavenExecutionContext.execute(MavenExecutionContext.java:342)
	at org.eclipse.m2e.core.internal.embedder.MavenExecutionContext.execute(MavenExecutionContext.java:281)
	at org.eclipse.m2e.mavenarchiver.internal.AbstractMavenArchiverConfigurator.generateManifest(AbstractMavenArchiverConfigurator.java:371)
	at org.eclipse.m2e.mavenarchiver.internal.AbstractMavenArchiverConfigurator.mavenProjectChanged(AbstractMavenArchiverConfigurator.java:228)
	at org.eclipse.m2e.mavenarchiver.internal.AbstractMavenArchiverConfigurator$1.build(AbstractMavenArchiverConfigurator.java:178)
	at org.eclipse.m2e.core.internal.builder.MavenBuilderImpl.lambda$2(MavenBuilderImpl.java:159)
	at java.base/java.util.LinkedHashMap.forEach(LinkedHashMap.java:987)
	at org.eclipse.m2e.core.internal.builder.MavenBuilderImpl.build(MavenBuilderImpl.java:139)
	at org.eclipse.m2e.core.internal.builder.MavenBuilder$1.method(MavenBuilder.java:164)
	at org.eclipse.m2e.core.internal.builder.MavenBuilder$1.method(MavenBuilder.java:1)
	at org.eclipse.m2e.core.internal.builder.MavenBuilder$BuildMethod.lambda$1(MavenBuilder.java:109)
	at org.eclipse.m2e.core.internal.embedder.MavenExecutionContext.executeBare(MavenExecutionContext.java:462)
	at org.eclipse.m2e.core.internal.embedder.MavenExecutionContext.execute(MavenExecutionContext.java:295)
	at org.eclipse.m2e.core.internal.builder.MavenBuilder$BuildMethod.lambda$0(MavenBuilder.java:100)
	at org.eclipse.m2e.core.internal.embedder.MavenExecutionContext.executeBare(MavenExecutionContext.java:462)
	at org.eclipse.m2e.core.internal.embedder.MavenExecutionContext.execute(MavenExecutionContext.java:342)
	at org.eclipse.m2e.core.internal.embedder.MavenExecutionContext.execute(MavenExecutionContext.java:281)
	at org.eclipse.m2e.core.internal.builder.MavenBuilder$BuildMethod.execute(MavenBuilder.java:83)
	at org.eclipse.m2e.core.internal.builder.MavenBuilder.build(MavenBuilder.java:192)
	at org.eclipse.core.internal.events.BuildManager$2.run(BuildManager.java:1109)
	at org.eclipse.core.runtime.SafeRunner.run(SafeRunner.java:47)
	at org.eclipse.core.internal.events.BuildManager.basicBuild(BuildManager.java:299)
	at org.eclipse.core.internal.events.BuildManager.basicBuild(BuildManager.java:355)
	at org.eclipse.core.internal.events.BuildManager$1.run(BuildManager.java:449)
	at org.eclipse.core.runtime.SafeRunner.run(SafeRunner.java:47)
	at org.eclipse.core.internal.events.BuildManager.basicBuild(BuildManager.java:452)
	at org.eclipse.core.internal.events.BuildManager.basicBuildLoop(BuildManager.java:564)
	at org.eclipse.core.internal.events.BuildManager.basicBuildLoop(BuildManager.java:512)
	at org.eclipse.core.internal.events.BuildManager.build(BuildManager.java:594)
	at org.eclipse.core.internal.events.AutoBuildJob.doBuild(AutoBuildJob.java:208)
	at org.eclipse.core.internal.events.AutoBuildJob.run(AutoBuildJob.java:309)
	at org.eclipse.core.internal.jobs.Worker.run(Worker.java:63)
Caused by: com.google.inject.OutOfScopeException: Cannot access session scope outside of a scoping block
	at org.apache.maven.session.scope.internal.SessionScope.getScopeState(SessionScope.java:70)
	at org.apache.maven.session.scope.internal.SessionScope.lambda$scope$2(SessionScope.java:92)
	at com.google.inject.internal.InternalFactoryToProviderAdapter.get(InternalFactoryToProviderAdapter.java:45)
	at com.google.inject.internal.SingleParameterInjector.inject(SingleParameterInjector.java:40)
	at com.google.inject.internal.SingleParameterInjector.getAll(SingleParameterInjector.java:60)
	at com.google.inject.internal.ConstructorInjector.provision(ConstructorInjector.java:113)
	at com.google.inject.internal.ConstructorInjector.access$000(ConstructorInjector.java:33)
	at com.google.inject.internal.ConstructorInjector$1.call(ConstructorInjector.java:98)
	at com.google.inject.internal.ProvisionListenerStackCallback$Provision.provision(ProvisionListenerStackCallback.java:109)
	at com.google.inject.internal.ProvisionListenerStackCallback$Provision.provision(ProvisionListenerStackCallback.java:124)
	at com.google.inject.internal.ProvisionListenerStackCallback.provision(ProvisionListenerStackCallback.java:66)
	at com.google.inject.internal.ConstructorInjector.construct(ConstructorInjector.java:93)
	at com.google.inject.internal.ConstructorBindingImpl$Factory.get(ConstructorBindingImpl.java:300)
	at com.google.inject.internal.InjectorImpl$1.get(InjectorImpl.java:1101)
	... 53 common frames omitted
2026-08-19 17:16:07,498 [Worker-31: Building] WARN  o.apache.maven.project.MavenProject - Direct modification of compileSourceRoots through clear() is deprecated and will not work in Maven 4.0.0. Please use the add/remove methods instead. If you're using a plugin that causes this warning, please upgrade to the latest version and report an issue if the warning persists. To disable these warnings, set -Dmaven.project.sourceRoots.warningsDisabled=true on the command line, in the .mvn/maven.config file, or in project POM properties.
2026-08-19 17:16:07,498 [Worker-31: Building] WARN  o.apache.maven.project.MavenProject - Direct modification of compileSourceRoots through add() is deprecated and will not work in Maven 4.0.0. Please use the add/remove methods instead. If you're using a plugin that causes this warning, please upgrade to the latest version and report an issue if the warning persists. To disable these warnings, set -Dmaven.project.sourceRoots.warningsDisabled=true on the command line, in the .mvn/maven.config file, or in project POM properties.
2026-08-19 17:16:07,499 [Worker-31: Building] WARN  o.apache.maven.project.MavenProject - Direct modification of testCompileSourceRoots through clear() is deprecated and will not work in Maven 4.0.0. Please use the add/remove methods instead. If you're using a plugin that causes this warning, please upgrade to the latest version and report an issue if the warning persists. To disable these warnings, set -Dmaven.project.sourceRoots.warningsDisabled=true on the command line, in the .mvn/maven.config file, or in project POM properties.
2026-08-19 17:16:07,499 [Worker-31: Building] WARN  o.apache.maven.project.MavenProject - Direct modification of testCompileSourceRoots through add() is deprecated and will not work in Maven 4.0.0. Please use the add/remove methods instead. If you're using a plugin that causes this warning, please upgrade to the latest version and report an issue if the warning persists. To disable these warnings, set -Dmaven.project.sourceRoots.warningsDisabled=true on the command line, in the .mvn/maven.config file, or in project POM properties.
2026-08-19 17:16:38,882 [Worker-26: Launching gateway3 - Gateway3Application] INFO  o.a.m.s.f.DefaultMavenResourcesFiltering - Copying 1 resource from src\main\resources to target\classes
2026-08-19 17:16:38,884 [Worker-26: Launching gateway3 - Gateway3Application] INFO  o.a.m.s.f.DefaultMavenResourcesFiltering - Copying 0 resource from src\main\resources to target\classes
2026-08-19 17:16:38,886 [Worker-26: Launching gateway3 - Gateway3Application] INFO  o.a.m.s.f.DefaultMavenResourcesFiltering - skip non existing resourceDirectory C:\SOA\Skill3\gateway3\src\test\resources
2026-08-19 17:16:38,893 [Worker-26: Launching gateway3 - Gateway3Application] WARN  Sisu - Error injecting: org.apache.maven.plugins.war.WarMojo
com.google.inject.ProvisionException: Unable to provision, see the following errors:

1) [Guice/ErrorInCustomProvider]: OutOfScopeException: Cannot access session scope outside of a scoping block
  at SessionScopeModule.configure(SessionScopeModule.java:55)
      \_ installed by: WireModule -> SessionScopeModule
  at WarMojo.<init>(WarMojo.java:142)
      \_ for 6th parameter
  while locating WarMojo

Learn more:
  https://github.com/google/guice/wiki/ERROR_IN_CUSTOM_PROVIDER

1 error

======================
Full classname legend:
======================
OutOfScopeException: "com.google.inject.OutOfScopeException"
SessionScopeModule:  "org.apache.maven.session.scope.internal.SessionScopeModule"
WarMojo:             "org.apache.maven.plugins.war.WarMojo"
WireModule:          "org.eclipse.sisu.wire.WireModule"
========================
End of classname legend:
========================

	at com.google.inject.internal.InternalProvisionException.toProvisionException(InternalProvisionException.java:251)
	at com.google.inject.internal.InjectorImpl$1.get(InjectorImpl.java:1104)
	at com.google.inject.internal.InjectorImpl.getInstance(InjectorImpl.java:1139)
	at org.eclipse.sisu.space.AbstractDeferredClass.get(AbstractDeferredClass.java:50)
	at com.google.inject.internal.ProviderInternalFactory.provision(ProviderInternalFactory.java:86)
	at com.google.inject.internal.InternalFactoryToInitializableAdapter.provision(InternalFactoryToInitializableAdapter.java:57)
	at com.google.inject.internal.ProviderInternalFactory$1.call(ProviderInternalFactory.java:67)
	at com.google.inject.internal.ProvisionListenerStackCallback$Provision.provision(ProvisionListenerStackCallback.java:109)
	at com.google.inject.internal.ProvisionListenerStackCallback$Provision.provision(ProvisionListenerStackCallback.java:124)
	at com.google.inject.internal.ProvisionListenerStackCallback.provision(ProvisionListenerStackCallback.java:66)
	at com.google.inject.internal.ProviderInternalFactory.circularGet(ProviderInternalFactory.java:62)
	at com.google.inject.internal.InternalFactoryToInitializableAdapter.get(InternalFactoryToInitializableAdapter.java:47)
	at com.google.inject.internal.InjectorImpl$1.get(InjectorImpl.java:1101)
	at org.eclipse.sisu.inject.Guice4$2.get(Guice4.java:235)
	at org.eclipse.sisu.inject.LazyBeanEntry.getValue(LazyBeanEntry.java:83)
	at org.eclipse.sisu.plexus.LazyPlexusBean.getValue(LazyPlexusBean.java:53)
	at org.codehaus.plexus.DefaultPlexusContainer.lookup(DefaultPlexusContainer.java:267)
	at org.codehaus.plexus.DefaultPlexusContainer.lookup(DefaultPlexusContainer.java:259)
	at org.apache.maven.plugin.internal.DefaultMavenPluginManager.getConfiguredMojo(DefaultMavenPluginManager.java:491)
	at org.eclipse.m2e.core.internal.embedder.MavenImpl.getConfiguredMojo(MavenImpl.java:215)
	at org.eclipse.m2e.mavenarchiver.internal.AbstractMavenArchiverConfigurator.reflectManifestGeneration(AbstractMavenArchiverConfigurator.java:439)
	at org.eclipse.m2e.mavenarchiver.internal.AbstractMavenArchiverConfigurator.lambda$3(AbstractMavenArchiverConfigurator.java:398)
	at org.eclipse.m2e.core.internal.embedder.MavenExecutionContext.executeBare(MavenExecutionContext.java:462)
	at org.eclipse.m2e.core.internal.embedder.MavenExecutionContext.execute(MavenExecutionContext.java:342)
	at org.eclipse.m2e.core.internal.embedder.MavenExecutionContext.execute(MavenExecutionContext.java:281)
	at org.eclipse.m2e.mavenarchiver.internal.AbstractMavenArchiverConfigurator.generateManifest(AbstractMavenArchiverConfigurator.java:371)
	at org.eclipse.m2e.mavenarchiver.internal.AbstractMavenArchiverConfigurator.mavenProjectChanged(AbstractMavenArchiverConfigurator.java:228)
	at org.eclipse.m2e.mavenarchiver.internal.AbstractMavenArchiverConfigurator$1.build(AbstractMavenArchiverConfigurator.java:178)
	at org.eclipse.m2e.core.internal.builder.MavenBuilderImpl.lambda$2(MavenBuilderImpl.java:159)
	at java.base/java.util.LinkedHashMap.forEach(LinkedHashMap.java:987)
	at org.eclipse.m2e.core.internal.builder.MavenBuilderImpl.build(MavenBuilderImpl.java:139)
	at org.eclipse.m2e.core.internal.builder.MavenBuilder$1.method(MavenBuilder.java:164)
	at org.eclipse.m2e.core.internal.builder.MavenBuilder$1.method(MavenBuilder.java:1)
	at org.eclipse.m2e.core.internal.builder.MavenBuilder$BuildMethod.lambda$1(MavenBuilder.java:109)
	at org.eclipse.m2e.core.internal.embedder.MavenExecutionContext.executeBare(MavenExecutionContext.java:462)
	at org.eclipse.m2e.core.internal.embedder.MavenExecutionContext.execute(MavenExecutionContext.java:295)
	at org.eclipse.m2e.core.internal.builder.MavenBuilder$BuildMethod.lambda$0(MavenBuilder.java:100)
	at org.eclipse.m2e.core.internal.embedder.MavenExecutionContext.executeBare(MavenExecutionContext.java:462)
	at org.eclipse.m2e.core.internal.embedder.MavenExecutionContext.execute(MavenExecutionContext.java:342)
	at org.eclipse.m2e.core.internal.embedder.MavenExecutionContext.execute(MavenExecutionContext.java:281)
	at org.eclipse.m2e.core.internal.builder.MavenBuilder$BuildMethod.execute(MavenBuilder.java:83)
	at org.eclipse.m2e.core.internal.builder.MavenBuilder.build(MavenBuilder.java:192)
	at org.eclipse.core.internal.events.BuildManager$2.run(BuildManager.java:1109)
	at org.eclipse.core.runtime.SafeRunner.run(SafeRunner.java:47)
	at org.eclipse.core.internal.events.BuildManager.basicBuild(BuildManager.java:299)
	at org.eclipse.core.internal.events.BuildManager.basicBuild(BuildManager.java:355)
	at org.eclipse.core.internal.events.BuildManager$1.run(BuildManager.java:449)
	at org.eclipse.core.runtime.SafeRunner.run(SafeRunner.java:47)
	at org.eclipse.core.internal.events.BuildManager.basicBuild(BuildManager.java:452)
	at org.eclipse.core.internal.events.BuildManager.basicBuild(BuildManager.java:406)
	at org.eclipse.core.internal.events.BuildManager.build(BuildManager.java:677)
	at org.eclipse.core.internal.resources.Project$1.run(Project.java:630)
	at org.eclipse.core.internal.resources.Workspace.run(Workspace.java:2505)
	at org.eclipse.core.internal.resources.Project.internalBuild(Project.java:670)
	at org.eclipse.core.internal.resources.Project.build(Project.java:158)
	at org.eclipse.debug.core.model.LaunchConfigurationDelegate.lambda$0(LaunchConfigurationDelegate.java:415)
	at org.eclipse.core.internal.resources.Workspace.run(Workspace.java:2505)
	at org.eclipse.core.internal.resources.Workspace.run(Workspace.java:2528)
	at org.eclipse.debug.core.model.LaunchConfigurationDelegate.buildProjects(LaunchConfigurationDelegate.java:421)
	at org.eclipse.debug.core.model.LaunchConfigurationDelegate.buildForLaunch(LaunchConfigurationDelegate.java:122)
	at org.eclipse.debug.internal.core.LaunchConfiguration.launch(LaunchConfiguration.java:753)
	at org.eclipse.debug.internal.core.LaunchConfiguration.launch(LaunchConfiguration.java:689)
	at org.eclipse.debug.internal.ui.DebugUIPlugin.buildAndLaunch(DebugUIPlugin.java:1052)
	at org.eclipse.debug.internal.ui.DebugUIPlugin$1.run(DebugUIPlugin.java:1254)
	at org.eclipse.core.internal.jobs.Worker.run(Worker.java:63)
Caused by: com.google.inject.OutOfScopeException: Cannot access session scope outside of a scoping block
	at org.apache.maven.session.scope.internal.SessionScope.getScopeState(SessionScope.java:70)
	at org.apache.maven.session.scope.internal.SessionScope.lambda$scope$2(SessionScope.java:92)
	at com.google.inject.internal.InternalFactoryToProviderAdapter.get(InternalFactoryToProviderAdapter.java:45)
	at com.google.inject.internal.SingleParameterInjector.inject(SingleParameterInjector.java:40)
	at com.google.inject.internal.SingleParameterInjector.getAll(SingleParameterInjector.java:60)
	at com.google.inject.internal.ConstructorInjector.provision(ConstructorInjector.java:113)
	at com.google.inject.internal.ConstructorInjector.access$000(ConstructorInjector.java:33)
	at com.google.inject.internal.ConstructorInjector$1.call(ConstructorInjector.java:98)
	at com.google.inject.internal.ProvisionListenerStackCallback$Provision.provision(ProvisionListenerStackCallback.java:109)
	at com.google.inject.internal.ProvisionListenerStackCallback$Provision.provision(ProvisionListenerStackCallback.java:124)
	at com.google.inject.internal.ProvisionListenerStackCallback.provision(ProvisionListenerStackCallback.java:66)
	at com.google.inject.internal.ConstructorInjector.construct(ConstructorInjector.java:93)
	at com.google.inject.internal.ConstructorBindingImpl$Factory.get(ConstructorBindingImpl.java:300)
	at com.google.inject.internal.InjectorImpl$1.get(InjectorImpl.java:1101)
	... 63 common frames omitted
2026-08-19 17:16:38,897 [Worker-26: Launching gateway3 - Gateway3Application] WARN  o.apache.maven.project.MavenProject - Direct modification of compileSourceRoots through clear() is deprecated and will not work in Maven 4.0.0. Please use the add/remove methods instead. If you're using a plugin that causes this warning, please upgrade to the latest version and report an issue if the warning persists. To disable these warnings, set -Dmaven.project.sourceRoots.warningsDisabled=true on the command line, in the .mvn/maven.config file, or in project POM properties.
2026-08-19 17:16:38,898 [Worker-26: Launching gateway3 - Gateway3Application] WARN  o.apache.maven.project.MavenProject - Direct modification of compileSourceRoots through add() is deprecated and will not work in Maven 4.0.0. Please use the add/remove methods instead. If you're using a plugin that causes this warning, please upgrade to the latest version and report an issue if the warning persists. To disable these warnings, set -Dmaven.project.sourceRoots.warningsDisabled=true on the command line, in the .mvn/maven.config file, or in project POM properties.
2026-08-19 17:16:38,899 [Worker-26: Launching gateway3 - Gateway3Application] WARN  o.apache.maven.project.MavenProject - Direct modification of testCompileSourceRoots through clear() is deprecated and will not work in Maven 4.0.0. Please use the add/remove methods instead. If you're using a plugin that causes this warning, please upgrade to the latest version and report an issue if the warning persists. To disable these warnings, set -Dmaven.project.sourceRoots.warningsDisabled=true on the command line, in the .mvn/maven.config file, or in project POM properties.
2026-08-19 17:16:38,899 [Worker-26: Launching gateway3 - Gateway3Application] WARN  o.apache.maven.project.MavenProject - Direct modification of testCompileSourceRoots through add() is deprecated and will not work in Maven 4.0.0. Please use the add/remove methods instead. If you're using a plugin that causes this warning, please upgrade to the latest version and report an issue if the warning persists. To disable these warnings, set -Dmaven.project.sourceRoots.warningsDisabled=true on the command line, in the .mvn/maven.config file, or in project POM properties.
2026-08-19 17:18:20,854 [Worker-39: Building] INFO  o.a.m.s.f.DefaultMavenResourcesFiltering - Copying 1 resource from src\main\resources to target\classes
2026-08-19 17:18:20,856 [Worker-39: Building] INFO  o.a.m.s.f.DefaultMavenResourcesFiltering - Copying 0 resource from src\main\resources to target\classes
2026-08-19 17:18:20,858 [Worker-39: Building] INFO  o.a.m.s.f.DefaultMavenResourcesFiltering - skip non existing resourceDirectory C:\SOA\Skill3\gateway3\src\test\resources
2026-08-19 17:18:20,865 [Worker-39: Building] WARN  Sisu - Error injecting: org.apache.maven.plugins.war.WarMojo
com.google.inject.ProvisionException: Unable to provision, see the following errors:

1) [Guice/ErrorInCustomProvider]: OutOfScopeException: Cannot access session scope outside of a scoping block
  at SessionScopeModule.configure(SessionScopeModule.java:55)
      \_ installed by: WireModule -> SessionScopeModule
  at WarMojo.<init>(WarMojo.java:142)
      \_ for 6th parameter
  while locating WarMojo

Learn more:
  https://github.com/google/guice/wiki/ERROR_IN_CUSTOM_PROVIDER

1 error

======================
Full classname legend:
======================
OutOfScopeException: "com.google.inject.OutOfScopeException"
SessionScopeModule:  "org.apache.maven.session.scope.internal.SessionScopeModule"
WarMojo:             "org.apache.maven.plugins.war.WarMojo"
WireModule:          "org.eclipse.sisu.wire.WireModule"
========================
End of classname legend:
========================

	at com.google.inject.internal.InternalProvisionException.toProvisionException(InternalProvisionException.java:251)
	at com.google.inject.internal.InjectorImpl$1.get(InjectorImpl.java:1104)
	at com.google.inject.internal.InjectorImpl.getInstance(InjectorImpl.java:1139)
	at org.eclipse.sisu.space.AbstractDeferredClass.get(AbstractDeferredClass.java:50)
	at com.google.inject.internal.ProviderInternalFactory.provision(ProviderInternalFactory.java:86)
	at com.google.inject.internal.InternalFactoryToInitializableAdapter.provision(InternalFactoryToInitializableAdapter.java:57)
	at com.google.inject.internal.ProviderInternalFactory$1.call(ProviderInternalFactory.java:67)
	at com.google.inject.internal.ProvisionListenerStackCallback$Provision.provision(ProvisionListenerStackCallback.java:109)
	at com.google.inject.internal.ProvisionListenerStackCallback$Provision.provision(ProvisionListenerStackCallback.java:124)
	at com.google.inject.internal.ProvisionListenerStackCallback.provision(ProvisionListenerStackCallback.java:66)
	at com.google.inject.internal.ProviderInternalFactory.circularGet(ProviderInternalFactory.java:62)
	at com.google.inject.internal.InternalFactoryToInitializableAdapter.get(InternalFactoryToInitializableAdapter.java:47)
	at com.google.inject.internal.InjectorImpl$1.get(InjectorImpl.java:1101)
	at org.eclipse.sisu.inject.Guice4$2.get(Guice4.java:235)
	at org.eclipse.sisu.inject.LazyBeanEntry.getValue(LazyBeanEntry.java:83)
	at org.eclipse.sisu.plexus.LazyPlexusBean.getValue(LazyPlexusBean.java:53)
	at org.codehaus.plexus.DefaultPlexusContainer.lookup(DefaultPlexusContainer.java:267)
	at org.codehaus.plexus.DefaultPlexusContainer.lookup(DefaultPlexusContainer.java:259)
	at org.apache.maven.plugin.internal.DefaultMavenPluginManager.getConfiguredMojo(DefaultMavenPluginManager.java:491)
	at org.eclipse.m2e.core.internal.embedder.MavenImpl.getConfiguredMojo(MavenImpl.java:215)
	at org.eclipse.m2e.mavenarchiver.internal.AbstractMavenArchiverConfigurator.reflectManifestGeneration(AbstractMavenArchiverConfigurator.java:439)
	at org.eclipse.m2e.mavenarchiver.internal.AbstractMavenArchiverConfigurator.lambda$3(AbstractMavenArchiverConfigurator.java:398)
	at org.eclipse.m2e.core.internal.embedder.MavenExecutionContext.executeBare(MavenExecutionContext.java:462)
	at org.eclipse.m2e.core.internal.embedder.MavenExecutionContext.execute(MavenExecutionContext.java:342)
	at org.eclipse.m2e.core.internal.embedder.MavenExecutionContext.execute(MavenExecutionContext.java:281)
	at org.eclipse.m2e.mavenarchiver.internal.AbstractMavenArchiverConfigurator.generateManifest(AbstractMavenArchiverConfigurator.java:371)
	at org.eclipse.m2e.mavenarchiver.internal.AbstractMavenArchiverConfigurator.mavenProjectChanged(AbstractMavenArchiverConfigurator.java:228)
	at org.eclipse.m2e.mavenarchiver.internal.AbstractMavenArchiverConfigurator$1.build(AbstractMavenArchiverConfigurator.java:178)
	at org.eclipse.m2e.core.internal.builder.MavenBuilderImpl.lambda$2(MavenBuilderImpl.java:159)
	at java.base/java.util.LinkedHashMap.forEach(LinkedHashMap.java:987)
	at org.eclipse.m2e.core.internal.builder.MavenBuilderImpl.build(MavenBuilderImpl.java:139)
	at org.eclipse.m2e.core.internal.builder.MavenBuilder$1.method(MavenBuilder.java:164)
	at org.eclipse.m2e.core.internal.builder.MavenBuilder$1.method(MavenBuilder.java:1)
	at org.eclipse.m2e.core.internal.builder.MavenBuilder$BuildMethod.lambda$1(MavenBuilder.java:109)
	at org.eclipse.m2e.core.internal.embedder.MavenExecutionContext.executeBare(MavenExecutionContext.java:462)
	at org.eclipse.m2e.core.internal.embedder.MavenExecutionContext.execute(MavenExecutionContext.java:295)
	at org.eclipse.m2e.core.internal.builder.MavenBuilder$BuildMethod.lambda$0(MavenBuilder.java:100)
	at org.eclipse.m2e.core.internal.embedder.MavenExecutionContext.executeBare(MavenExecutionContext.java:462)
	at org.eclipse.m2e.core.internal.embedder.MavenExecutionContext.execute(MavenExecutionContext.java:342)
	at org.eclipse.m2e.core.internal.embedder.MavenExecutionContext.execute(MavenExecutionContext.java:281)
	at org.eclipse.m2e.core.internal.builder.MavenBuilder$BuildMethod.execute(MavenBuilder.java:83)
	at org.eclipse.m2e.core.internal.builder.MavenBuilder.build(MavenBuilder.java:192)
	at org.eclipse.core.internal.events.BuildManager$2.run(BuildManager.java:1109)
	at org.eclipse.core.runtime.SafeRunner.run(SafeRunner.java:47)
	at org.eclipse.core.internal.events.BuildManager.basicBuild(BuildManager.java:299)
	at org.eclipse.core.internal.events.BuildManager.basicBuild(BuildManager.java:355)
	at org.eclipse.core.internal.events.BuildManager$1.run(BuildManager.java:449)
	at org.eclipse.core.runtime.SafeRunner.run(SafeRunner.java:47)
	at org.eclipse.core.internal.events.BuildManager.basicBuild(BuildManager.java:452)
	at org.eclipse.core.internal.events.BuildManager.basicBuildLoop(BuildManager.java:564)
	at org.eclipse.core.internal.events.BuildManager.basicBuildLoop(BuildManager.java:512)
	at org.eclipse.core.internal.events.BuildManager.build(BuildManager.java:594)
	at org.eclipse.core.internal.events.AutoBuildJob.doBuild(AutoBuildJob.java:208)
	at org.eclipse.core.internal.events.AutoBuildJob.run(AutoBuildJob.java:309)
	at org.eclipse.core.internal.jobs.Worker.run(Worker.java:63)
Caused by: com.google.inject.OutOfScopeException: Cannot access session scope outside of a scoping block
	at org.apache.maven.session.scope.internal.SessionScope.getScopeState(SessionScope.java:70)
	at org.apache.maven.session.scope.internal.SessionScope.lambda$scope$2(SessionScope.java:92)
	at com.google.inject.internal.InternalFactoryToProviderAdapter.get(InternalFactoryToProviderAdapter.java:45)
	at com.google.inject.internal.SingleParameterInjector.inject(SingleParameterInjector.java:40)
	at com.google.inject.internal.SingleParameterInjector.getAll(SingleParameterInjector.java:60)
	at com.google.inject.internal.ConstructorInjector.provision(ConstructorInjector.java:113)
	at com.google.inject.internal.ConstructorInjector.access$000(ConstructorInjector.java:33)
	at com.google.inject.internal.ConstructorInjector$1.call(ConstructorInjector.java:98)
	at com.google.inject.internal.ProvisionListenerStackCallback$Provision.provision(ProvisionListenerStackCallback.java:109)
	at com.google.inject.internal.ProvisionListenerStackCallback$Provision.provision(ProvisionListenerStackCallback.java:124)
	at com.google.inject.internal.ProvisionListenerStackCallback.provision(ProvisionListenerStackCallback.java:66)
	at com.google.inject.internal.ConstructorInjector.construct(ConstructorInjector.java:93)
	at com.google.inject.internal.ConstructorBindingImpl$Factory.get(ConstructorBindingImpl.java:300)
	at com.google.inject.internal.InjectorImpl$1.get(InjectorImpl.java:1101)
	... 53 common frames omitted
2026-08-19 17:18:20,868 [Worker-39: Building] WARN  o.apache.maven.project.MavenProject - Direct modification of compileSourceRoots through clear() is deprecated and will not work in Maven 4.0.0. Please use the add/remove methods instead. If you're using a plugin that causes this warning, please upgrade to the latest version and report an issue if the warning persists. To disable these warnings, set -Dmaven.project.sourceRoots.warningsDisabled=true on the command line, in the .mvn/maven.config file, or in project POM properties.
2026-08-19 17:18:20,869 [Worker-39: Building] WARN  o.apache.maven.project.MavenProject - Direct modification of compileSourceRoots through add() is deprecated and will not work in Maven 4.0.0. Please use the add/remove methods instead. If you're using a plugin that causes this warning, please upgrade to the latest version and report an issue if the warning persists. To disable these warnings, set -Dmaven.project.sourceRoots.warningsDisabled=true on the command line, in the .mvn/maven.config file, or in project POM properties.
2026-08-19 17:18:20,869 [Worker-39: Building] WARN  o.apache.maven.project.MavenProject - Direct modification of testCompileSourceRoots through clear() is deprecated and will not work in Maven 4.0.0. Please use the add/remove methods instead. If you're using a plugin that causes this warning, please upgrade to the latest version and report an issue if the warning persists. To disable these warnings, set -Dmaven.project.sourceRoots.warningsDisabled=true on the command line, in the .mvn/maven.config file, or in project POM properties.
2026-08-19 17:18:20,869 [Worker-39: Building] WARN  o.apache.maven.project.MavenProject - Direct modification of testCompileSourceRoots through add() is deprecated and will not work in Maven 4.0.0. Please use the add/remove methods instead. If you're using a plugin that causes this warning, please upgrade to the latest version and report an issue if the warning persists. To disable these warnings, set -Dmaven.project.sourceRoots.warningsDisabled=true on the command line, in the .mvn/maven.config file, or in project POM properties.
2026-08-19 17:19:50,825 [Worker-35: Building] INFO  o.a.m.s.f.DefaultMavenResourcesFiltering - Copying 1 resource from src\main\resources to target\classes
2026-08-19 17:19:50,827 [Worker-35: Building] INFO  o.a.m.s.f.DefaultMavenResourcesFiltering - Copying 0 resource from src\main\resources to target\classes
2026-08-19 17:19:50,830 [Worker-35: Building] INFO  o.a.m.s.f.DefaultMavenResourcesFiltering - skip non existing resourceDirectory C:\SOA\Skill3\eurekaserver\src\test\resources
2026-08-19 17:19:50,838 [Worker-35: Building] WARN  Sisu - Error injecting: org.apache.maven.plugins.war.WarMojo
com.google.inject.ProvisionException: Unable to provision, see the following errors:

1) [Guice/ErrorInCustomProvider]: OutOfScopeException: Cannot access session scope outside of a scoping block
  at SessionScopeModule.configure(SessionScopeModule.java:55)
      \_ installed by: WireModule -> SessionScopeModule
  at WarMojo.<init>(WarMojo.java:142)
      \_ for 6th parameter
  while locating WarMojo

Learn more:
  https://github.com/google/guice/wiki/ERROR_IN_CUSTOM_PROVIDER

1 error

======================
Full classname legend:
======================
OutOfScopeException: "com.google.inject.OutOfScopeException"
SessionScopeModule:  "org.apache.maven.session.scope.internal.SessionScopeModule"
WarMojo:             "org.apache.maven.plugins.war.WarMojo"
WireModule:          "org.eclipse.sisu.wire.WireModule"
========================
End of classname legend:
========================

	at com.google.inject.internal.InternalProvisionException.toProvisionException(InternalProvisionException.java:251)
	at com.google.inject.internal.InjectorImpl$1.get(InjectorImpl.java:1104)
	at com.google.inject.internal.InjectorImpl.getInstance(InjectorImpl.java:1139)
	at org.eclipse.sisu.space.AbstractDeferredClass.get(AbstractDeferredClass.java:50)
	at com.google.inject.internal.ProviderInternalFactory.provision(ProviderInternalFactory.java:86)
	at com.google.inject.internal.InternalFactoryToInitializableAdapter.provision(InternalFactoryToInitializableAdapter.java:57)
	at com.google.inject.internal.ProviderInternalFactory$1.call(ProviderInternalFactory.java:67)
	at com.google.inject.internal.ProvisionListenerStackCallback$Provision.provision(ProvisionListenerStackCallback.java:109)
	at com.google.inject.internal.ProvisionListenerStackCallback$Provision.provision(ProvisionListenerStackCallback.java:124)
	at com.google.inject.internal.ProvisionListenerStackCallback.provision(ProvisionListenerStackCallback.java:66)
	at com.google.inject.internal.ProviderInternalFactory.circularGet(ProviderInternalFactory.java:62)
	at com.google.inject.internal.InternalFactoryToInitializableAdapter.get(InternalFactoryToInitializableAdapter.java:47)
	at com.google.inject.internal.InjectorImpl$1.get(InjectorImpl.java:1101)
	at org.eclipse.sisu.inject.Guice4$2.get(Guice4.java:235)
	at org.eclipse.sisu.inject.LazyBeanEntry.getValue(LazyBeanEntry.java:83)
	at org.eclipse.sisu.plexus.LazyPlexusBean.getValue(LazyPlexusBean.java:53)
	at org.codehaus.plexus.DefaultPlexusContainer.lookup(DefaultPlexusContainer.java:267)
	at org.codehaus.plexus.DefaultPlexusContainer.lookup(DefaultPlexusContainer.java:259)
	at org.apache.maven.plugin.internal.DefaultMavenPluginManager.getConfiguredMojo(DefaultMavenPluginManager.java:491)
	at org.eclipse.m2e.core.internal.embedder.MavenImpl.getConfiguredMojo(MavenImpl.java:215)
	at org.eclipse.m2e.mavenarchiver.internal.AbstractMavenArchiverConfigurator.reflectManifestGeneration(AbstractMavenArchiverConfigurator.java:439)
	at org.eclipse.m2e.mavenarchiver.internal.AbstractMavenArchiverConfigurator.lambda$3(AbstractMavenArchiverConfigurator.java:398)
	at org.eclipse.m2e.core.internal.embedder.MavenExecutionContext.executeBare(MavenExecutionContext.java:462)
	at org.eclipse.m2e.core.internal.embedder.MavenExecutionContext.execute(MavenExecutionContext.java:342)
	at org.eclipse.m2e.core.internal.embedder.MavenExecutionContext.execute(MavenExecutionContext.java:281)
	at org.eclipse.m2e.mavenarchiver.internal.AbstractMavenArchiverConfigurator.generateManifest(AbstractMavenArchiverConfigurator.java:371)
	at org.eclipse.m2e.mavenarchiver.internal.AbstractMavenArchiverConfigurator.mavenProjectChanged(AbstractMavenArchiverConfigurator.java:228)
	at org.eclipse.m2e.mavenarchiver.internal.AbstractMavenArchiverConfigurator$1.build(AbstractMavenArchiverConfigurator.java:178)
	at org.eclipse.m2e.core.internal.builder.MavenBuilderImpl.lambda$2(MavenBuilderImpl.java:159)
	at java.base/java.util.LinkedHashMap.forEach(LinkedHashMap.java:987)
	at org.eclipse.m2e.core.internal.builder.MavenBuilderImpl.build(MavenBuilderImpl.java:139)
	at org.eclipse.m2e.core.internal.builder.MavenBuilder$1.method(MavenBuilder.java:164)
	at org.eclipse.m2e.core.internal.builder.MavenBuilder$1.method(MavenBuilder.java:1)
	at org.eclipse.m2e.core.internal.builder.MavenBuilder$BuildMethod.lambda$1(MavenBuilder.java:109)
	at org.eclipse.m2e.core.internal.embedder.MavenExecutionContext.executeBare(MavenExecutionContext.java:462)
	at org.eclipse.m2e.core.internal.embedder.MavenExecutionContext.execute(MavenExecutionContext.java:295)
	at org.eclipse.m2e.core.internal.builder.MavenBuilder$BuildMethod.lambda$0(MavenBuilder.java:100)
	at org.eclipse.m2e.core.internal.embedder.MavenExecutionContext.executeBare(MavenExecutionContext.java:462)
	at org.eclipse.m2e.core.internal.embedder.MavenExecutionContext.execute(MavenExecutionContext.java:342)
	at org.eclipse.m2e.core.internal.embedder.MavenExecutionContext.execute(MavenExecutionContext.java:281)
	at org.eclipse.m2e.core.internal.builder.MavenBuilder$BuildMethod.execute(MavenBuilder.java:83)
	at org.eclipse.m2e.core.internal.builder.MavenBuilder.build(MavenBuilder.java:192)
	at org.eclipse.core.internal.events.BuildManager$2.run(BuildManager.java:1109)
	at org.eclipse.core.runtime.SafeRunner.run(SafeRunner.java:47)
	at org.eclipse.core.internal.events.BuildManager.basicBuild(BuildManager.java:299)
	at org.eclipse.core.internal.events.BuildManager.basicBuild(BuildManager.java:355)
	at org.eclipse.core.internal.events.BuildManager$1.run(BuildManager.java:449)
	at org.eclipse.core.runtime.SafeRunner.run(SafeRunner.java:47)
	at org.eclipse.core.internal.events.BuildManager.basicBuild(BuildManager.java:452)
	at org.eclipse.core.internal.events.BuildManager.basicBuildLoop(BuildManager.java:564)
	at org.eclipse.core.internal.events.BuildManager.basicBuildLoop(BuildManager.java:512)
	at org.eclipse.core.internal.events.BuildManager.build(BuildManager.java:594)
	at org.eclipse.core.internal.events.AutoBuildJob.doBuild(AutoBuildJob.java:208)
	at org.eclipse.core.internal.events.AutoBuildJob.run(AutoBuildJob.java:309)
	at org.eclipse.core.internal.jobs.Worker.run(Worker.java:63)
Caused by: com.google.inject.OutOfScopeException: Cannot access session scope outside of a scoping block
	at org.apache.maven.session.scope.internal.SessionScope.getScopeState(SessionScope.java:70)
	at org.apache.maven.session.scope.internal.SessionScope.lambda$scope$2(SessionScope.java:92)
	at com.google.inject.internal.InternalFactoryToProviderAdapter.get(InternalFactoryToProviderAdapter.java:45)
	at com.google.inject.internal.SingleParameterInjector.inject(SingleParameterInjector.java:40)
	at com.google.inject.internal.SingleParameterInjector.getAll(SingleParameterInjector.java:60)
	at com.google.inject.internal.ConstructorInjector.provision(ConstructorInjector.java:113)
	at com.google.inject.internal.ConstructorInjector.access$000(ConstructorInjector.java:33)
	at com.google.inject.internal.ConstructorInjector$1.call(ConstructorInjector.java:98)
	at com.google.inject.internal.ProvisionListenerStackCallback$Provision.provision(ProvisionListenerStackCallback.java:109)
	at com.google.inject.internal.ProvisionListenerStackCallback$Provision.provision(ProvisionListenerStackCallback.java:124)
	at com.google.inject.internal.ProvisionListenerStackCallback.provision(ProvisionListenerStackCallback.java:66)
	at com.google.inject.internal.ConstructorInjector.construct(ConstructorInjector.java:93)
	at com.google.inject.internal.ConstructorBindingImpl$Factory.get(ConstructorBindingImpl.java:300)
	at com.google.inject.internal.InjectorImpl$1.get(InjectorImpl.java:1101)
	... 53 common frames omitted
2026-08-19 17:19:50,841 [Worker-35: Building] WARN  o.apache.maven.project.MavenProject - Direct modification of compileSourceRoots through clear() is deprecated and will not work in Maven 4.0.0. Please use the add/remove methods instead. If you're using a plugin that causes this warning, please upgrade to the latest version and report an issue if the warning persists. To disable these warnings, set -Dmaven.project.sourceRoots.warningsDisabled=true on the command line, in the .mvn/maven.config file, or in project POM properties.
2026-08-19 17:19:50,841 [Worker-35: Building] WARN  o.apache.maven.project.MavenProject - Direct modification of compileSourceRoots through add() is deprecated and will not work in Maven 4.0.0. Please use the add/remove methods instead. If you're using a plugin that causes this warning, please upgrade to the latest version and report an issue if the warning persists. To disable these warnings, set -Dmaven.project.sourceRoots.warningsDisabled=true on the command line, in the .mvn/maven.config file, or in project POM properties.
2026-08-19 17:19:50,842 [Worker-35: Building] WARN  o.apache.maven.project.MavenProject - Direct modification of testCompileSourceRoots through clear() is deprecated and will not work in Maven 4.0.0. Please use the add/remove methods instead. If you're using a plugin that causes this warning, please upgrade to the latest version and report an issue if the warning persists. To disable these warnings, set -Dmaven.project.sourceRoots.warningsDisabled=true on the command line, in the .mvn/maven.config file, or in project POM properties.
2026-08-19 17:19:50,842 [Worker-35: Building] WARN  o.apache.maven.project.MavenProject - Direct modification of testCompileSourceRoots through add() is deprecated and will not work in Maven 4.0.0. Please use the add/remove methods instead. If you're using a plugin that causes this warning, please upgrade to the latest version and report an issue if the warning persists. To disable these warnings, set -Dmaven.project.sourceRoots.warningsDisabled=true on the command line, in the .mvn/maven.config file, or in project POM properties.
2026-08-19 17:21:41,499 [Worker-27: Building] INFO  o.a.m.s.f.DefaultMavenResourcesFiltering - Copying 1 resource from src\main\resources to target\classes
2026-08-19 17:21:41,501 [Worker-27: Building] INFO  o.a.m.s.f.DefaultMavenResourcesFiltering - Copying 0 resource from src\main\resources to target\classes
2026-08-19 17:21:41,504 [Worker-27: Building] INFO  o.a.m.s.f.DefaultMavenResourcesFiltering - skip non existing resourceDirectory C:\SOA\Skill3\eurekaserver\src\test\resources
2026-08-19 17:21:41,510 [Worker-27: Building] WARN  Sisu - Error injecting: org.apache.maven.plugins.war.WarMojo
com.google.inject.ProvisionException: Unable to provision, see the following errors:

1) [Guice/ErrorInCustomProvider]: OutOfScopeException: Cannot access session scope outside of a scoping block
  at SessionScopeModule.configure(SessionScopeModule.java:55)
      \_ installed by: WireModule -> SessionScopeModule
  at WarMojo.<init>(WarMojo.java:142)
      \_ for 6th parameter
  while locating WarMojo

Learn more:
  https://github.com/google/guice/wiki/ERROR_IN_CUSTOM_PROVIDER

1 error

======================
Full classname legend:
======================
OutOfScopeException: "com.google.inject.OutOfScopeException"
SessionScopeModule:  "org.apache.maven.session.scope.internal.SessionScopeModule"
WarMojo:             "org.apache.maven.plugins.war.WarMojo"
WireModule:          "org.eclipse.sisu.wire.WireModule"
========================
End of classname legend:
========================

	at com.google.inject.internal.InternalProvisionException.toProvisionException(InternalProvisionException.java:251)
	at com.google.inject.internal.InjectorImpl$1.get(InjectorImpl.java:1104)
	at com.google.inject.internal.InjectorImpl.getInstance(InjectorImpl.java:1139)
	at org.eclipse.sisu.space.AbstractDeferredClass.get(AbstractDeferredClass.java:50)
	at com.google.inject.internal.ProviderInternalFactory.provision(ProviderInternalFactory.java:86)
	at com.google.inject.internal.InternalFactoryToInitializableAdapter.provision(InternalFactoryToInitializableAdapter.java:57)
	at com.google.inject.internal.ProviderInternalFactory$1.call(ProviderInternalFactory.java:67)
	at com.google.inject.internal.ProvisionListenerStackCallback$Provision.provision(ProvisionListenerStackCallback.java:109)
	at com.google.inject.internal.ProvisionListenerStackCallback$Provision.provision(ProvisionListenerStackCallback.java:124)
	at com.google.inject.internal.ProvisionListenerStackCallback.provision(ProvisionListenerStackCallback.java:66)
	at com.google.inject.internal.ProviderInternalFactory.circularGet(ProviderInternalFactory.java:62)
	at com.google.inject.internal.InternalFactoryToInitializableAdapter.get(InternalFactoryToInitializableAdapter.java:47)
	at com.google.inject.internal.InjectorImpl$1.get(InjectorImpl.java:1101)
	at org.eclipse.sisu.inject.Guice4$2.get(Guice4.java:235)
	at org.eclipse.sisu.inject.LazyBeanEntry.getValue(LazyBeanEntry.java:83)
	at org.eclipse.sisu.plexus.LazyPlexusBean.getValue(LazyPlexusBean.java:53)
	at org.codehaus.plexus.DefaultPlexusContainer.lookup(DefaultPlexusContainer.java:267)
	at org.codehaus.plexus.DefaultPlexusContainer.lookup(DefaultPlexusContainer.java:259)
	at org.apache.maven.plugin.internal.DefaultMavenPluginManager.getConfiguredMojo(DefaultMavenPluginManager.java:491)
	at org.eclipse.m2e.core.internal.embedder.MavenImpl.getConfiguredMojo(MavenImpl.java:215)
	at org.eclipse.m2e.mavenarchiver.internal.AbstractMavenArchiverConfigurator.reflectManifestGeneration(AbstractMavenArchiverConfigurator.java:439)
	at org.eclipse.m2e.mavenarchiver.internal.AbstractMavenArchiverConfigurator.lambda$3(AbstractMavenArchiverConfigurator.java:398)
	at org.eclipse.m2e.core.internal.embedder.MavenExecutionContext.executeBare(MavenExecutionContext.java:462)
	at org.eclipse.m2e.core.internal.embedder.MavenExecutionContext.execute(MavenExecutionContext.java:342)
	at org.eclipse.m2e.core.internal.embedder.MavenExecutionContext.execute(MavenExecutionContext.java:281)
	at org.eclipse.m2e.mavenarchiver.internal.AbstractMavenArchiverConfigurator.generateManifest(AbstractMavenArchiverConfigurator.java:371)
	at org.eclipse.m2e.mavenarchiver.internal.AbstractMavenArchiverConfigurator.mavenProjectChanged(AbstractMavenArchiverConfigurator.java:228)
	at org.eclipse.m2e.mavenarchiver.internal.AbstractMavenArchiverConfigurator$1.build(AbstractMavenArchiverConfigurator.java:178)
	at org.eclipse.m2e.core.internal.builder.MavenBuilderImpl.lambda$2(MavenBuilderImpl.java:159)
	at java.base/java.util.LinkedHashMap.forEach(LinkedHashMap.java:987)
	at org.eclipse.m2e.core.internal.builder.MavenBuilderImpl.build(MavenBuilderImpl.java:139)
	at org.eclipse.m2e.core.internal.builder.MavenBuilder$1.method(MavenBuilder.java:164)
	at org.eclipse.m2e.core.internal.builder.MavenBuilder$1.method(MavenBuilder.java:1)
	at org.eclipse.m2e.core.internal.builder.MavenBuilder$BuildMethod.lambda$1(MavenBuilder.java:109)
	at org.eclipse.m2e.core.internal.embedder.MavenExecutionContext.executeBare(MavenExecutionContext.java:462)
	at org.eclipse.m2e.core.internal.embedder.MavenExecutionContext.execute(MavenExecutionContext.java:295)
	at org.eclipse.m2e.core.internal.builder.MavenBuilder$BuildMethod.lambda$0(MavenBuilder.java:100)
	at org.eclipse.m2e.core.internal.embedder.MavenExecutionContext.executeBare(MavenExecutionContext.java:462)
	at org.eclipse.m2e.core.internal.embedder.MavenExecutionContext.execute(MavenExecutionContext.java:342)
	at org.eclipse.m2e.core.internal.embedder.MavenExecutionContext.execute(MavenExecutionContext.java:281)
	at org.eclipse.m2e.core.internal.builder.MavenBuilder$BuildMethod.execute(MavenBuilder.java:83)
	at org.eclipse.m2e.core.internal.builder.MavenBuilder.build(MavenBuilder.java:192)
	at org.eclipse.core.internal.events.BuildManager$2.run(BuildManager.java:1109)
	at org.eclipse.core.runtime.SafeRunner.run(SafeRunner.java:47)
	at org.eclipse.core.internal.events.BuildManager.basicBuild(BuildManager.java:299)
	at org.eclipse.core.internal.events.BuildManager.basicBuild(BuildManager.java:355)
	at org.eclipse.core.internal.events.BuildManager$1.run(BuildManager.java:449)
	at org.eclipse.core.runtime.SafeRunner.run(SafeRunner.java:47)
	at org.eclipse.core.internal.events.BuildManager.basicBuild(BuildManager.java:452)
	at org.eclipse.core.internal.events.BuildManager.basicBuildLoop(BuildManager.java:564)
	at org.eclipse.core.internal.events.BuildManager.basicBuildLoop(BuildManager.java:512)
	at org.eclipse.core.internal.events.BuildManager.build(BuildManager.java:594)
	at org.eclipse.core.internal.events.AutoBuildJob.doBuild(AutoBuildJob.java:208)
	at org.eclipse.core.internal.events.AutoBuildJob.run(AutoBuildJob.java:309)
	at org.eclipse.core.internal.jobs.Worker.run(Worker.java:63)
Caused by: com.google.inject.OutOfScopeException: Cannot access session scope outside of a scoping block
	at org.apache.maven.session.scope.internal.SessionScope.getScopeState(SessionScope.java:70)
	at org.apache.maven.session.scope.internal.SessionScope.lambda$scope$2(SessionScope.java:92)
	at com.google.inject.internal.InternalFactoryToProviderAdapter.get(InternalFactoryToProviderAdapter.java:45)
	at com.google.inject.internal.SingleParameterInjector.inject(SingleParameterInjector.java:40)
	at com.google.inject.internal.SingleParameterInjector.getAll(SingleParameterInjector.java:60)
	at com.google.inject.internal.ConstructorInjector.provision(ConstructorInjector.java:113)
	at com.google.inject.internal.ConstructorInjector.access$000(ConstructorInjector.java:33)
	at com.google.inject.internal.ConstructorInjector$1.call(ConstructorInjector.java:98)
	at com.google.inject.internal.ProvisionListenerStackCallback$Provision.provision(ProvisionListenerStackCallback.java:109)
	at com.google.inject.internal.ProvisionListenerStackCallback$Provision.provision(ProvisionListenerStackCallback.java:124)
	at com.google.inject.internal.ProvisionListenerStackCallback.provision(ProvisionListenerStackCallback.java:66)
	at com.google.inject.internal.ConstructorInjector.construct(ConstructorInjector.java:93)
	at com.google.inject.internal.ConstructorBindingImpl$Factory.get(ConstructorBindingImpl.java:300)
	at com.google.inject.internal.InjectorImpl$1.get(InjectorImpl.java:1101)
	... 53 common frames omitted
2026-08-19 17:21:41,513 [Worker-27: Building] WARN  o.apache.maven.project.MavenProject - Direct modification of compileSourceRoots through clear() is deprecated and will not work in Maven 4.0.0. Please use the add/remove methods instead. If you're using a plugin that causes this warning, please upgrade to the latest version and report an issue if the warning persists. To disable these warnings, set -Dmaven.project.sourceRoots.warningsDisabled=true on the command line, in the .mvn/maven.config file, or in project POM properties.
2026-08-19 17:21:41,514 [Worker-27: Building] WARN  o.apache.maven.project.MavenProject - Direct modification of compileSourceRoots through add() is deprecated and will not work in Maven 4.0.0. Please use the add/remove methods instead. If you're using a plugin that causes this warning, please upgrade to the latest version and report an issue if the warning persists. To disable these warnings, set -Dmaven.project.sourceRoots.warningsDisabled=true on the command line, in the .mvn/maven.config file, or in project POM properties.
2026-08-19 17:21:41,514 [Worker-27: Building] WARN  o.apache.maven.project.MavenProject - Direct modification of testCompileSourceRoots through clear() is deprecated and will not work in Maven 4.0.0. Please use the add/remove methods instead. If you're using a plugin that causes this warning, please upgrade to the latest version and report an issue if the warning persists. To disable these warnings, set -Dmaven.project.sourceRoots.warningsDisabled=true on the command line, in the .mvn/maven.config file, or in project POM properties.
2026-08-19 17:21:41,515 [Worker-27: Building] WARN  o.apache.maven.project.MavenProject - Direct modification of testCompileSourceRoots through add() is deprecated and will not work in Maven 4.0.0. Please use the add/remove methods instead. If you're using a plugin that causes this warning, please upgrade to the latest version and report an issue if the warning persists. To disable these warnings, set -Dmaven.project.sourceRoots.warningsDisabled=true on the command line, in the .mvn/maven.config file, or in project POM properties.
2026-08-19 17:24:42,230 [Worker-36: Launching signupmodule - SignupmoduleApplication] INFO  o.a.m.s.f.DefaultMavenResourcesFiltering - Copying 0 resource from src\main\resources to target\classes
2026-08-19 17:24:42,231 [Worker-36: Launching signupmodule - SignupmoduleApplication] INFO  o.a.m.s.f.DefaultMavenResourcesFiltering - Copying 0 resource from src\main\resources to target\classes
2026-08-19 17:24:42,233 [Worker-36: Launching signupmodule - SignupmoduleApplication] INFO  o.a.m.s.f.DefaultMavenResourcesFiltering - skip non existing resourceDirectory C:\SOA\Skill3\signupmodule\src\test\resources
2026-08-19 17:24:42,240 [Worker-36: Launching signupmodule - SignupmoduleApplication] WARN  Sisu - Error injecting: org.apache.maven.plugins.war.WarMojo
com.google.inject.ProvisionException: Unable to provision, see the following errors:

1) [Guice/ErrorInCustomProvider]: OutOfScopeException: Cannot access session scope outside of a scoping block
  at SessionScopeModule.configure(SessionScopeModule.java:55)
      \_ installed by: WireModule -> SessionScopeModule
  at WarMojo.<init>(WarMojo.java:142)
      \_ for 6th parameter
  while locating WarMojo

Learn more:
  https://github.com/google/guice/wiki/ERROR_IN_CUSTOM_PROVIDER

1 error

======================
Full classname legend:
======================
OutOfScopeException: "com.google.inject.OutOfScopeException"
SessionScopeModule:  "org.apache.maven.session.scope.internal.SessionScopeModule"
WarMojo:             "org.apache.maven.plugins.war.WarMojo"
WireModule:          "org.eclipse.sisu.wire.WireModule"
========================
End of classname legend:
========================

	at com.google.inject.internal.InternalProvisionException.toProvisionException(InternalProvisionException.java:251)
	at com.google.inject.internal.InjectorImpl$1.get(InjectorImpl.java:1104)
	at com.google.inject.internal.InjectorImpl.getInstance(InjectorImpl.java:1139)
	at org.eclipse.sisu.space.AbstractDeferredClass.get(AbstractDeferredClass.java:50)
	at com.google.inject.internal.ProviderInternalFactory.provision(ProviderInternalFactory.java:86)
	at com.google.inject.internal.InternalFactoryToInitializableAdapter.provision(InternalFactoryToInitializableAdapter.java:57)
	at com.google.inject.internal.ProviderInternalFactory$1.call(ProviderInternalFactory.java:67)
	at com.google.inject.internal.ProvisionListenerStackCallback$Provision.provision(ProvisionListenerStackCallback.java:109)
	at com.google.inject.internal.ProvisionListenerStackCallback$Provision.provision(ProvisionListenerStackCallback.java:124)
	at com.google.inject.internal.ProvisionListenerStackCallback.provision(ProvisionListenerStackCallback.java:66)
	at com.google.inject.internal.ProviderInternalFactory.circularGet(ProviderInternalFactory.java:62)
	at com.google.inject.internal.InternalFactoryToInitializableAdapter.get(InternalFactoryToInitializableAdapter.java:47)
	at com.google.inject.internal.InjectorImpl$1.get(InjectorImpl.java:1101)
	at org.eclipse.sisu.inject.Guice4$2.get(Guice4.java:235)
	at org.eclipse.sisu.inject.LazyBeanEntry.getValue(LazyBeanEntry.java:83)
	at org.eclipse.sisu.plexus.LazyPlexusBean.getValue(LazyPlexusBean.java:53)
	at org.codehaus.plexus.DefaultPlexusContainer.lookup(DefaultPlexusContainer.java:267)
	at org.codehaus.plexus.DefaultPlexusContainer.lookup(DefaultPlexusContainer.java:259)
	at org.apache.maven.plugin.internal.DefaultMavenPluginManager.getConfiguredMojo(DefaultMavenPluginManager.java:491)
	at org.eclipse.m2e.core.internal.embedder.MavenImpl.getConfiguredMojo(MavenImpl.java:215)
	at org.eclipse.m2e.mavenarchiver.internal.AbstractMavenArchiverConfigurator.reflectManifestGeneration(AbstractMavenArchiverConfigurator.java:439)
	at org.eclipse.m2e.mavenarchiver.internal.AbstractMavenArchiverConfigurator.lambda$3(AbstractMavenArchiverConfigurator.java:398)
	at org.eclipse.m2e.core.internal.embedder.MavenExecutionContext.executeBare(MavenExecutionContext.java:462)
	at org.eclipse.m2e.core.internal.embedder.MavenExecutionContext.execute(MavenExecutionContext.java:342)
	at org.eclipse.m2e.core.internal.embedder.MavenExecutionContext.execute(MavenExecutionContext.java:281)
	at org.eclipse.m2e.mavenarchiver.internal.AbstractMavenArchiverConfigurator.generateManifest(AbstractMavenArchiverConfigurator.java:371)
	at org.eclipse.m2e.mavenarchiver.internal.AbstractMavenArchiverConfigurator.mavenProjectChanged(AbstractMavenArchiverConfigurator.java:228)
	at org.eclipse.m2e.mavenarchiver.internal.AbstractMavenArchiverConfigurator$1.build(AbstractMavenArchiverConfigurator.java:178)
	at org.eclipse.m2e.core.internal.builder.MavenBuilderImpl.lambda$2(MavenBuilderImpl.java:159)
	at java.base/java.util.LinkedHashMap.forEach(LinkedHashMap.java:987)
	at org.eclipse.m2e.core.internal.builder.MavenBuilderImpl.build(MavenBuilderImpl.java:139)
	at org.eclipse.m2e.core.internal.builder.MavenBuilder$1.method(MavenBuilder.java:164)
	at org.eclipse.m2e.core.internal.builder.MavenBuilder$1.method(MavenBuilder.java:1)
	at org.eclipse.m2e.core.internal.builder.MavenBuilder$BuildMethod.lambda$1(MavenBuilder.java:109)
	at org.eclipse.m2e.core.internal.embedder.MavenExecutionContext.executeBare(MavenExecutionContext.java:462)
	at org.eclipse.m2e.core.internal.embedder.MavenExecutionContext.execute(MavenExecutionContext.java:295)
	at org.eclipse.m2e.core.internal.builder.MavenBuilder$BuildMethod.lambda$0(MavenBuilder.java:100)
	at org.eclipse.m2e.core.internal.embedder.MavenExecutionContext.executeBare(MavenExecutionContext.java:462)
	at org.eclipse.m2e.core.internal.embedder.MavenExecutionContext.execute(MavenExecutionContext.java:342)
	at org.eclipse.m2e.core.internal.embedder.MavenExecutionContext.execute(MavenExecutionContext.java:281)
	at org.eclipse.m2e.core.internal.builder.MavenBuilder$BuildMethod.execute(MavenBuilder.java:83)
	at org.eclipse.m2e.core.internal.builder.MavenBuilder.build(MavenBuilder.java:192)
	at org.eclipse.core.internal.events.BuildManager$2.run(BuildManager.java:1109)
	at org.eclipse.core.runtime.SafeRunner.run(SafeRunner.java:47)
	at org.eclipse.core.internal.events.BuildManager.basicBuild(BuildManager.java:299)
	at org.eclipse.core.internal.events.BuildManager.basicBuild(BuildManager.java:355)
	at org.eclipse.core.internal.events.BuildManager$1.run(BuildManager.java:449)
	at org.eclipse.core.runtime.SafeRunner.run(SafeRunner.java:47)
	at org.eclipse.core.internal.events.BuildManager.basicBuild(BuildManager.java:452)
	at org.eclipse.core.internal.events.BuildManager.basicBuild(BuildManager.java:406)
	at org.eclipse.core.internal.events.BuildManager.build(BuildManager.java:677)
	at org.eclipse.core.internal.resources.Project$1.run(Project.java:630)
	at org.eclipse.core.internal.resources.Workspace.run(Workspace.java:2505)
	at org.eclipse.core.internal.resources.Project.internalBuild(Project.java:670)
	at org.eclipse.core.internal.resources.Project.build(Project.java:158)
	at org.eclipse.debug.core.model.LaunchConfigurationDelegate.lambda$0(LaunchConfigurationDelegate.java:415)
	at org.eclipse.core.internal.resources.Workspace.run(Workspace.java:2505)
	at org.eclipse.core.internal.resources.Workspace.run(Workspace.java:2528)
	at org.eclipse.debug.core.model.LaunchConfigurationDelegate.buildProjects(LaunchConfigurationDelegate.java:421)
	at org.eclipse.debug.core.model.LaunchConfigurationDelegate.buildForLaunch(LaunchConfigurationDelegate.java:122)
	at org.eclipse.debug.internal.core.LaunchConfiguration.launch(LaunchConfiguration.java:753)
	at org.eclipse.debug.internal.core.LaunchConfiguration.launch(LaunchConfiguration.java:689)
	at org.eclipse.debug.internal.ui.DebugUIPlugin.buildAndLaunch(DebugUIPlugin.java:1052)
	at org.eclipse.debug.internal.ui.DebugUIPlugin$1.run(DebugUIPlugin.java:1254)
	at org.eclipse.core.internal.jobs.Worker.run(Worker.java:63)
Caused by: com.google.inject.OutOfScopeException: Cannot access session scope outside of a scoping block
	at org.apache.maven.session.scope.internal.SessionScope.getScopeState(SessionScope.java:70)
	at org.apache.maven.session.scope.internal.SessionScope.lambda$scope$2(SessionScope.java:92)
	at com.google.inject.internal.InternalFactoryToProviderAdapter.get(InternalFactoryToProviderAdapter.java:45)
	at com.google.inject.internal.SingleParameterInjector.inject(SingleParameterInjector.java:40)
	at com.google.inject.internal.SingleParameterInjector.getAll(SingleParameterInjector.java:60)
	at com.google.inject.internal.ConstructorInjector.provision(ConstructorInjector.java:113)
	at com.google.inject.internal.ConstructorInjector.access$000(ConstructorInjector.java:33)
	at com.google.inject.internal.ConstructorInjector$1.call(ConstructorInjector.java:98)
	at com.google.inject.internal.ProvisionListenerStackCallback$Provision.provision(ProvisionListenerStackCallback.java:109)
	at com.google.inject.internal.ProvisionListenerStackCallback$Provision.provision(ProvisionListenerStackCallback.java:124)
	at com.google.inject.internal.ProvisionListenerStackCallback.provision(ProvisionListenerStackCallback.java:66)
	at com.google.inject.internal.ConstructorInjector.construct(ConstructorInjector.java:93)
	at com.google.inject.internal.ConstructorBindingImpl$Factory.get(ConstructorBindingImpl.java:300)
	at com.google.inject.internal.InjectorImpl$1.get(InjectorImpl.java:1101)
	... 63 common frames omitted
2026-08-19 17:24:42,262 [Worker-36: Launching signupmodule - SignupmoduleApplication] WARN  o.apache.maven.project.MavenProject - Direct modification of compileSourceRoots through clear() is deprecated and will not work in Maven 4.0.0. Please use the add/remove methods instead. If you're using a plugin that causes this warning, please upgrade to the latest version and report an issue if the warning persists. To disable these warnings, set -Dmaven.project.sourceRoots.warningsDisabled=true on the command line, in the .mvn/maven.config file, or in project POM properties.
2026-08-19 17:24:42,264 [Worker-36: Launching signupmodule - SignupmoduleApplication] WARN  o.apache.maven.project.MavenProject - Direct modification of compileSourceRoots through add() is deprecated and will not work in Maven 4.0.0. Please use the add/remove methods instead. If you're using a plugin that causes this warning, please upgrade to the latest version and report an issue if the warning persists. To disable these warnings, set -Dmaven.project.sourceRoots.warningsDisabled=true on the command line, in the .mvn/maven.config file, or in project POM properties.
2026-08-19 17:24:42,265 [Worker-36: Launching signupmodule - SignupmoduleApplication] WARN  o.apache.maven.project.MavenProject - Direct modification of testCompileSourceRoots through clear() is deprecated and will not work in Maven 4.0.0. Please use the add/remove methods instead. If you're using a plugin that causes this warning, please upgrade to the latest version and report an issue if the warning persists. To disable these warnings, set -Dmaven.project.sourceRoots.warningsDisabled=true on the command line, in the .mvn/maven.config file, or in project POM properties.
2026-08-19 17:24:42,265 [Worker-36: Launching signupmodule - SignupmoduleApplication] WARN  o.apache.maven.project.MavenProject - Direct modification of testCompileSourceRoots through add() is deprecated and will not work in Maven 4.0.0. Please use the add/remove methods instead. If you're using a plugin that causes this warning, please upgrade to the latest version and report an issue if the warning persists. To disable these warnings, set -Dmaven.project.sourceRoots.warningsDisabled=true on the command line, in the .mvn/maven.config file, or in project POM properties.
2026-08-19 17:26:00,685 [Worker-43: Building] INFO  o.a.m.s.f.DefaultMavenResourcesFiltering - Copying 1 resource from src\main\resources to target\classes
2026-08-19 17:26:00,687 [Worker-43: Building] INFO  o.a.m.s.f.DefaultMavenResourcesFiltering - Copying 0 resource from src\main\resources to target\classes
2026-08-19 17:26:00,689 [Worker-43: Building] INFO  o.a.m.s.f.DefaultMavenResourcesFiltering - skip non existing resourceDirectory C:\SOA\Skill3\signupmodule\src\test\resources
2026-08-19 17:26:00,696 [Worker-43: Building] WARN  Sisu - Error injecting: org.apache.maven.plugins.war.WarMojo
com.google.inject.ProvisionException: Unable to provision, see the following errors:

1) [Guice/ErrorInCustomProvider]: OutOfScopeException: Cannot access session scope outside of a scoping block
  at SessionScopeModule.configure(SessionScopeModule.java:55)
      \_ installed by: WireModule -> SessionScopeModule
  at WarMojo.<init>(WarMojo.java:142)
      \_ for 6th parameter
  while locating WarMojo

Learn more:
  https://github.com/google/guice/wiki/ERROR_IN_CUSTOM_PROVIDER

1 error

======================
Full classname legend:
======================
OutOfScopeException: "com.google.inject.OutOfScopeException"
SessionScopeModule:  "org.apache.maven.session.scope.internal.SessionScopeModule"
WarMojo:             "org.apache.maven.plugins.war.WarMojo"
WireModule:          "org.eclipse.sisu.wire.WireModule"
========================
End of classname legend:
========================

	at com.google.inject.internal.InternalProvisionException.toProvisionException(InternalProvisionException.java:251)
	at com.google.inject.internal.InjectorImpl$1.get(InjectorImpl.java:1104)
	at com.google.inject.internal.InjectorImpl.getInstance(InjectorImpl.java:1139)
	at org.eclipse.sisu.space.AbstractDeferredClass.get(AbstractDeferredClass.java:50)
	at com.google.inject.internal.ProviderInternalFactory.provision(ProviderInternalFactory.java:86)
	at com.google.inject.internal.InternalFactoryToInitializableAdapter.provision(InternalFactoryToInitializableAdapter.java:57)
	at com.google.inject.internal.ProviderInternalFactory$1.call(ProviderInternalFactory.java:67)
	at com.google.inject.internal.ProvisionListenerStackCallback$Provision.provision(ProvisionListenerStackCallback.java:109)
	at com.google.inject.internal.ProvisionListenerStackCallback$Provision.provision(ProvisionListenerStackCallback.java:124)
	at com.google.inject.internal.ProvisionListenerStackCallback.provision(ProvisionListenerStackCallback.java:66)
	at com.google.inject.internal.ProviderInternalFactory.circularGet(ProviderInternalFactory.java:62)
	at com.google.inject.internal.InternalFactoryToInitializableAdapter.get(InternalFactoryToInitializableAdapter.java:47)
	at com.google.inject.internal.InjectorImpl$1.get(InjectorImpl.java:1101)
	at org.eclipse.sisu.inject.Guice4$2.get(Guice4.java:235)
	at org.eclipse.sisu.inject.LazyBeanEntry.getValue(LazyBeanEntry.java:83)
	at org.eclipse.sisu.plexus.LazyPlexusBean.getValue(LazyPlexusBean.java:53)
	at org.codehaus.plexus.DefaultPlexusContainer.lookup(DefaultPlexusContainer.java:267)
	at org.codehaus.plexus.DefaultPlexusContainer.lookup(DefaultPlexusContainer.java:259)
	at org.apache.maven.plugin.internal.DefaultMavenPluginManager.getConfiguredMojo(DefaultMavenPluginManager.java:491)
	at org.eclipse.m2e.core.internal.embedder.MavenImpl.getConfiguredMojo(MavenImpl.java:215)
	at org.eclipse.m2e.mavenarchiver.internal.AbstractMavenArchiverConfigurator.reflectManifestGeneration(AbstractMavenArchiverConfigurator.java:439)
	at org.eclipse.m2e.mavenarchiver.internal.AbstractMavenArchiverConfigurator.lambda$3(AbstractMavenArchiverConfigurator.java:398)
	at org.eclipse.m2e.core.internal.embedder.MavenExecutionContext.executeBare(MavenExecutionContext.java:462)
	at org.eclipse.m2e.core.internal.embedder.MavenExecutionContext.execute(MavenExecutionContext.java:342)
	at org.eclipse.m2e.core.internal.embedder.MavenExecutionContext.execute(MavenExecutionContext.java:281)
	at org.eclipse.m2e.mavenarchiver.internal.AbstractMavenArchiverConfigurator.generateManifest(AbstractMavenArchiverConfigurator.java:371)
	at org.eclipse.m2e.mavenarchiver.internal.AbstractMavenArchiverConfigurator.mavenProjectChanged(AbstractMavenArchiverConfigurator.java:228)
	at org.eclipse.m2e.mavenarchiver.internal.AbstractMavenArchiverConfigurator$1.build(AbstractMavenArchiverConfigurator.java:178)
	at org.eclipse.m2e.core.internal.builder.MavenBuilderImpl.lambda$2(MavenBuilderImpl.java:159)
	at java.base/java.util.LinkedHashMap.forEach(LinkedHashMap.java:987)
	at org.eclipse.m2e.core.internal.builder.MavenBuilderImpl.build(MavenBuilderImpl.java:139)
	at org.eclipse.m2e.core.internal.builder.MavenBuilder$1.method(MavenBuilder.java:164)
	at org.eclipse.m2e.core.internal.builder.MavenBuilder$1.method(MavenBuilder.java:1)
	at org.eclipse.m2e.core.internal.builder.MavenBuilder$BuildMethod.lambda$1(MavenBuilder.java:109)
	at org.eclipse.m2e.core.internal.embedder.MavenExecutionContext.executeBare(MavenExecutionContext.java:462)
	at org.eclipse.m2e.core.internal.embedder.MavenExecutionContext.execute(MavenExecutionContext.java:295)
	at org.eclipse.m2e.core.internal.builder.MavenBuilder$BuildMethod.lambda$0(MavenBuilder.java:100)
	at org.eclipse.m2e.core.internal.embedder.MavenExecutionContext.executeBare(MavenExecutionContext.java:462)
	at org.eclipse.m2e.core.internal.embedder.MavenExecutionContext.execute(MavenExecutionContext.java:342)
	at org.eclipse.m2e.core.internal.embedder.MavenExecutionContext.execute(MavenExecutionContext.java:281)
	at org.eclipse.m2e.core.internal.builder.MavenBuilder$BuildMethod.execute(MavenBuilder.java:83)
	at org.eclipse.m2e.core.internal.builder.MavenBuilder.build(MavenBuilder.java:192)
	at org.eclipse.core.internal.events.BuildManager$2.run(BuildManager.java:1109)
	at org.eclipse.core.runtime.SafeRunner.run(SafeRunner.java:47)
	at org.eclipse.core.internal.events.BuildManager.basicBuild(BuildManager.java:299)
	at org.eclipse.core.internal.events.BuildManager.basicBuild(BuildManager.java:355)
	at org.eclipse.core.internal.events.BuildManager$1.run(BuildManager.java:449)
	at org.eclipse.core.runtime.SafeRunner.run(SafeRunner.java:47)
	at org.eclipse.core.internal.events.BuildManager.basicBuild(BuildManager.java:452)
	at org.eclipse.core.internal.events.BuildManager.basicBuildLoop(BuildManager.java:564)
	at org.eclipse.core.internal.events.BuildManager.basicBuildLoop(BuildManager.java:512)
	at org.eclipse.core.internal.events.BuildManager.build(BuildManager.java:594)
	at org.eclipse.core.internal.events.AutoBuildJob.doBuild(AutoBuildJob.java:208)
	at org.eclipse.core.internal.events.AutoBuildJob.run(AutoBuildJob.java:309)
	at org.eclipse.core.internal.jobs.Worker.run(Worker.java:63)
Caused by: com.google.inject.OutOfScopeException: Cannot access session scope outside of a scoping block
	at org.apache.maven.session.scope.internal.SessionScope.getScopeState(SessionScope.java:70)
	at org.apache.maven.session.scope.internal.SessionScope.lambda$scope$2(SessionScope.java:92)
	at com.google.inject.internal.InternalFactoryToProviderAdapter.get(InternalFactoryToProviderAdapter.java:45)
	at com.google.inject.internal.SingleParameterInjector.inject(SingleParameterInjector.java:40)
	at com.google.inject.internal.SingleParameterInjector.getAll(SingleParameterInjector.java:60)
	at com.google.inject.internal.ConstructorInjector.provision(ConstructorInjector.java:113)
	at com.google.inject.internal.ConstructorInjector.access$000(ConstructorInjector.java:33)
	at com.google.inject.internal.ConstructorInjector$1.call(ConstructorInjector.java:98)
	at com.google.inject.internal.ProvisionListenerStackCallback$Provision.provision(ProvisionListenerStackCallback.java:109)
	at com.google.inject.internal.ProvisionListenerStackCallback$Provision.provision(ProvisionListenerStackCallback.java:124)
	at com.google.inject.internal.ProvisionListenerStackCallback.provision(ProvisionListenerStackCallback.java:66)
	at com.google.inject.internal.ConstructorInjector.construct(ConstructorInjector.java:93)
	at com.google.inject.internal.ConstructorBindingImpl$Factory.get(ConstructorBindingImpl.java:300)
	at com.google.inject.internal.InjectorImpl$1.get(InjectorImpl.java:1101)
	... 53 common frames omitted
2026-08-19 17:26:00,699 [Worker-43: Building] WARN  o.apache.maven.project.MavenProject - Direct modification of compileSourceRoots through clear() is deprecated and will not work in Maven 4.0.0. Please use the add/remove methods instead. If you're using a plugin that causes this warning, please upgrade to the latest version and report an issue if the warning persists. To disable these warnings, set -Dmaven.project.sourceRoots.warningsDisabled=true on the command line, in the .mvn/maven.config file, or in project POM properties.
2026-08-19 17:26:00,699 [Worker-43: Building] WARN  o.apache.maven.project.MavenProject - Direct modification of compileSourceRoots through add() is deprecated and will not work in Maven 4.0.0. Please use the add/remove methods instead. If you're using a plugin that causes this warning, please upgrade to the latest version and report an issue if the warning persists. To disable these warnings, set -Dmaven.project.sourceRoots.warningsDisabled=true on the command line, in the .mvn/maven.config file, or in project POM properties.
2026-08-19 17:26:00,700 [Worker-43: Building] WARN  o.apache.maven.project.MavenProject - Direct modification of testCompileSourceRoots through clear() is deprecated and will not work in Maven 4.0.0. Please use the add/remove methods instead. If you're using a plugin that causes this warning, please upgrade to the latest version and report an issue if the warning persists. To disable these warnings, set -Dmaven.project.sourceRoots.warningsDisabled=true on the command line, in the .mvn/maven.config file, or in project POM properties.
2026-08-19 17:26:00,700 [Worker-43: Building] WARN  o.apache.maven.project.MavenProject - Direct modification of testCompileSourceRoots through add() is deprecated and will not work in Maven 4.0.0. Please use the add/remove methods instead. If you're using a plugin that causes this warning, please upgrade to the latest version and report an issue if the warning persists. To disable these warnings, set -Dmaven.project.sourceRoots.warningsDisabled=true on the command line, in the .mvn/maven.config file, or in project POM properties.
2026-08-19 17:27:14,799 [Stop Help Server] INFO  org.eclipse.jetty.server.Server - Stopped oejs.Server@5251135c{STOPPING}[12.1.4,sto=0]
2026-08-19 17:27:14,806 [Stop Help Server] INFO  o.e.jetty.server.AbstractConnector - Stopped oejs.ServerConnector@4d61fa76{HTTP/1.1, (http/1.1)}{127.0.0.1:0}
2026-08-20 11:22:37,170 [Worker-5: Loading available Gradle versions] INFO  o.e.b.c.i.u.g.PublishedGradleVersions - Gradle version information cache is up-to-date. Trying to read.
2026-08-20 11:26:53,728 [Worker-12: Building] INFO  o.a.m.s.f.DefaultMavenResourcesFiltering - Copying 1 resource from src\main\resources to target\classes
2026-08-20 11:26:53,741 [Worker-12: Building] INFO  o.a.m.s.f.DefaultMavenResourcesFiltering - Copying 0 resource from src\main\resources to target\classes
2026-08-20 11:26:53,746 [Worker-12: Building] INFO  o.a.m.s.f.DefaultMavenResourcesFiltering - skip non existing resourceDirectory C:\SOA\Skill3\signupmodule\src\test\resources
2026-08-20 11:26:56,455 [Worker-12: Building] WARN  Sisu - Error injecting: org.apache.maven.plugins.war.WarMojo
com.google.inject.ProvisionException: Unable to provision, see the following errors:

1) [Guice/ErrorInCustomProvider]: OutOfScopeException: Cannot access session scope outside of a scoping block
  at SessionScopeModule.configure(SessionScopeModule.java:55)
      \_ installed by: WireModule -> SessionScopeModule
  at WarMojo.<init>(WarMojo.java:142)
      \_ for 6th parameter
  while locating WarMojo

Learn more:
  https://github.com/google/guice/wiki/ERROR_IN_CUSTOM_PROVIDER

1 error

======================
Full classname legend:
======================
OutOfScopeException: "com.google.inject.OutOfScopeException"
SessionScopeModule:  "org.apache.maven.session.scope.internal.SessionScopeModule"
WarMojo:             "org.apache.maven.plugins.war.WarMojo"
WireModule:          "org.eclipse.sisu.wire.WireModule"
========================
End of classname legend:
========================

	at com.google.inject.internal.InternalProvisionException.toProvisionException(InternalProvisionException.java:251)
	at com.google.inject.internal.InjectorImpl$1.get(InjectorImpl.java:1104)
	at com.google.inject.internal.InjectorImpl.getInstance(InjectorImpl.java:1139)
	at org.eclipse.sisu.space.AbstractDeferredClass.get(AbstractDeferredClass.java:50)
	at com.google.inject.internal.ProviderInternalFactory.provision(ProviderInternalFactory.java:86)
	at com.google.inject.internal.InternalFactoryToInitializableAdapter.provision(InternalFactoryToInitializableAdapter.java:57)
	at com.google.inject.internal.ProviderInternalFactory$1.call(ProviderInternalFactory.java:67)
	at com.google.inject.internal.ProvisionListenerStackCallback$Provision.provision(ProvisionListenerStackCallback.java:109)
	at com.google.inject.internal.ProvisionListenerStackCallback$Provision.provision(ProvisionListenerStackCallback.java:124)
	at com.google.inject.internal.ProvisionListenerStackCallback.provision(ProvisionListenerStackCallback.java:66)
	at com.google.inject.internal.ProviderInternalFactory.circularGet(ProviderInternalFactory.java:62)
	at com.google.inject.internal.InternalFactoryToInitializableAdapter.get(InternalFactoryToInitializableAdapter.java:47)
	at com.google.inject.internal.InjectorImpl$1.get(InjectorImpl.java:1101)
	at org.eclipse.sisu.inject.Guice4$2.get(Guice4.java:235)
	at org.eclipse.sisu.inject.LazyBeanEntry.getValue(LazyBeanEntry.java:83)
	at org.eclipse.sisu.plexus.LazyPlexusBean.getValue(LazyPlexusBean.java:53)
	at org.codehaus.plexus.DefaultPlexusContainer.lookup(DefaultPlexusContainer.java:267)
	at org.codehaus.plexus.DefaultPlexusContainer.lookup(DefaultPlexusContainer.java:259)
	at org.apache.maven.plugin.internal.DefaultMavenPluginManager.getConfiguredMojo(DefaultMavenPluginManager.java:491)
	at org.eclipse.m2e.core.internal.embedder.MavenImpl.getConfiguredMojo(MavenImpl.java:215)
	at org.eclipse.m2e.mavenarchiver.internal.AbstractMavenArchiverConfigurator.reflectManifestGeneration(AbstractMavenArchiverConfigurator.java:439)
	at org.eclipse.m2e.mavenarchiver.internal.AbstractMavenArchiverConfigurator.lambda$3(AbstractMavenArchiverConfigurator.java:398)
	at org.eclipse.m2e.core.internal.embedder.MavenExecutionContext.executeBare(MavenExecutionContext.java:462)
	at org.eclipse.m2e.core.internal.embedder.MavenExecutionContext.execute(MavenExecutionContext.java:342)
	at org.eclipse.m2e.core.internal.embedder.MavenExecutionContext.execute(MavenExecutionContext.java:281)
	at org.eclipse.m2e.mavenarchiver.internal.AbstractMavenArchiverConfigurator.generateManifest(AbstractMavenArchiverConfigurator.java:371)
	at org.eclipse.m2e.mavenarchiver.internal.AbstractMavenArchiverConfigurator.mavenProjectChanged(AbstractMavenArchiverConfigurator.java:228)
	at org.eclipse.m2e.mavenarchiver.internal.AbstractMavenArchiverConfigurator$1.build(AbstractMavenArchiverConfigurator.java:178)
	at org.eclipse.m2e.core.internal.builder.MavenBuilderImpl.lambda$2(MavenBuilderImpl.java:159)
	at java.base/java.util.LinkedHashMap.forEach(LinkedHashMap.java:987)
	at org.eclipse.m2e.core.internal.builder.MavenBuilderImpl.build(MavenBuilderImpl.java:139)
	at org.eclipse.m2e.core.internal.builder.MavenBuilder$1.method(MavenBuilder.java:164)
	at org.eclipse.m2e.core.internal.builder.MavenBuilder$1.method(MavenBuilder.java:1)
	at org.eclipse.m2e.core.internal.builder.MavenBuilder$BuildMethod.lambda$1(MavenBuilder.java:109)
	at org.eclipse.m2e.core.internal.embedder.MavenExecutionContext.executeBare(MavenExecutionContext.java:462)
	at org.eclipse.m2e.core.internal.embedder.MavenExecutionContext.execute(MavenExecutionContext.java:295)
	at org.eclipse.m2e.core.internal.builder.MavenBuilder$BuildMethod.lambda$0(MavenBuilder.java:100)
	at org.eclipse.m2e.core.internal.embedder.MavenExecutionContext.executeBare(MavenExecutionContext.java:462)
	at org.eclipse.m2e.core.internal.embedder.MavenExecutionContext.execute(MavenExecutionContext.java:342)
	at org.eclipse.m2e.core.internal.embedder.MavenExecutionContext.execute(MavenExecutionContext.java:281)
	at org.eclipse.m2e.core.internal.builder.MavenBuilder$BuildMethod.execute(MavenBuilder.java:83)
	at org.eclipse.m2e.core.internal.builder.MavenBuilder.build(MavenBuilder.java:192)
	at org.eclipse.core.internal.events.BuildManager$2.run(BuildManager.java:1109)
	at org.eclipse.core.runtime.SafeRunner.run(SafeRunner.java:47)
	at org.eclipse.core.internal.events.BuildManager.basicBuild(BuildManager.java:299)
	at org.eclipse.core.internal.events.BuildManager.basicBuild(BuildManager.java:355)
	at org.eclipse.core.internal.events.BuildManager$1.run(BuildManager.java:449)
	at org.eclipse.core.runtime.SafeRunner.run(SafeRunner.java:47)
	at org.eclipse.core.internal.events.BuildManager.basicBuild(BuildManager.java:452)
	at org.eclipse.core.internal.events.BuildManager.basicBuildLoop(BuildManager.java:564)
	at org.eclipse.core.internal.events.BuildManager.basicBuildLoop(BuildManager.java:512)
	at org.eclipse.core.internal.events.BuildManager.build(BuildManager.java:594)
	at org.eclipse.core.internal.events.AutoBuildJob.doBuild(AutoBuildJob.java:208)
	at org.eclipse.core.internal.events.AutoBuildJob.run(AutoBuildJob.java:309)
	at org.eclipse.core.internal.jobs.Worker.run(Worker.java:63)
Caused by: com.google.inject.OutOfScopeException: Cannot access session scope outside of a scoping block
	at org.apache.maven.session.scope.internal.SessionScope.getScopeState(SessionScope.java:70)
	at org.apache.maven.session.scope.internal.SessionScope.lambda$scope$2(SessionScope.java:92)
	at com.google.inject.internal.InternalFactoryToProviderAdapter.get(InternalFactoryToProviderAdapter.java:45)
	at com.google.inject.internal.SingleParameterInjector.inject(SingleParameterInjector.java:40)
	at com.google.inject.internal.SingleParameterInjector.getAll(SingleParameterInjector.java:60)
	at com.google.inject.internal.ConstructorInjector.provision(ConstructorInjector.java:113)
	at com.google.inject.internal.ConstructorInjector.access$000(ConstructorInjector.java:33)
	at com.google.inject.internal.ConstructorInjector$1.call(ConstructorInjector.java:98)
	at com.google.inject.internal.ProvisionListenerStackCallback$Provision.provision(ProvisionListenerStackCallback.java:109)
	at com.google.inject.internal.ProvisionListenerStackCallback$Provision.provision(ProvisionListenerStackCallback.java:124)
	at com.google.inject.internal.ProvisionListenerStackCallback.provision(ProvisionListenerStackCallback.java:66)
	at com.google.inject.internal.ConstructorInjector.construct(ConstructorInjector.java:93)
	at com.google.inject.internal.ConstructorBindingImpl$Factory.get(ConstructorBindingImpl.java:300)
	at com.google.inject.internal.InjectorImpl$1.get(InjectorImpl.java:1101)
	... 53 common frames omitted
2026-08-20 11:26:56,497 [Worker-12: Building] WARN  o.apache.maven.project.MavenProject - Direct modification of compileSourceRoots through clear() is deprecated and will not work in Maven 4.0.0. Please use the add/remove methods instead. If you're using a plugin that causes this warning, please upgrade to the latest version and report an issue if the warning persists. To disable these warnings, set -Dmaven.project.sourceRoots.warningsDisabled=true on the command line, in the .mvn/maven.config file, or in project POM properties.
2026-08-20 11:26:56,498 [Worker-12: Building] WARN  o.apache.maven.project.MavenProject - Direct modification of compileSourceRoots through add() is deprecated and will not work in Maven 4.0.0. Please use the add/remove methods instead. If you're using a plugin that causes this warning, please upgrade to the latest version and report an issue if the warning persists. To disable these warnings, set -Dmaven.project.sourceRoots.warningsDisabled=true on the command line, in the .mvn/maven.config file, or in project POM properties.
2026-08-20 11:26:56,498 [Worker-12: Building] WARN  o.apache.maven.project.MavenProject - Direct modification of testCompileSourceRoots through clear() is deprecated and will not work in Maven 4.0.0. Please use the add/remove methods instead. If you're using a plugin that causes this warning, please upgrade to the latest version and report an issue if the warning persists. To disable these warnings, set -Dmaven.project.sourceRoots.warningsDisabled=true on the command line, in the .mvn/maven.config file, or in project POM properties.
2026-08-20 11:26:56,499 [Worker-12: Building] WARN  o.apache.maven.project.MavenProject - Direct modification of testCompileSourceRoots through add() is deprecated and will not work in Maven 4.0.0. Please use the add/remove methods instead. If you're using a plugin that causes this warning, please upgrade to the latest version and report an issue if the warning persists. To disable these warnings, set -Dmaven.project.sourceRoots.warningsDisabled=true on the command line, in the .mvn/maven.config file, or in project POM properties.
2026-08-20 11:27:36,191 [Worker-4: Building] INFO  o.a.m.s.f.DefaultMavenResourcesFiltering - Copying 0 resource from src\main\resources to target\classes
2026-08-20 11:27:36,192 [Worker-4: Building] INFO  o.a.m.s.f.DefaultMavenResourcesFiltering - Copying 0 resource from src\main\resources to target\classes
2026-08-20 11:27:36,196 [Worker-4: Building] INFO  o.a.m.s.f.DefaultMavenResourcesFiltering - skip non existing resourceDirectory C:\SOA\Skill3\signupmodule\src\test\resources
2026-08-20 11:27:36,204 [Worker-4: Building] WARN  Sisu - Error injecting: org.apache.maven.plugins.war.WarMojo
com.google.inject.ProvisionException: Unable to provision, see the following errors:

1) [Guice/ErrorInCustomProvider]: OutOfScopeException: Cannot access session scope outside of a scoping block
  at SessionScopeModule.configure(SessionScopeModule.java:55)
      \_ installed by: WireModule -> SessionScopeModule
  at WarMojo.<init>(WarMojo.java:142)
      \_ for 6th parameter
  while locating WarMojo

Learn more:
  https://github.com/google/guice/wiki/ERROR_IN_CUSTOM_PROVIDER

1 error

======================
Full classname legend:
======================
OutOfScopeException: "com.google.inject.OutOfScopeException"
SessionScopeModule:  "org.apache.maven.session.scope.internal.SessionScopeModule"
WarMojo:             "org.apache.maven.plugins.war.WarMojo"
WireModule:          "org.eclipse.sisu.wire.WireModule"
========================
End of classname legend:
========================

	at com.google.inject.internal.InternalProvisionException.toProvisionException(InternalProvisionException.java:251)
	at com.google.inject.internal.InjectorImpl$1.get(InjectorImpl.java:1104)
	at com.google.inject.internal.InjectorImpl.getInstance(InjectorImpl.java:1139)
	at org.eclipse.sisu.space.AbstractDeferredClass.get(AbstractDeferredClass.java:50)
	at com.google.inject.internal.ProviderInternalFactory.provision(ProviderInternalFactory.java:86)
	at com.google.inject.internal.InternalFactoryToInitializableAdapter.provision(InternalFactoryToInitializableAdapter.java:57)
	at com.google.inject.internal.ProviderInternalFactory$1.call(ProviderInternalFactory.java:67)
	at com.google.inject.internal.ProvisionListenerStackCallback$Provision.provision(ProvisionListenerStackCallback.java:109)
	at com.google.inject.internal.ProvisionListenerStackCallback$Provision.provision(ProvisionListenerStackCallback.java:124)
	at com.google.inject.internal.ProvisionListenerStackCallback.provision(ProvisionListenerStackCallback.java:66)
	at com.google.inject.internal.ProviderInternalFactory.circularGet(ProviderInternalFactory.java:62)
	at com.google.inject.internal.InternalFactoryToInitializableAdapter.get(InternalFactoryToInitializableAdapter.java:47)
	at com.google.inject.internal.InjectorImpl$1.get(InjectorImpl.java:1101)
	at org.eclipse.sisu.inject.Guice4$2.get(Guice4.java:235)
	at org.eclipse.sisu.inject.LazyBeanEntry.getValue(LazyBeanEntry.java:83)
	at org.eclipse.sisu.plexus.LazyPlexusBean.getValue(LazyPlexusBean.java:53)
	at org.codehaus.plexus.DefaultPlexusContainer.lookup(DefaultPlexusContainer.java:267)
	at org.codehaus.plexus.DefaultPlexusContainer.lookup(DefaultPlexusContainer.java:259)
	at org.apache.maven.plugin.internal.DefaultMavenPluginManager.getConfiguredMojo(DefaultMavenPluginManager.java:491)
	at org.eclipse.m2e.core.internal.embedder.MavenImpl.getConfiguredMojo(MavenImpl.java:215)
	at org.eclipse.m2e.mavenarchiver.internal.AbstractMavenArchiverConfigurator.reflectManifestGeneration(AbstractMavenArchiverConfigurator.java:439)
	at org.eclipse.m2e.mavenarchiver.internal.AbstractMavenArchiverConfigurator.lambda$3(AbstractMavenArchiverConfigurator.java:398)
	at org.eclipse.m2e.core.internal.embedder.MavenExecutionContext.executeBare(MavenExecutionContext.java:462)
	at org.eclipse.m2e.core.internal.embedder.MavenExecutionContext.execute(MavenExecutionContext.java:342)
	at org.eclipse.m2e.core.internal.embedder.MavenExecutionContext.execute(MavenExecutionContext.java:281)
	at org.eclipse.m2e.mavenarchiver.internal.AbstractMavenArchiverConfigurator.generateManifest(AbstractMavenArchiverConfigurator.java:371)
	at org.eclipse.m2e.mavenarchiver.internal.AbstractMavenArchiverConfigurator.mavenProjectChanged(AbstractMavenArchiverConfigurator.java:228)
	at org.eclipse.m2e.mavenarchiver.internal.AbstractMavenArchiverConfigurator$1.build(AbstractMavenArchiverConfigurator.java:178)
	at org.eclipse.m2e.core.internal.builder.MavenBuilderImpl.lambda$2(MavenBuilderImpl.java:159)
	at java.base/java.util.LinkedHashMap.forEach(LinkedHashMap.java:987)
	at org.eclipse.m2e.core.internal.builder.MavenBuilderImpl.build(MavenBuilderImpl.java:139)
	at org.eclipse.m2e.core.internal.builder.MavenBuilder$1.method(MavenBuilder.java:164)
	at org.eclipse.m2e.core.internal.builder.MavenBuilder$1.method(MavenBuilder.java:1)
	at org.eclipse.m2e.core.internal.builder.MavenBuilder$BuildMethod.lambda$1(MavenBuilder.java:109)
	at org.eclipse.m2e.core.internal.embedder.MavenExecutionContext.executeBare(MavenExecutionContext.java:462)
	at org.eclipse.m2e.core.internal.embedder.MavenExecutionContext.execute(MavenExecutionContext.java:295)
	at org.eclipse.m2e.core.internal.builder.MavenBuilder$BuildMethod.lambda$0(MavenBuilder.java:100)
	at org.eclipse.m2e.core.internal.embedder.MavenExecutionContext.executeBare(MavenExecutionContext.java:462)
	at org.eclipse.m2e.core.internal.embedder.MavenExecutionContext.execute(MavenExecutionContext.java:342)
	at org.eclipse.m2e.core.internal.embedder.MavenExecutionContext.execute(MavenExecutionContext.java:281)
	at org.eclipse.m2e.core.internal.builder.MavenBuilder$BuildMethod.execute(MavenBuilder.java:83)
	at org.eclipse.m2e.core.internal.builder.MavenBuilder.build(MavenBuilder.java:192)
	at org.eclipse.core.internal.events.BuildManager$2.run(BuildManager.java:1109)
	at org.eclipse.core.runtime.SafeRunner.run(SafeRunner.java:47)
	at org.eclipse.core.internal.events.BuildManager.basicBuild(BuildManager.java:299)
	at org.eclipse.core.internal.events.BuildManager.basicBuild(BuildManager.java:355)
	at org.eclipse.core.internal.events.BuildManager$1.run(BuildManager.java:449)
	at org.eclipse.core.runtime.SafeRunner.run(SafeRunner.java:47)
	at org.eclipse.core.internal.events.BuildManager.basicBuild(BuildManager.java:452)
	at org.eclipse.core.internal.events.BuildManager.basicBuildLoop(BuildManager.java:564)
	at org.eclipse.core.internal.events.BuildManager.basicBuildLoop(BuildManager.java:512)
	at org.eclipse.core.internal.events.BuildManager.build(BuildManager.java:594)
	at org.eclipse.core.internal.events.AutoBuildJob.doBuild(AutoBuildJob.java:208)
	at org.eclipse.core.internal.events.AutoBuildJob.run(AutoBuildJob.java:309)
	at org.eclipse.core.internal.jobs.Worker.run(Worker.java:63)
Caused by: com.google.inject.OutOfScopeException: Cannot access session scope outside of a scoping block
	at org.apache.maven.session.scope.internal.SessionScope.getScopeState(SessionScope.java:70)
	at org.apache.maven.session.scope.internal.SessionScope.lambda$scope$2(SessionScope.java:92)
	at com.google.inject.internal.InternalFactoryToProviderAdapter.get(InternalFactoryToProviderAdapter.java:45)
	at com.google.inject.internal.SingleParameterInjector.inject(SingleParameterInjector.java:40)
	at com.google.inject.internal.SingleParameterInjector.getAll(SingleParameterInjector.java:60)
	at com.google.inject.internal.ConstructorInjector.provision(ConstructorInjector.java:113)
	at com.google.inject.internal.ConstructorInjector.access$000(ConstructorInjector.java:33)
	at com.google.inject.internal.ConstructorInjector$1.call(ConstructorInjector.java:98)
	at com.google.inject.internal.ProvisionListenerStackCallback$Provision.provision(ProvisionListenerStackCallback.java:109)
	at com.google.inject.internal.ProvisionListenerStackCallback$Provision.provision(ProvisionListenerStackCallback.java:124)
	at com.google.inject.internal.ProvisionListenerStackCallback.provision(ProvisionListenerStackCallback.java:66)
	at com.google.inject.internal.ConstructorInjector.construct(ConstructorInjector.java:93)
	at com.google.inject.internal.ConstructorBindingImpl$Factory.get(ConstructorBindingImpl.java:300)
	at com.google.inject.internal.InjectorImpl$1.get(InjectorImpl.java:1101)
	... 53 common frames omitted
2026-08-20 11:27:36,209 [Worker-4: Building] WARN  o.apache.maven.project.MavenProject - Direct modification of compileSourceRoots through clear() is deprecated and will not work in Maven 4.0.0. Please use the add/remove methods instead. If you're using a plugin that causes this warning, please upgrade to the latest version and report an issue if the warning persists. To disable these warnings, set -Dmaven.project.sourceRoots.warningsDisabled=true on the command line, in the .mvn/maven.config file, or in project POM properties.
2026-08-20 11:27:36,210 [Worker-4: Building] WARN  o.apache.maven.project.MavenProject - Direct modification of compileSourceRoots through add() is deprecated and will not work in Maven 4.0.0. Please use the add/remove methods instead. If you're using a plugin that causes this warning, please upgrade to the latest version and report an issue if the warning persists. To disable these warnings, set -Dmaven.project.sourceRoots.warningsDisabled=true on the command line, in the .mvn/maven.config file, or in project POM properties.
2026-08-20 11:27:36,211 [Worker-4: Building] WARN  o.apache.maven.project.MavenProject - Direct modification of testCompileSourceRoots through clear() is deprecated and will not work in Maven 4.0.0. Please use the add/remove methods instead. If you're using a plugin that causes this warning, please upgrade to the latest version and report an issue if the warning persists. To disable these warnings, set -Dmaven.project.sourceRoots.warningsDisabled=true on the command line, in the .mvn/maven.config file, or in project POM properties.
2026-08-20 11:27:36,212 [Worker-4: Building] WARN  o.apache.maven.project.MavenProject - Direct modification of testCompileSourceRoots through add() is deprecated and will not work in Maven 4.0.0. Please use the add/remove methods instead. If you're using a plugin that causes this warning, please upgrade to the latest version and report an issue if the warning persists. To disable these warnings, set -Dmaven.project.sourceRoots.warningsDisabled=true on the command line, in the .mvn/maven.config file, or in project POM properties.
2026-08-20 11:28:54,757 [Worker-15: Building] INFO  o.a.m.s.f.DefaultMavenResourcesFiltering - Copying 0 resource from src\main\resources to target\classes
2026-08-20 11:28:54,757 [Worker-15: Building] INFO  o.a.m.s.f.DefaultMavenResourcesFiltering - Copying 0 resource from src\main\resources to target\classes
2026-08-20 11:28:54,760 [Worker-15: Building] INFO  o.a.m.s.f.DefaultMavenResourcesFiltering - skip non existing resourceDirectory C:\SOA\Skill3\signupmodule\src\test\resources
2026-08-20 11:28:54,769 [Worker-15: Building] WARN  Sisu - Error injecting: org.apache.maven.plugins.war.WarMojo
com.google.inject.ProvisionException: Unable to provision, see the following errors:

1) [Guice/ErrorInCustomProvider]: OutOfScopeException: Cannot access session scope outside of a scoping block
  at SessionScopeModule.configure(SessionScopeModule.java:55)
      \_ installed by: WireModule -> SessionScopeModule
  at WarMojo.<init>(WarMojo.java:142)
      \_ for 6th parameter
  while locating WarMojo

Learn more:
  https://github.com/google/guice/wiki/ERROR_IN_CUSTOM_PROVIDER

1 error

======================
Full classname legend:
======================
OutOfScopeException: "com.google.inject.OutOfScopeException"
SessionScopeModule:  "org.apache.maven.session.scope.internal.SessionScopeModule"
WarMojo:             "org.apache.maven.plugins.war.WarMojo"
WireModule:          "org.eclipse.sisu.wire.WireModule"
========================
End of classname legend:
========================

	at com.google.inject.internal.InternalProvisionException.toProvisionException(InternalProvisionException.java:251)
	at com.google.inject.internal.InjectorImpl$1.get(InjectorImpl.java:1104)
	at com.google.inject.internal.InjectorImpl.getInstance(InjectorImpl.java:1139)
	at org.eclipse.sisu.space.AbstractDeferredClass.get(AbstractDeferredClass.java:50)
	at com.google.inject.internal.ProviderInternalFactory.provision(ProviderInternalFactory.java:86)
	at com.google.inject.internal.InternalFactoryToInitializableAdapter.provision(InternalFactoryToInitializableAdapter.java:57)
	at com.google.inject.internal.ProviderInternalFactory$1.call(ProviderInternalFactory.java:67)
	at com.google.inject.internal.ProvisionListenerStackCallback$Provision.provision(ProvisionListenerStackCallback.java:109)
	at com.google.inject.internal.ProvisionListenerStackCallback$Provision.provision(ProvisionListenerStackCallback.java:124)
	at com.google.inject.internal.ProvisionListenerStackCallback.provision(ProvisionListenerStackCallback.java:66)
	at com.google.inject.internal.ProviderInternalFactory.circularGet(ProviderInternalFactory.java:62)
	at com.google.inject.internal.InternalFactoryToInitializableAdapter.get(InternalFactoryToInitializableAdapter.java:47)
	at com.google.inject.internal.InjectorImpl$1.get(InjectorImpl.java:1101)
	at org.eclipse.sisu.inject.Guice4$2.get(Guice4.java:235)
	at org.eclipse.sisu.inject.LazyBeanEntry.getValue(LazyBeanEntry.java:83)
	at org.eclipse.sisu.plexus.LazyPlexusBean.getValue(LazyPlexusBean.java:53)
	at org.codehaus.plexus.DefaultPlexusContainer.lookup(DefaultPlexusContainer.java:267)
	at org.codehaus.plexus.DefaultPlexusContainer.lookup(DefaultPlexusContainer.java:259)
	at org.apache.maven.plugin.internal.DefaultMavenPluginManager.getConfiguredMojo(DefaultMavenPluginManager.java:491)
	at org.eclipse.m2e.core.internal.embedder.MavenImpl.getConfiguredMojo(MavenImpl.java:215)
	at org.eclipse.m2e.mavenarchiver.internal.AbstractMavenArchiverConfigurator.reflectManifestGeneration(AbstractMavenArchiverConfigurator.java:439)
	at org.eclipse.m2e.mavenarchiver.internal.AbstractMavenArchiverConfigurator.lambda$3(AbstractMavenArchiverConfigurator.java:398)
	at org.eclipse.m2e.core.internal.embedder.MavenExecutionContext.executeBare(MavenExecutionContext.java:462)
	at org.eclipse.m2e.core.internal.embedder.MavenExecutionContext.execute(MavenExecutionContext.java:342)
	at org.eclipse.m2e.core.internal.embedder.MavenExecutionContext.execute(MavenExecutionContext.java:281)
	at org.eclipse.m2e.mavenarchiver.internal.AbstractMavenArchiverConfigurator.generateManifest(AbstractMavenArchiverConfigurator.java:371)
	at org.eclipse.m2e.mavenarchiver.internal.AbstractMavenArchiverConfigurator.mavenProjectChanged(AbstractMavenArchiverConfigurator.java:228)
	at org.eclipse.m2e.mavenarchiver.internal.AbstractMavenArchiverConfigurator$1.build(AbstractMavenArchiverConfigurator.java:178)
	at org.eclipse.m2e.core.internal.builder.MavenBuilderImpl.lambda$2(MavenBuilderImpl.java:159)
	at java.base/java.util.LinkedHashMap.forEach(LinkedHashMap.java:987)
	at org.eclipse.m2e.core.internal.builder.MavenBuilderImpl.build(MavenBuilderImpl.java:139)
	at org.eclipse.m2e.core.internal.builder.MavenBuilder$1.method(MavenBuilder.java:164)
	at org.eclipse.m2e.core.internal.builder.MavenBuilder$1.method(MavenBuilder.java:1)
	at org.eclipse.m2e.core.internal.builder.MavenBuilder$BuildMethod.lambda$1(MavenBuilder.java:109)
	at org.eclipse.m2e.core.internal.embedder.MavenExecutionContext.executeBare(MavenExecutionContext.java:462)
	at org.eclipse.m2e.core.internal.embedder.MavenExecutionContext.execute(MavenExecutionContext.java:295)
	at org.eclipse.m2e.core.internal.builder.MavenBuilder$BuildMethod.lambda$0(MavenBuilder.java:100)
	at org.eclipse.m2e.core.internal.embedder.MavenExecutionContext.executeBare(MavenExecutionContext.java:462)
	at org.eclipse.m2e.core.internal.embedder.MavenExecutionContext.execute(MavenExecutionContext.java:342)
	at org.eclipse.m2e.core.internal.embedder.MavenExecutionContext.execute(MavenExecutionContext.java:281)
	at org.eclipse.m2e.core.internal.builder.MavenBuilder$BuildMethod.execute(MavenBuilder.java:83)
	at org.eclipse.m2e.core.internal.builder.MavenBuilder.build(MavenBuilder.java:192)
	at org.eclipse.core.internal.events.BuildManager$2.run(BuildManager.java:1109)
	at org.eclipse.core.runtime.SafeRunner.run(SafeRunner.java:47)
	at org.eclipse.core.internal.events.BuildManager.basicBuild(BuildManager.java:299)
	at org.eclipse.core.internal.events.BuildManager.basicBuild(BuildManager.java:355)
	at org.eclipse.core.internal.events.BuildManager$1.run(BuildManager.java:449)
	at org.eclipse.core.runtime.SafeRunner.run(SafeRunner.java:47)
	at org.eclipse.core.internal.events.BuildManager.basicBuild(BuildManager.java:452)
	at org.eclipse.core.internal.events.BuildManager.basicBuildLoop(BuildManager.java:564)
	at org.eclipse.core.internal.events.BuildManager.basicBuildLoop(BuildManager.java:512)
	at org.eclipse.core.internal.events.BuildManager.build(BuildManager.java:594)
	at org.eclipse.core.internal.events.AutoBuildJob.doBuild(AutoBuildJob.java:208)
	at org.eclipse.core.internal.events.AutoBuildJob.run(AutoBuildJob.java:309)
	at org.eclipse.core.internal.jobs.Worker.run(Worker.java:63)
Caused by: com.google.inject.OutOfScopeException: Cannot access session scope outside of a scoping block
	at org.apache.maven.session.scope.internal.SessionScope.getScopeState(SessionScope.java:70)
	at org.apache.maven.session.scope.internal.SessionScope.lambda$scope$2(SessionScope.java:92)
	at com.google.inject.internal.InternalFactoryToProviderAdapter.get(InternalFactoryToProviderAdapter.java:45)
	at com.google.inject.internal.SingleParameterInjector.inject(SingleParameterInjector.java:40)
	at com.google.inject.internal.SingleParameterInjector.getAll(SingleParameterInjector.java:60)
	at com.google.inject.internal.ConstructorInjector.provision(ConstructorInjector.java:113)
	at com.google.inject.internal.ConstructorInjector.access$000(ConstructorInjector.java:33)
	at com.google.inject.internal.ConstructorInjector$1.call(ConstructorInjector.java:98)
	at com.google.inject.internal.ProvisionListenerStackCallback$Provision.provision(ProvisionListenerStackCallback.java:109)
	at com.google.inject.internal.ProvisionListenerStackCallback$Provision.provision(ProvisionListenerStackCallback.java:124)
	at com.google.inject.internal.ProvisionListenerStackCallback.provision(ProvisionListenerStackCallback.java:66)
	at com.google.inject.internal.ConstructorInjector.construct(ConstructorInjector.java:93)
	at com.google.inject.internal.ConstructorBindingImpl$Factory.get(ConstructorBindingImpl.java:300)
	at com.google.inject.internal.InjectorImpl$1.get(InjectorImpl.java:1101)
	... 53 common frames omitted
2026-08-20 11:28:54,774 [Worker-15: Building] WARN  o.apache.maven.project.MavenProject - Direct modification of compileSourceRoots through clear() is deprecated and will not work in Maven 4.0.0. Please use the add/remove methods instead. If you're using a plugin that causes this warning, please upgrade to the latest version and report an issue if the warning persists. To disable these warnings, set -Dmaven.project.sourceRoots.warningsDisabled=true on the command line, in the .mvn/maven.config file, or in project POM properties.
2026-08-20 11:28:54,775 [Worker-15: Building] WARN  o.apache.maven.project.MavenProject - Direct modification of compileSourceRoots through add() is deprecated and will not work in Maven 4.0.0. Please use the add/remove methods instead. If you're using a plugin that causes this warning, please upgrade to the latest version and report an issue if the warning persists. To disable these warnings, set -Dmaven.project.sourceRoots.warningsDisabled=true on the command line, in the .mvn/maven.config file, or in project POM properties.
2026-08-20 11:28:54,775 [Worker-15: Building] WARN  o.apache.maven.project.MavenProject - Direct modification of testCompileSourceRoots through clear() is deprecated and will not work in Maven 4.0.0. Please use the add/remove methods instead. If you're using a plugin that causes this warning, please upgrade to the latest version and report an issue if the warning persists. To disable these warnings, set -Dmaven.project.sourceRoots.warningsDisabled=true on the command line, in the .mvn/maven.config file, or in project POM properties.
2026-08-20 11:28:54,776 [Worker-15: Building] WARN  o.apache.maven.project.MavenProject - Direct modification of testCompileSourceRoots through add() is deprecated and will not work in Maven 4.0.0. Please use the add/remove methods instead. If you're using a plugin that causes this warning, please upgrade to the latest version and report an issue if the warning persists. To disable these warnings, set -Dmaven.project.sourceRoots.warningsDisabled=true on the command line, in the .mvn/maven.config file, or in project POM properties.
2026-08-20 11:31:01,155 [Worker-4: Building] INFO  o.a.m.s.f.DefaultMavenResourcesFiltering - Copying 0 resource from src\main\resources to target\classes
2026-08-20 11:31:01,157 [Worker-4: Building] INFO  o.a.m.s.f.DefaultMavenResourcesFiltering - Copying 0 resource from src\main\resources to target\classes
2026-08-20 11:31:01,162 [Worker-4: Building] INFO  o.a.m.s.f.DefaultMavenResourcesFiltering - skip non existing resourceDirectory C:\SOA\Skill3\signupmodule\src\test\resources
2026-08-20 11:31:01,176 [Worker-4: Building] WARN  Sisu - Error injecting: org.apache.maven.plugins.war.WarMojo
com.google.inject.ProvisionException: Unable to provision, see the following errors:

1) [Guice/ErrorInCustomProvider]: OutOfScopeException: Cannot access session scope outside of a scoping block
  at SessionScopeModule.configure(SessionScopeModule.java:55)
      \_ installed by: WireModule -> SessionScopeModule
  at WarMojo.<init>(WarMojo.java:142)
      \_ for 6th parameter
  while locating WarMojo

Learn more:
  https://github.com/google/guice/wiki/ERROR_IN_CUSTOM_PROVIDER

1 error

======================
Full classname legend:
======================
OutOfScopeException: "com.google.inject.OutOfScopeException"
SessionScopeModule:  "org.apache.maven.session.scope.internal.SessionScopeModule"
WarMojo:             "org.apache.maven.plugins.war.WarMojo"
WireModule:          "org.eclipse.sisu.wire.WireModule"
========================
End of classname legend:
========================

	at com.google.inject.internal.InternalProvisionException.toProvisionException(InternalProvisionException.java:251)
	at com.google.inject.internal.InjectorImpl$1.get(InjectorImpl.java:1104)
	at com.google.inject.internal.InjectorImpl.getInstance(InjectorImpl.java:1139)
	at org.eclipse.sisu.space.AbstractDeferredClass.get(AbstractDeferredClass.java:50)
	at com.google.inject.internal.ProviderInternalFactory.provision(ProviderInternalFactory.java:86)
	at com.google.inject.internal.InternalFactoryToInitializableAdapter.provision(InternalFactoryToInitializableAdapter.java:57)
	at com.google.inject.internal.ProviderInternalFactory$1.call(ProviderInternalFactory.java:67)
	at com.google.inject.internal.ProvisionListenerStackCallback$Provision.provision(ProvisionListenerStackCallback.java:109)
	at com.google.inject.internal.ProvisionListenerStackCallback$Provision.provision(ProvisionListenerStackCallback.java:124)
	at com.google.inject.internal.ProvisionListenerStackCallback.provision(ProvisionListenerStackCallback.java:66)
	at com.google.inject.internal.ProviderInternalFactory.circularGet(ProviderInternalFactory.java:62)
	at com.google.inject.internal.InternalFactoryToInitializableAdapter.get(InternalFactoryToInitializableAdapter.java:47)
	at com.google.inject.internal.InjectorImpl$1.get(InjectorImpl.java:1101)
	at org.eclipse.sisu.inject.Guice4$2.get(Guice4.java:235)
	at org.eclipse.sisu.inject.LazyBeanEntry.getValue(LazyBeanEntry.java:83)
	at org.eclipse.sisu.plexus.LazyPlexusBean.getValue(LazyPlexusBean.java:53)
	at org.codehaus.plexus.DefaultPlexusContainer.lookup(DefaultPlexusContainer.java:267)
	at org.codehaus.plexus.DefaultPlexusContainer.lookup(DefaultPlexusContainer.java:259)
	at org.apache.maven.plugin.internal.DefaultMavenPluginManager.getConfiguredMojo(DefaultMavenPluginManager.java:491)
	at org.eclipse.m2e.core.internal.embedder.MavenImpl.getConfiguredMojo(MavenImpl.java:215)
	at org.eclipse.m2e.mavenarchiver.internal.AbstractMavenArchiverConfigurator.reflectManifestGeneration(AbstractMavenArchiverConfigurator.java:439)
	at org.eclipse.m2e.mavenarchiver.internal.AbstractMavenArchiverConfigurator.lambda$3(AbstractMavenArchiverConfigurator.java:398)
	at org.eclipse.m2e.core.internal.embedder.MavenExecutionContext.executeBare(MavenExecutionContext.java:462)
	at org.eclipse.m2e.core.internal.embedder.MavenExecutionContext.execute(MavenExecutionContext.java:342)
	at org.eclipse.m2e.core.internal.embedder.MavenExecutionContext.execute(MavenExecutionContext.java:281)
	at org.eclipse.m2e.mavenarchiver.internal.AbstractMavenArchiverConfigurator.generateManifest(AbstractMavenArchiverConfigurator.java:371)
	at org.eclipse.m2e.mavenarchiver.internal.AbstractMavenArchiverConfigurator.mavenProjectChanged(AbstractMavenArchiverConfigurator.java:228)
	at org.eclipse.m2e.mavenarchiver.internal.AbstractMavenArchiverConfigurator$1.build(AbstractMavenArchiverConfigurator.java:178)
	at org.eclipse.m2e.core.internal.builder.MavenBuilderImpl.lambda$2(MavenBuilderImpl.java:159)
	at java.base/java.util.LinkedHashMap.forEach(LinkedHashMap.java:987)
	at org.eclipse.m2e.core.internal.builder.MavenBuilderImpl.build(MavenBuilderImpl.java:139)
	at org.eclipse.m2e.core.internal.builder.MavenBuilder$1.method(MavenBuilder.java:164)
	at org.eclipse.m2e.core.internal.builder.MavenBuilder$1.method(MavenBuilder.java:1)
	at org.eclipse.m2e.core.internal.builder.MavenBuilder$BuildMethod.lambda$1(MavenBuilder.java:109)
	at org.eclipse.m2e.core.internal.embedder.MavenExecutionContext.executeBare(MavenExecutionContext.java:462)
	at org.eclipse.m2e.core.internal.embedder.MavenExecutionContext.execute(MavenExecutionContext.java:295)
	at org.eclipse.m2e.core.internal.builder.MavenBuilder$BuildMethod.lambda$0(MavenBuilder.java:100)
	at org.eclipse.m2e.core.internal.embedder.MavenExecutionContext.executeBare(MavenExecutionContext.java:462)
	at org.eclipse.m2e.core.internal.embedder.MavenExecutionContext.execute(MavenExecutionContext.java:342)
	at org.eclipse.m2e.core.internal.embedder.MavenExecutionContext.execute(MavenExecutionContext.java:281)
	at org.eclipse.m2e.core.internal.builder.MavenBuilder$BuildMethod.execute(MavenBuilder.java:83)
	at org.eclipse.m2e.core.internal.builder.MavenBuilder.build(MavenBuilder.java:192)
	at org.eclipse.core.internal.events.BuildManager$2.run(BuildManager.java:1109)
	at org.eclipse.core.runtime.SafeRunner.run(SafeRunner.java:47)
	at org.eclipse.core.internal.events.BuildManager.basicBuild(BuildManager.java:299)
	at org.eclipse.core.internal.events.BuildManager.basicBuild(BuildManager.java:355)
	at org.eclipse.core.internal.events.BuildManager$1.run(BuildManager.java:449)
	at org.eclipse.core.runtime.SafeRunner.run(SafeRunner.java:47)
	at org.eclipse.core.internal.events.BuildManager.basicBuild(BuildManager.java:452)
	at org.eclipse.core.internal.events.BuildManager.basicBuildLoop(BuildManager.java:564)
	at org.eclipse.core.internal.events.BuildManager.basicBuildLoop(BuildManager.java:512)
	at org.eclipse.core.internal.events.BuildManager.build(BuildManager.java:594)
	at org.eclipse.core.internal.events.AutoBuildJob.doBuild(AutoBuildJob.java:208)
	at org.eclipse.core.internal.events.AutoBuildJob.run(AutoBuildJob.java:309)
	at org.eclipse.core.internal.jobs.Worker.run(Worker.java:63)
Caused by: com.google.inject.OutOfScopeException: Cannot access session scope outside of a scoping block
	at org.apache.maven.session.scope.internal.SessionScope.getScopeState(SessionScope.java:70)
	at org.apache.maven.session.scope.internal.SessionScope.lambda$scope$2(SessionScope.java:92)
	at com.google.inject.internal.InternalFactoryToProviderAdapter.get(InternalFactoryToProviderAdapter.java:45)
	at com.google.inject.internal.SingleParameterInjector.inject(SingleParameterInjector.java:40)
	at com.google.inject.internal.SingleParameterInjector.getAll(SingleParameterInjector.java:60)
	at com.google.inject.internal.ConstructorInjector.provision(ConstructorInjector.java:113)
	at com.google.inject.internal.ConstructorInjector.access$000(ConstructorInjector.java:33)
	at com.google.inject.internal.ConstructorInjector$1.call(ConstructorInjector.java:98)
	at com.google.inject.internal.ProvisionListenerStackCallback$Provision.provision(ProvisionListenerStackCallback.java:109)
	at com.google.inject.internal.ProvisionListenerStackCallback$Provision.provision(ProvisionListenerStackCallback.java:124)
	at com.google.inject.internal.ProvisionListenerStackCallback.provision(ProvisionListenerStackCallback.java:66)
	at com.google.inject.internal.ConstructorInjector.construct(ConstructorInjector.java:93)
	at com.google.inject.internal.ConstructorBindingImpl$Factory.get(ConstructorBindingImpl.java:300)
	at com.google.inject.internal.InjectorImpl$1.get(InjectorImpl.java:1101)
	... 53 common frames omitted
2026-08-20 11:31:01,182 [Worker-4: Building] WARN  o.apache.maven.project.MavenProject - Direct modification of compileSourceRoots through clear() is deprecated and will not work in Maven 4.0.0. Please use the add/remove methods instead. If you're using a plugin that causes this warning, please upgrade to the latest version and report an issue if the warning persists. To disable these warnings, set -Dmaven.project.sourceRoots.warningsDisabled=true on the command line, in the .mvn/maven.config file, or in project POM properties.
2026-08-20 11:31:01,183 [Worker-4: Building] WARN  o.apache.maven.project.MavenProject - Direct modification of compileSourceRoots through add() is deprecated and will not work in Maven 4.0.0. Please use the add/remove methods instead. If you're using a plugin that causes this warning, please upgrade to the latest version and report an issue if the warning persists. To disable these warnings, set -Dmaven.project.sourceRoots.warningsDisabled=true on the command line, in the .mvn/maven.config file, or in project POM properties.
2026-08-20 11:31:01,183 [Worker-4: Building] WARN  o.apache.maven.project.MavenProject - Direct modification of testCompileSourceRoots through clear() is deprecated and will not work in Maven 4.0.0. Please use the add/remove methods instead. If you're using a plugin that causes this warning, please upgrade to the latest version and report an issue if the warning persists. To disable these warnings, set -Dmaven.project.sourceRoots.warningsDisabled=true on the command line, in the .mvn/maven.config file, or in project POM properties.
2026-08-20 11:31:01,184 [Worker-4: Building] WARN  o.apache.maven.project.MavenProject - Direct modification of testCompileSourceRoots through add() is deprecated and will not work in Maven 4.0.0. Please use the add/remove methods instead. If you're using a plugin that causes this warning, please upgrade to the latest version and report an issue if the warning persists. To disable these warnings, set -Dmaven.project.sourceRoots.warningsDisabled=true on the command line, in the .mvn/maven.config file, or in project POM properties.
2026-08-20 11:33:01,561 [Worker-15: Building] INFO  o.a.m.s.f.DefaultMavenResourcesFiltering - Copying 0 resource from src\main\resources to target\classes
2026-08-20 11:33:01,562 [Worker-15: Building] INFO  o.a.m.s.f.DefaultMavenResourcesFiltering - Copying 0 resource from src\main\resources to target\classes
2026-08-20 11:33:01,565 [Worker-15: Building] INFO  o.a.m.s.f.DefaultMavenResourcesFiltering - skip non existing resourceDirectory C:\SOA\Skill3\signupmodule\src\test\resources
2026-08-20 11:33:01,572 [Worker-15: Building] WARN  Sisu - Error injecting: org.apache.maven.plugins.war.WarMojo
com.google.inject.ProvisionException: Unable to provision, see the following errors:

1) [Guice/ErrorInCustomProvider]: OutOfScopeException: Cannot access session scope outside of a scoping block
  at SessionScopeModule.configure(SessionScopeModule.java:55)
      \_ installed by: WireModule -> SessionScopeModule
  at WarMojo.<init>(WarMojo.java:142)
      \_ for 6th parameter
  while locating WarMojo

Learn more:
  https://github.com/google/guice/wiki/ERROR_IN_CUSTOM_PROVIDER

1 error

======================
Full classname legend:
======================
OutOfScopeException: "com.google.inject.OutOfScopeException"
SessionScopeModule:  "org.apache.maven.session.scope.internal.SessionScopeModule"
WarMojo:             "org.apache.maven.plugins.war.WarMojo"
WireModule:          "org.eclipse.sisu.wire.WireModule"
========================
End of classname legend:
========================

	at com.google.inject.internal.InternalProvisionException.toProvisionException(InternalProvisionException.java:251)
	at com.google.inject.internal.InjectorImpl$1.get(InjectorImpl.java:1104)
	at com.google.inject.internal.InjectorImpl.getInstance(InjectorImpl.java:1139)
	at org.eclipse.sisu.space.AbstractDeferredClass.get(AbstractDeferredClass.java:50)
	at com.google.inject.internal.ProviderInternalFactory.provision(ProviderInternalFactory.java:86)
	at com.google.inject.internal.InternalFactoryToInitializableAdapter.provision(InternalFactoryToInitializableAdapter.java:57)
	at com.google.inject.internal.ProviderInternalFactory$1.call(ProviderInternalFactory.java:67)
	at com.google.inject.internal.ProvisionListenerStackCallback$Provision.provision(ProvisionListenerStackCallback.java:109)
	at com.google.inject.internal.ProvisionListenerStackCallback$Provision.provision(ProvisionListenerStackCallback.java:124)
	at com.google.inject.internal.ProvisionListenerStackCallback.provision(ProvisionListenerStackCallback.java:66)
	at com.google.inject.internal.ProviderInternalFactory.circularGet(ProviderInternalFactory.java:62)
	at com.google.inject.internal.InternalFactoryToInitializableAdapter.get(InternalFactoryToInitializableAdapter.java:47)
	at com.google.inject.internal.InjectorImpl$1.get(InjectorImpl.java:1101)
	at org.eclipse.sisu.inject.Guice4$2.get(Guice4.java:235)
	at org.eclipse.sisu.inject.LazyBeanEntry.getValue(LazyBeanEntry.java:83)
	at org.eclipse.sisu.plexus.LazyPlexusBean.getValue(LazyPlexusBean.java:53)
	at org.codehaus.plexus.DefaultPlexusContainer.lookup(DefaultPlexusContainer.java:267)
	at org.codehaus.plexus.DefaultPlexusContainer.lookup(DefaultPlexusContainer.java:259)
	at org.apache.maven.plugin.internal.DefaultMavenPluginManager.getConfiguredMojo(DefaultMavenPluginManager.java:491)
	at org.eclipse.m2e.core.internal.embedder.MavenImpl.getConfiguredMojo(MavenImpl.java:215)
	at org.eclipse.m2e.mavenarchiver.internal.AbstractMavenArchiverConfigurator.reflectManifestGeneration(AbstractMavenArchiverConfigurator.java:439)
	at org.eclipse.m2e.mavenarchiver.internal.AbstractMavenArchiverConfigurator.lambda$3(AbstractMavenArchiverConfigurator.java:398)
	at org.eclipse.m2e.core.internal.embedder.MavenExecutionContext.executeBare(MavenExecutionContext.java:462)
	at org.eclipse.m2e.core.internal.embedder.MavenExecutionContext.execute(MavenExecutionContext.java:342)
	at org.eclipse.m2e.core.internal.embedder.MavenExecutionContext.execute(MavenExecutionContext.java:281)
	at org.eclipse.m2e.mavenarchiver.internal.AbstractMavenArchiverConfigurator.generateManifest(AbstractMavenArchiverConfigurator.java:371)
	at org.eclipse.m2e.mavenarchiver.internal.AbstractMavenArchiverConfigurator.mavenProjectChanged(AbstractMavenArchiverConfigurator.java:228)
	at org.eclipse.m2e.mavenarchiver.internal.AbstractMavenArchiverConfigurator$1.build(AbstractMavenArchiverConfigurator.java:178)
	at org.eclipse.m2e.core.internal.builder.MavenBuilderImpl.lambda$2(MavenBuilderImpl.java:159)
	at java.base/java.util.LinkedHashMap.forEach(LinkedHashMap.java:987)
	at org.eclipse.m2e.core.internal.builder.MavenBuilderImpl.build(MavenBuilderImpl.java:139)
	at org.eclipse.m2e.core.internal.builder.MavenBuilder$1.method(MavenBuilder.java:164)
	at org.eclipse.m2e.core.internal.builder.MavenBuilder$1.method(MavenBuilder.java:1)
	at org.eclipse.m2e.core.internal.builder.MavenBuilder$BuildMethod.lambda$1(MavenBuilder.java:109)
	at org.eclipse.m2e.core.internal.embedder.MavenExecutionContext.executeBare(MavenExecutionContext.java:462)
	at org.eclipse.m2e.core.internal.embedder.MavenExecutionContext.execute(MavenExecutionContext.java:295)
	at org.eclipse.m2e.core.internal.builder.MavenBuilder$BuildMethod.lambda$0(MavenBuilder.java:100)
	at org.eclipse.m2e.core.internal.embedder.MavenExecutionContext.executeBare(MavenExecutionContext.java:462)
	at org.eclipse.m2e.core.internal.embedder.MavenExecutionContext.execute(MavenExecutionContext.java:342)
	at org.eclipse.m2e.core.internal.embedder.MavenExecutionContext.execute(MavenExecutionContext.java:281)
	at org.eclipse.m2e.core.internal.builder.MavenBuilder$BuildMethod.execute(MavenBuilder.java:83)
	at org.eclipse.m2e.core.internal.builder.MavenBuilder.build(MavenBuilder.java:192)
	at org.eclipse.core.internal.events.BuildManager$2.run(BuildManager.java:1109)
	at org.eclipse.core.runtime.SafeRunner.run(SafeRunner.java:47)
	at org.eclipse.core.internal.events.BuildManager.basicBuild(BuildManager.java:299)
	at org.eclipse.core.internal.events.BuildManager.basicBuild(BuildManager.java:355)
	at org.eclipse.core.internal.events.BuildManager$1.run(BuildManager.java:449)
	at org.eclipse.core.runtime.SafeRunner.run(SafeRunner.java:47)
	at org.eclipse.core.internal.events.BuildManager.basicBuild(BuildManager.java:452)
	at org.eclipse.core.internal.events.BuildManager.basicBuildLoop(BuildManager.java:564)
	at org.eclipse.core.internal.events.BuildManager.basicBuildLoop(BuildManager.java:512)
	at org.eclipse.core.internal.events.BuildManager.build(BuildManager.java:594)
	at org.eclipse.core.internal.events.AutoBuildJob.doBuild(AutoBuildJob.java:208)
	at org.eclipse.core.internal.events.AutoBuildJob.run(AutoBuildJob.java:309)
	at org.eclipse.core.internal.jobs.Worker.run(Worker.java:63)
Caused by: com.google.inject.OutOfScopeException: Cannot access session scope outside of a scoping block
	at org.apache.maven.session.scope.internal.SessionScope.getScopeState(SessionScope.java:70)
	at org.apache.maven.session.scope.internal.SessionScope.lambda$scope$2(SessionScope.java:92)
	at com.google.inject.internal.InternalFactoryToProviderAdapter.get(InternalFactoryToProviderAdapter.java:45)
	at com.google.inject.internal.SingleParameterInjector.inject(SingleParameterInjector.java:40)
	at com.google.inject.internal.SingleParameterInjector.getAll(SingleParameterInjector.java:60)
	at com.google.inject.internal.ConstructorInjector.provision(ConstructorInjector.java:113)
	at com.google.inject.internal.ConstructorInjector.access$000(ConstructorInjector.java:33)
	at com.google.inject.internal.ConstructorInjector$1.call(ConstructorInjector.java:98)
	at com.google.inject.internal.ProvisionListenerStackCallback$Provision.provision(ProvisionListenerStackCallback.java:109)
	at com.google.inject.internal.ProvisionListenerStackCallback$Provision.provision(ProvisionListenerStackCallback.java:124)
	at com.google.inject.internal.ProvisionListenerStackCallback.provision(ProvisionListenerStackCallback.java:66)
	at com.google.inject.internal.ConstructorInjector.construct(ConstructorInjector.java:93)
	at com.google.inject.internal.ConstructorBindingImpl$Factory.get(ConstructorBindingImpl.java:300)
	at com.google.inject.internal.InjectorImpl$1.get(InjectorImpl.java:1101)
	... 53 common frames omitted
2026-08-20 11:33:01,575 [Worker-15: Building] WARN  o.apache.maven.project.MavenProject - Direct modification of compileSourceRoots through clear() is deprecated and will not work in Maven 4.0.0. Please use the add/remove methods instead. If you're using a plugin that causes this warning, please upgrade to the latest version and report an issue if the warning persists. To disable these warnings, set -Dmaven.project.sourceRoots.warningsDisabled=true on the command line, in the .mvn/maven.config file, or in project POM properties.
2026-08-20 11:33:01,576 [Worker-15: Building] WARN  o.apache.maven.project.MavenProject - Direct modification of compileSourceRoots through add() is deprecated and will not work in Maven 4.0.0. Please use the add/remove methods instead. If you're using a plugin that causes this warning, please upgrade to the latest version and report an issue if the warning persists. To disable these warnings, set -Dmaven.project.sourceRoots.warningsDisabled=true on the command line, in the .mvn/maven.config file, or in project POM properties.
2026-08-20 11:33:01,576 [Worker-15: Building] WARN  o.apache.maven.project.MavenProject - Direct modification of testCompileSourceRoots through clear() is deprecated and will not work in Maven 4.0.0. Please use the add/remove methods instead. If you're using a plugin that causes this warning, please upgrade to the latest version and report an issue if the warning persists. To disable these warnings, set -Dmaven.project.sourceRoots.warningsDisabled=true on the command line, in the .mvn/maven.config file, or in project POM properties.
2026-08-20 11:33:01,577 [Worker-15: Building] WARN  o.apache.maven.project.MavenProject - Direct modification of testCompileSourceRoots through add() is deprecated and will not work in Maven 4.0.0. Please use the add/remove methods instead. If you're using a plugin that causes this warning, please upgrade to the latest version and report an issue if the warning persists. To disable these warnings, set -Dmaven.project.sourceRoots.warningsDisabled=true on the command line, in the .mvn/maven.config file, or in project POM properties.
2026-08-20 11:35:23,312 [Worker-13: Building] INFO  o.a.m.s.f.DefaultMavenResourcesFiltering - Copying 0 resource from src\main\resources to target\classes
2026-08-20 11:35:23,313 [Worker-13: Building] INFO  o.a.m.s.f.DefaultMavenResourcesFiltering - Copying 0 resource from src\main\resources to target\classes
2026-08-20 11:35:23,316 [Worker-13: Building] INFO  o.a.m.s.f.DefaultMavenResourcesFiltering - skip non existing resourceDirectory C:\SOA\Skill3\signupmodule\src\test\resources
2026-08-20 11:35:23,323 [Worker-13: Building] WARN  Sisu - Error injecting: org.apache.maven.plugins.war.WarMojo
com.google.inject.ProvisionException: Unable to provision, see the following errors:

1) [Guice/ErrorInCustomProvider]: OutOfScopeException: Cannot access session scope outside of a scoping block
  at SessionScopeModule.configure(SessionScopeModule.java:55)
      \_ installed by: WireModule -> SessionScopeModule
  at WarMojo.<init>(WarMojo.java:142)
      \_ for 6th parameter
  while locating WarMojo

Learn more:
  https://github.com/google/guice/wiki/ERROR_IN_CUSTOM_PROVIDER

1 error

======================
Full classname legend:
======================
OutOfScopeException: "com.google.inject.OutOfScopeException"
SessionScopeModule:  "org.apache.maven.session.scope.internal.SessionScopeModule"
WarMojo:             "org.apache.maven.plugins.war.WarMojo"
WireModule:          "org.eclipse.sisu.wire.WireModule"
========================
End of classname legend:
========================

	at com.google.inject.internal.InternalProvisionException.toProvisionException(InternalProvisionException.java:251)
	at com.google.inject.internal.InjectorImpl$1.get(InjectorImpl.java:1104)
	at com.google.inject.internal.InjectorImpl.getInstance(InjectorImpl.java:1139)
	at org.eclipse.sisu.space.AbstractDeferredClass.get(AbstractDeferredClass.java:50)
	at com.google.inject.internal.ProviderInternalFactory.provision(ProviderInternalFactory.java:86)
	at com.google.inject.internal.InternalFactoryToInitializableAdapter.provision(InternalFactoryToInitializableAdapter.java:57)
	at com.google.inject.internal.ProviderInternalFactory$1.call(ProviderInternalFactory.java:67)
	at com.google.inject.internal.ProvisionListenerStackCallback$Provision.provision(ProvisionListenerStackCallback.java:109)
	at com.google.inject.internal.ProvisionListenerStackCallback$Provision.provision(ProvisionListenerStackCallback.java:124)
	at com.google.inject.internal.ProvisionListenerStackCallback.provision(ProvisionListenerStackCallback.java:66)
	at com.google.inject.internal.ProviderInternalFactory.circularGet(ProviderInternalFactory.java:62)
	at com.google.inject.internal.InternalFactoryToInitializableAdapter.get(InternalFactoryToInitializableAdapter.java:47)
	at com.google.inject.internal.InjectorImpl$1.get(InjectorImpl.java:1101)
	at org.eclipse.sisu.inject.Guice4$2.get(Guice4.java:235)
	at org.eclipse.sisu.inject.LazyBeanEntry.getValue(LazyBeanEntry.java:83)
	at org.eclipse.sisu.plexus.LazyPlexusBean.getValue(LazyPlexusBean.java:53)
	at org.codehaus.plexus.DefaultPlexusContainer.lookup(DefaultPlexusContainer.java:267)
	at org.codehaus.plexus.DefaultPlexusContainer.lookup(DefaultPlexusContainer.java:259)
	at org.apache.maven.plugin.internal.DefaultMavenPluginManager.getConfiguredMojo(DefaultMavenPluginManager.java:491)
	at org.eclipse.m2e.core.internal.embedder.MavenImpl.getConfiguredMojo(MavenImpl.java:215)
	at org.eclipse.m2e.mavenarchiver.internal.AbstractMavenArchiverConfigurator.reflectManifestGeneration(AbstractMavenArchiverConfigurator.java:439)
	at org.eclipse.m2e.mavenarchiver.internal.AbstractMavenArchiverConfigurator.lambda$3(AbstractMavenArchiverConfigurator.java:398)
	at org.eclipse.m2e.core.internal.embedder.MavenExecutionContext.executeBare(MavenExecutionContext.java:462)
	at org.eclipse.m2e.core.internal.embedder.MavenExecutionContext.execute(MavenExecutionContext.java:342)
	at org.eclipse.m2e.core.internal.embedder.MavenExecutionContext.execute(MavenExecutionContext.java:281)
	at org.eclipse.m2e.mavenarchiver.internal.AbstractMavenArchiverConfigurator.generateManifest(AbstractMavenArchiverConfigurator.java:371)
	at org.eclipse.m2e.mavenarchiver.internal.AbstractMavenArchiverConfigurator.mavenProjectChanged(AbstractMavenArchiverConfigurator.java:228)
	at org.eclipse.m2e.mavenarchiver.internal.AbstractMavenArchiverConfigurator$1.build(AbstractMavenArchiverConfigurator.java:178)
	at org.eclipse.m2e.core.internal.builder.MavenBuilderImpl.lambda$2(MavenBuilderImpl.java:159)
	at java.base/java.util.LinkedHashMap.forEach(LinkedHashMap.java:987)
	at org.eclipse.m2e.core.internal.builder.MavenBuilderImpl.build(MavenBuilderImpl.java:139)
	at org.eclipse.m2e.core.internal.builder.MavenBuilder$1.method(MavenBuilder.java:164)
	at org.eclipse.m2e.core.internal.builder.MavenBuilder$1.method(MavenBuilder.java:1)
	at org.eclipse.m2e.core.internal.builder.MavenBuilder$BuildMethod.lambda$1(MavenBuilder.java:109)
	at org.eclipse.m2e.core.internal.embedder.MavenExecutionContext.executeBare(MavenExecutionContext.java:462)
	at org.eclipse.m2e.core.internal.embedder.MavenExecutionContext.execute(MavenExecutionContext.java:295)
	at org.eclipse.m2e.core.internal.builder.MavenBuilder$BuildMethod.lambda$0(MavenBuilder.java:100)
	at org.eclipse.m2e.core.internal.embedder.MavenExecutionContext.executeBare(MavenExecutionContext.java:462)
	at org.eclipse.m2e.core.internal.embedder.MavenExecutionContext.execute(MavenExecutionContext.java:342)
	at org.eclipse.m2e.core.internal.embedder.MavenExecutionContext.execute(MavenExecutionContext.java:281)
	at org.eclipse.m2e.core.internal.builder.MavenBuilder$BuildMethod.execute(MavenBuilder.java:83)
	at org.eclipse.m2e.core.internal.builder.MavenBuilder.build(MavenBuilder.java:192)
	at org.eclipse.core.internal.events.BuildManager$2.run(BuildManager.java:1109)
	at org.eclipse.core.runtime.SafeRunner.run(SafeRunner.java:47)
	at org.eclipse.core.internal.events.BuildManager.basicBuild(BuildManager.java:299)
	at org.eclipse.core.internal.events.BuildManager.basicBuild(BuildManager.java:355)
	at org.eclipse.core.internal.events.BuildManager$1.run(BuildManager.java:449)
	at org.eclipse.core.runtime.SafeRunner.run(SafeRunner.java:47)
	at org.eclipse.core.internal.events.BuildManager.basicBuild(BuildManager.java:452)
	at org.eclipse.core.internal.events.BuildManager.basicBuildLoop(BuildManager.java:564)
	at org.eclipse.core.internal.events.BuildManager.basicBuildLoop(BuildManager.java:512)
	at org.eclipse.core.internal.events.BuildManager.build(BuildManager.java:594)
	at org.eclipse.core.internal.events.AutoBuildJob.doBuild(AutoBuildJob.java:208)
	at org.eclipse.core.internal.events.AutoBuildJob.run(AutoBuildJob.java:309)
	at org.eclipse.core.internal.jobs.Worker.run(Worker.java:63)
Caused by: com.google.inject.OutOfScopeException: Cannot access session scope outside of a scoping block
	at org.apache.maven.session.scope.internal.SessionScope.getScopeState(SessionScope.java:70)
	at org.apache.maven.session.scope.internal.SessionScope.lambda$scope$2(SessionScope.java:92)
	at com.google.inject.internal.InternalFactoryToProviderAdapter.get(InternalFactoryToProviderAdapter.java:45)
	at com.google.inject.internal.SingleParameterInjector.inject(SingleParameterInjector.java:40)
	at com.google.inject.internal.SingleParameterInjector.getAll(SingleParameterInjector.java:60)
	at com.google.inject.internal.ConstructorInjector.provision(ConstructorInjector.java:113)
	at com.google.inject.internal.ConstructorInjector.access$000(ConstructorInjector.java:33)
	at com.google.inject.internal.ConstructorInjector$1.call(ConstructorInjector.java:98)
	at com.google.inject.internal.ProvisionListenerStackCallback$Provision.provision(ProvisionListenerStackCallback.java:109)
	at com.google.inject.internal.ProvisionListenerStackCallback$Provision.provision(ProvisionListenerStackCallback.java:124)
	at com.google.inject.internal.ProvisionListenerStackCallback.provision(ProvisionListenerStackCallback.java:66)
	at com.google.inject.internal.ConstructorInjector.construct(ConstructorInjector.java:93)
	at com.google.inject.internal.ConstructorBindingImpl$Factory.get(ConstructorBindingImpl.java:300)
	at com.google.inject.internal.InjectorImpl$1.get(InjectorImpl.java:1101)
	... 53 common frames omitted
2026-08-20 11:35:23,327 [Worker-13: Building] WARN  o.apache.maven.project.MavenProject - Direct modification of compileSourceRoots through clear() is deprecated and will not work in Maven 4.0.0. Please use the add/remove methods instead. If you're using a plugin that causes this warning, please upgrade to the latest version and report an issue if the warning persists. To disable these warnings, set -Dmaven.project.sourceRoots.warningsDisabled=true on the command line, in the .mvn/maven.config file, or in project POM properties.
2026-08-20 11:35:23,328 [Worker-13: Building] WARN  o.apache.maven.project.MavenProject - Direct modification of compileSourceRoots through add() is deprecated and will not work in Maven 4.0.0. Please use the add/remove methods instead. If you're using a plugin that causes this warning, please upgrade to the latest version and report an issue if the warning persists. To disable these warnings, set -Dmaven.project.sourceRoots.warningsDisabled=true on the command line, in the .mvn/maven.config file, or in project POM properties.
2026-08-20 11:35:23,328 [Worker-13: Building] WARN  o.apache.maven.project.MavenProject - Direct modification of testCompileSourceRoots through clear() is deprecated and will not work in Maven 4.0.0. Please use the add/remove methods instead. If you're using a plugin that causes this warning, please upgrade to the latest version and report an issue if the warning persists. To disable these warnings, set -Dmaven.project.sourceRoots.warningsDisabled=true on the command line, in the .mvn/maven.config file, or in project POM properties.
2026-08-20 11:35:23,328 [Worker-13: Building] WARN  o.apache.maven.project.MavenProject - Direct modification of testCompileSourceRoots through add() is deprecated and will not work in Maven 4.0.0. Please use the add/remove methods instead. If you're using a plugin that causes this warning, please upgrade to the latest version and report an issue if the warning persists. To disable these warnings, set -Dmaven.project.sourceRoots.warningsDisabled=true on the command line, in the .mvn/maven.config file, or in project POM properties.
2026-08-20 11:37:38,969 [Start Help Server] INFO  org.eclipse.jetty.server.Server - jetty-12.1.4; built: 2025-11-10T17:42:37.481Z; git: 4137e00793d583cfc4ce76bf607e482178a85597; jvm 25.0.1+8-LTS
2026-08-20 11:37:39,038 [Start Help Server] INFO  o.e.j.server.handler.ContextHandler - Started oeje8n.ContextHandler$CoreContextHandler@2caad8d9{/help,/help,b=null,a=AVAILABLE,h=oeje8n.ContextHandler$CoreContextHandler$CoreToNestedHandler@67c1119d{STARTED}}
2026-08-20 11:37:39,038 [Start Help Server] INFO  o.e.j.s.DefaultSessionIdManager - Session workerName=node0
2026-08-20 11:37:39,063 [Start Help Server] INFO  o.e.jetty.server.AbstractConnector - Started oejs.ServerConnector@28bcf534{HTTP/1.1, (http/1.1)}{127.0.0.1:49764}
2026-08-20 11:37:39,064 [Start Help Server] INFO  org.eclipse.jetty.server.Server - Started oejs.Server@216d5e35{STARTING}[12.1.4,sto=0] @97ms
2026-08-20 11:37:47,356 [Worker-13: Building] INFO  o.a.m.s.f.DefaultMavenResourcesFiltering - Copying 0 resource from src\main\resources to target\classes
2026-08-20 11:37:47,357 [Worker-13: Building] INFO  o.a.m.s.f.DefaultMavenResourcesFiltering - Copying 0 resource from src\main\resources to target\classes
2026-08-20 11:37:47,360 [Worker-13: Building] INFO  o.a.m.s.f.DefaultMavenResourcesFiltering - skip non existing resourceDirectory C:\SOA\Skill3\signupmodule\src\test\resources
2026-08-20 11:37:47,367 [Worker-13: Building] WARN  Sisu - Error injecting: org.apache.maven.plugins.war.WarMojo
com.google.inject.ProvisionException: Unable to provision, see the following errors:

1) [Guice/ErrorInCustomProvider]: OutOfScopeException: Cannot access session scope outside of a scoping block
  at SessionScopeModule.configure(SessionScopeModule.java:55)
      \_ installed by: WireModule -> SessionScopeModule
  at WarMojo.<init>(WarMojo.java:142)
      \_ for 6th parameter
  while locating WarMojo

Learn more:
  https://github.com/google/guice/wiki/ERROR_IN_CUSTOM_PROVIDER

1 error

======================
Full classname legend:
======================
OutOfScopeException: "com.google.inject.OutOfScopeException"
SessionScopeModule:  "org.apache.maven.session.scope.internal.SessionScopeModule"
WarMojo:             "org.apache.maven.plugins.war.WarMojo"
WireModule:          "org.eclipse.sisu.wire.WireModule"
========================
End of classname legend:
========================

	at com.google.inject.internal.InternalProvisionException.toProvisionException(InternalProvisionException.java:251)
	at com.google.inject.internal.InjectorImpl$1.get(InjectorImpl.java:1104)
	at com.google.inject.internal.InjectorImpl.getInstance(InjectorImpl.java:1139)
	at org.eclipse.sisu.space.AbstractDeferredClass.get(AbstractDeferredClass.java:50)
	at com.google.inject.internal.ProviderInternalFactory.provision(ProviderInternalFactory.java:86)
	at com.google.inject.internal.InternalFactoryToInitializableAdapter.provision(InternalFactoryToInitializableAdapter.java:57)
	at com.google.inject.internal.ProviderInternalFactory$1.call(ProviderInternalFactory.java:67)
	at com.google.inject.internal.ProvisionListenerStackCallback$Provision.provision(ProvisionListenerStackCallback.java:109)
	at com.google.inject.internal.ProvisionListenerStackCallback$Provision.provision(ProvisionListenerStackCallback.java:124)
	at com.google.inject.internal.ProvisionListenerStackCallback.provision(ProvisionListenerStackCallback.java:66)
	at com.google.inject.internal.ProviderInternalFactory.circularGet(ProviderInternalFactory.java:62)
	at com.google.inject.internal.InternalFactoryToInitializableAdapter.get(InternalFactoryToInitializableAdapter.java:47)
	at com.google.inject.internal.InjectorImpl$1.get(InjectorImpl.java:1101)
	at org.eclipse.sisu.inject.Guice4$2.get(Guice4.java:235)
	at org.eclipse.sisu.inject.LazyBeanEntry.getValue(LazyBeanEntry.java:83)
	at org.eclipse.sisu.plexus.LazyPlexusBean.getValue(LazyPlexusBean.java:53)
	at org.codehaus.plexus.DefaultPlexusContainer.lookup(DefaultPlexusContainer.java:267)
	at org.codehaus.plexus.DefaultPlexusContainer.lookup(DefaultPlexusContainer.java:259)
	at org.apache.maven.plugin.internal.DefaultMavenPluginManager.getConfiguredMojo(DefaultMavenPluginManager.java:491)
	at org.eclipse.m2e.core.internal.embedder.MavenImpl.getConfiguredMojo(MavenImpl.java:215)
	at org.eclipse.m2e.mavenarchiver.internal.AbstractMavenArchiverConfigurator.reflectManifestGeneration(AbstractMavenArchiverConfigurator.java:439)
	at org.eclipse.m2e.mavenarchiver.internal.AbstractMavenArchiverConfigurator.lambda$3(AbstractMavenArchiverConfigurator.java:398)
	at org.eclipse.m2e.core.internal.embedder.MavenExecutionContext.executeBare(MavenExecutionContext.java:462)
	at org.eclipse.m2e.core.internal.embedder.MavenExecutionContext.execute(MavenExecutionContext.java:342)
	at org.eclipse.m2e.core.internal.embedder.MavenExecutionContext.execute(MavenExecutionContext.java:281)
	at org.eclipse.m2e.mavenarchiver.internal.AbstractMavenArchiverConfigurator.generateManifest(AbstractMavenArchiverConfigurator.java:371)
	at org.eclipse.m2e.mavenarchiver.internal.AbstractMavenArchiverConfigurator.mavenProjectChanged(AbstractMavenArchiverConfigurator.java:228)
	at org.eclipse.m2e.mavenarchiver.internal.AbstractMavenArchiverConfigurator$1.build(AbstractMavenArchiverConfigurator.java:178)
	at org.eclipse.m2e.core.internal.builder.MavenBuilderImpl.lambda$2(MavenBuilderImpl.java:159)
	at java.base/java.util.LinkedHashMap.forEach(LinkedHashMap.java:987)
	at org.eclipse.m2e.core.internal.builder.MavenBuilderImpl.build(MavenBuilderImpl.java:139)
	at org.eclipse.m2e.core.internal.builder.MavenBuilder$1.method(MavenBuilder.java:164)
	at org.eclipse.m2e.core.internal.builder.MavenBuilder$1.method(MavenBuilder.java:1)
	at org.eclipse.m2e.core.internal.builder.MavenBuilder$BuildMethod.lambda$1(MavenBuilder.java:109)
	at org.eclipse.m2e.core.internal.embedder.MavenExecutionContext.executeBare(MavenExecutionContext.java:462)
	at org.eclipse.m2e.core.internal.embedder.MavenExecutionContext.execute(MavenExecutionContext.java:295)
	at org.eclipse.m2e.core.internal.builder.MavenBuilder$BuildMethod.lambda$0(MavenBuilder.java:100)
	at org.eclipse.m2e.core.internal.embedder.MavenExecutionContext.executeBare(MavenExecutionContext.java:462)
	at org.eclipse.m2e.core.internal.embedder.MavenExecutionContext.execute(MavenExecutionContext.java:342)
	at org.eclipse.m2e.core.internal.embedder.MavenExecutionContext.execute(MavenExecutionContext.java:281)
	at org.eclipse.m2e.core.internal.builder.MavenBuilder$BuildMethod.execute(MavenBuilder.java:83)
	at org.eclipse.m2e.core.internal.builder.MavenBuilder.build(MavenBuilder.java:192)
	at org.eclipse.core.internal.events.BuildManager$2.run(BuildManager.java:1109)
	at org.eclipse.core.runtime.SafeRunner.run(SafeRunner.java:47)
	at org.eclipse.core.internal.events.BuildManager.basicBuild(BuildManager.java:299)
	at org.eclipse.core.internal.events.BuildManager.basicBuild(BuildManager.java:355)
	at org.eclipse.core.internal.events.BuildManager$1.run(BuildManager.java:449)
	at org.eclipse.core.runtime.SafeRunner.run(SafeRunner.java:47)
	at org.eclipse.core.internal.events.BuildManager.basicBuild(BuildManager.java:452)
	at org.eclipse.core.internal.events.BuildManager.basicBuildLoop(BuildManager.java:564)
	at org.eclipse.core.internal.events.BuildManager.basicBuildLoop(BuildManager.java:512)
	at org.eclipse.core.internal.events.BuildManager.build(BuildManager.java:594)
	at org.eclipse.core.internal.events.AutoBuildJob.doBuild(AutoBuildJob.java:208)
	at org.eclipse.core.internal.events.AutoBuildJob.run(AutoBuildJob.java:309)
	at org.eclipse.core.internal.jobs.Worker.run(Worker.java:63)
Caused by: com.google.inject.OutOfScopeException: Cannot access session scope outside of a scoping block
	at org.apache.maven.session.scope.internal.SessionScope.getScopeState(SessionScope.java:70)
	at org.apache.maven.session.scope.internal.SessionScope.lambda$scope$2(SessionScope.java:92)
	at com.google.inject.internal.InternalFactoryToProviderAdapter.get(InternalFactoryToProviderAdapter.java:45)
	at com.google.inject.internal.SingleParameterInjector.inject(SingleParameterInjector.java:40)
	at com.google.inject.internal.SingleParameterInjector.getAll(SingleParameterInjector.java:60)
	at com.google.inject.internal.ConstructorInjector.provision(ConstructorInjector.java:113)
	at com.google.inject.internal.ConstructorInjector.access$000(ConstructorInjector.java:33)
	at com.google.inject.internal.ConstructorInjector$1.call(ConstructorInjector.java:98)
	at com.google.inject.internal.ProvisionListenerStackCallback$Provision.provision(ProvisionListenerStackCallback.java:109)
	at com.google.inject.internal.ProvisionListenerStackCallback$Provision.provision(ProvisionListenerStackCallback.java:124)
	at com.google.inject.internal.ProvisionListenerStackCallback.provision(ProvisionListenerStackCallback.java:66)
	at com.google.inject.internal.ConstructorInjector.construct(ConstructorInjector.java:93)
	at com.google.inject.internal.ConstructorBindingImpl$Factory.get(ConstructorBindingImpl.java:300)
	at com.google.inject.internal.InjectorImpl$1.get(InjectorImpl.java:1101)
	... 53 common frames omitted
2026-08-20 11:37:47,371 [Worker-13: Building] WARN  o.apache.maven.project.MavenProject - Direct modification of compileSourceRoots through clear() is deprecated and will not work in Maven 4.0.0. Please use the add/remove methods instead. If you're using a plugin that causes this warning, please upgrade to the latest version and report an issue if the warning persists. To disable these warnings, set -Dmaven.project.sourceRoots.warningsDisabled=true on the command line, in the .mvn/maven.config file, or in project POM properties.
2026-08-20 11:37:47,371 [Worker-13: Building] WARN  o.apache.maven.project.MavenProject - Direct modification of compileSourceRoots through add() is deprecated and will not work in Maven 4.0.0. Please use the add/remove methods instead. If you're using a plugin that causes this warning, please upgrade to the latest version and report an issue if the warning persists. To disable these warnings, set -Dmaven.project.sourceRoots.warningsDisabled=true on the command line, in the .mvn/maven.config file, or in project POM properties.
2026-08-20 11:37:47,372 [Worker-13: Building] WARN  o.apache.maven.project.MavenProject - Direct modification of testCompileSourceRoots through clear() is deprecated and will not work in Maven 4.0.0. Please use the add/remove methods instead. If you're using a plugin that causes this warning, please upgrade to the latest version and report an issue if the warning persists. To disable these warnings, set -Dmaven.project.sourceRoots.warningsDisabled=true on the command line, in the .mvn/maven.config file, or in project POM properties.
2026-08-20 11:37:47,372 [Worker-13: Building] WARN  o.apache.maven.project.MavenProject - Direct modification of testCompileSourceRoots through add() is deprecated and will not work in Maven 4.0.0. Please use the add/remove methods instead. If you're using a plugin that causes this warning, please upgrade to the latest version and report an issue if the warning persists. To disable these warnings, set -Dmaven.project.sourceRoots.warningsDisabled=true on the command line, in the .mvn/maven.config file, or in project POM properties.
2026-08-20 11:40:08,874 [Worker-4: Import Getting Started Content] INFO  o.e.m.c.i.l.LifecycleMappingFactory - Using org.maven.ide.eclipse.wtp.WarLifecycleMapping lifecycle mapping for MavenProject: soa:loginmodule:0.0.1-SNAPSHOT @ C:\SOA\Skill3\loginmodule\pom.xml.
2026-08-20 11:40:12,817 [Worker-4: Import Getting Started Content] INFO  o.e.m.j.i.AbstractJavaProjectConfigurator - Adding source folder /loginmodule/src/main/java
2026-08-20 11:40:12,819 [Worker-4: Import Getting Started Content] INFO  o.e.m.j.i.AbstractJavaProjectConfigurator - Adding resource folder /loginmodule/src/main/resources
2026-08-20 11:40:12,828 [Worker-4: Import Getting Started Content] INFO  o.e.m.j.i.AbstractJavaProjectConfigurator - Adding resource folder /loginmodule/src/main/resources
2026-08-20 11:40:12,837 [Worker-4: Import Getting Started Content] INFO  o.e.m.j.i.AbstractJavaProjectConfigurator - Adding source folder /loginmodule/src/test/java
2026-08-20 11:40:12,838 [Worker-4: Import Getting Started Content] INFO  o.e.m.j.i.AbstractJavaProjectConfigurator - Adding resource folder /loginmodule/src/test/resources
2026-08-20 11:40:14,443 [Worker-4: Import Getting Started Content] WARN  o.apache.maven.project.MavenProject - Direct modification of compileSourceRoots through clear() is deprecated and will not work in Maven 4.0.0. Please use the add/remove methods instead. If you're using a plugin that causes this warning, please upgrade to the latest version and report an issue if the warning persists. To disable these warnings, set -Dmaven.project.sourceRoots.warningsDisabled=true on the command line, in the .mvn/maven.config file, or in project POM properties.
2026-08-20 11:40:14,445 [Worker-4: Import Getting Started Content] WARN  o.apache.maven.project.MavenProject - Direct modification of compileSourceRoots through add() is deprecated and will not work in Maven 4.0.0. Please use the add/remove methods instead. If you're using a plugin that causes this warning, please upgrade to the latest version and report an issue if the warning persists. To disable these warnings, set -Dmaven.project.sourceRoots.warningsDisabled=true on the command line, in the .mvn/maven.config file, or in project POM properties.
2026-08-20 11:40:14,445 [Worker-4: Import Getting Started Content] WARN  o.apache.maven.project.MavenProject - Direct modification of testCompileSourceRoots through clear() is deprecated and will not work in Maven 4.0.0. Please use the add/remove methods instead. If you're using a plugin that causes this warning, please upgrade to the latest version and report an issue if the warning persists. To disable these warnings, set -Dmaven.project.sourceRoots.warningsDisabled=true on the command line, in the .mvn/maven.config file, or in project POM properties.
2026-08-20 11:40:14,446 [Worker-4: Import Getting Started Content] WARN  o.apache.maven.project.MavenProject - Direct modification of testCompileSourceRoots through add() is deprecated and will not work in Maven 4.0.0. Please use the add/remove methods instead. If you're using a plugin that causes this warning, please upgrade to the latest version and report an issue if the warning persists. To disable these warnings, set -Dmaven.project.sourceRoots.warningsDisabled=true on the command line, in the .mvn/maven.config file, or in project POM properties.
2026-08-20 11:40:14,461 [Worker-4: Import Getting Started Content] INFO  o.e.m.c.i.p.ProjectConfigurationManager - Imported and configured 1 project(s) in 7 sec
2026-08-20 11:40:14,466 [Worker-4: Import Getting Started Content] INFO  o.e.m.c.i.p.ProjectConfigurationManager - Update started
2026-08-20 11:40:14,825 [Worker-4: Import Getting Started Content] INFO  o.e.m.c.i.l.LifecycleMappingFactory - Using org.maven.ide.eclipse.wtp.WarLifecycleMapping lifecycle mapping for MavenProject: soa:loginmodule:0.0.1-SNAPSHOT @ C:\SOA\Skill3\loginmodule\pom.xml.
2026-08-20 11:40:15,826 [Worker-4: Import Getting Started Content] INFO  o.e.m.j.i.AbstractJavaProjectConfigurator - Adding source folder /loginmodule/src/main/java
2026-08-20 11:40:15,826 [Worker-4: Import Getting Started Content] INFO  o.e.m.j.i.AbstractJavaProjectConfigurator - Adding resource folder /loginmodule/src/main/resources
2026-08-20 11:40:15,826 [Worker-4: Import Getting Started Content] INFO  o.e.m.j.i.AbstractJavaProjectConfigurator - Adding resource folder /loginmodule/src/main/resources
2026-08-20 11:40:15,826 [Worker-4: Import Getting Started Content] INFO  o.e.m.j.i.AbstractJavaProjectConfigurator - Adding source folder /loginmodule/src/test/java
2026-08-20 11:40:15,828 [Worker-4: Import Getting Started Content] INFO  o.e.m.j.i.AbstractJavaProjectConfigurator - Adding resource folder /loginmodule/src/test/resources
2026-08-20 11:40:16,686 [Worker-4: Import Getting Started Content] WARN  o.apache.maven.project.MavenProject - Direct modification of compileSourceRoots through clear() is deprecated and will not work in Maven 4.0.0. Please use the add/remove methods instead. If you're using a plugin that causes this warning, please upgrade to the latest version and report an issue if the warning persists. To disable these warnings, set -Dmaven.project.sourceRoots.warningsDisabled=true on the command line, in the .mvn/maven.config file, or in project POM properties.
2026-08-20 11:40:16,687 [Worker-4: Import Getting Started Content] WARN  o.apache.maven.project.MavenProject - Direct modification of compileSourceRoots through add() is deprecated and will not work in Maven 4.0.0. Please use the add/remove methods instead. If you're using a plugin that causes this warning, please upgrade to the latest version and report an issue if the warning persists. To disable these warnings, set -Dmaven.project.sourceRoots.warningsDisabled=true on the command line, in the .mvn/maven.config file, or in project POM properties.
2026-08-20 11:40:16,688 [Worker-4: Import Getting Started Content] WARN  o.apache.maven.project.MavenProject - Direct modification of testCompileSourceRoots through clear() is deprecated and will not work in Maven 4.0.0. Please use the add/remove methods instead. If you're using a plugin that causes this warning, please upgrade to the latest version and report an issue if the warning persists. To disable these warnings, set -Dmaven.project.sourceRoots.warningsDisabled=true on the command line, in the .mvn/maven.config file, or in project POM properties.
2026-08-20 11:40:16,688 [Worker-4: Import Getting Started Content] WARN  o.apache.maven.project.MavenProject - Direct modification of testCompileSourceRoots through add() is deprecated and will not work in Maven 4.0.0. Please use the add/remove methods instead. If you're using a plugin that causes this warning, please upgrade to the latest version and report an issue if the warning persists. To disable these warnings, set -Dmaven.project.sourceRoots.warningsDisabled=true on the command line, in the .mvn/maven.config file, or in project POM properties.
2026-08-20 11:40:16,757 [Worker-4: Import Getting Started Content] INFO  o.e.m.w.i.f.ResourceFilteringBuildParticipant - Cleaning filtered folder for loginmodule
2026-08-20 11:40:16,797 [Worker-4: Import Getting Started Content] INFO  o.e.m.c.i.p.ProjectConfigurationManager - Update completed for 1 poms: local refresh takes 0.00 sec, refresh facades takes 1.00 sec, update config takes 0.00 sec 
2026-08-20 11:40:16,830 [Worker-15: Updating Maven Project] INFO  o.e.m.c.i.p.ProjectConfigurationManager - Update started
2026-08-20 11:40:17,146 [Worker-15: Updating Maven Project] INFO  o.e.m.c.i.l.LifecycleMappingFactory - Using org.maven.ide.eclipse.wtp.WarLifecycleMapping lifecycle mapping for MavenProject: soa:loginmodule:0.0.1-SNAPSHOT @ C:\SOA\Skill3\loginmodule\pom.xml.
2026-08-20 11:40:18,079 [Worker-15: Updating Maven Project] INFO  o.e.m.j.i.AbstractJavaProjectConfigurator - Adding source folder /loginmodule/src/main/java
2026-08-20 11:40:18,080 [Worker-15: Updating Maven Project] INFO  o.e.m.j.i.AbstractJavaProjectConfigurator - Adding resource folder /loginmodule/src/main/resources
2026-08-20 11:40:18,080 [Worker-15: Updating Maven Project] INFO  o.e.m.j.i.AbstractJavaProjectConfigurator - Adding resource folder /loginmodule/src/main/resources
2026-08-20 11:40:18,081 [Worker-15: Updating Maven Project] INFO  o.e.m.j.i.AbstractJavaProjectConfigurator - Adding source folder /loginmodule/src/test/java
2026-08-20 11:40:18,081 [Worker-15: Updating Maven Project] INFO  o.e.m.j.i.AbstractJavaProjectConfigurator - Adding resource folder /loginmodule/src/test/resources
2026-08-20 11:40:18,869 [Worker-15: Updating Maven Project] WARN  o.apache.maven.project.MavenProject - Direct modification of compileSourceRoots through clear() is deprecated and will not work in Maven 4.0.0. Please use the add/remove methods instead. If you're using a plugin that causes this warning, please upgrade to the latest version and report an issue if the warning persists. To disable these warnings, set -Dmaven.project.sourceRoots.warningsDisabled=true on the command line, in the .mvn/maven.config file, or in project POM properties.
2026-08-20 11:40:18,870 [Worker-15: Updating Maven Project] WARN  o.apache.maven.project.MavenProject - Direct modification of compileSourceRoots through add() is deprecated and will not work in Maven 4.0.0. Please use the add/remove methods instead. If you're using a plugin that causes this warning, please upgrade to the latest version and report an issue if the warning persists. To disable these warnings, set -Dmaven.project.sourceRoots.warningsDisabled=true on the command line, in the .mvn/maven.config file, or in project POM properties.
2026-08-20 11:40:18,871 [Worker-15: Updating Maven Project] WARN  o.apache.maven.project.MavenProject - Direct modification of testCompileSourceRoots through clear() is deprecated and will not work in Maven 4.0.0. Please use the add/remove methods instead. If you're using a plugin that causes this warning, please upgrade to the latest version and report an issue if the warning persists. To disable these warnings, set -Dmaven.project.sourceRoots.warningsDisabled=true on the command line, in the .mvn/maven.config file, or in project POM properties.
2026-08-20 11:40:18,871 [Worker-15: Updating Maven Project] WARN  o.apache.maven.project.MavenProject - Direct modification of testCompileSourceRoots through add() is deprecated and will not work in Maven 4.0.0. Please use the add/remove methods instead. If you're using a plugin that causes this warning, please upgrade to the latest version and report an issue if the warning persists. To disable these warnings, set -Dmaven.project.sourceRoots.warningsDisabled=true on the command line, in the .mvn/maven.config file, or in project POM properties.
2026-08-20 11:40:18,919 [Worker-15: Updating Maven Project] INFO  o.e.m.w.i.f.ResourceFilteringBuildParticipant - Cleaning filtered folder for loginmodule
2026-08-20 11:40:18,943 [Worker-15: Updating Maven Project] INFO  o.e.m.c.i.p.ProjectConfigurationManager - Update completed for 1 poms: local refresh takes 0.00 sec, refresh facades takes 1.00 sec, update config takes 0.00 sec 
2026-08-20 11:40:19,407 [Worker-14: Building] INFO  o.a.m.s.f.DefaultMavenResourcesFiltering - Copying 1 resource from src\main\resources to target\classes
2026-08-20 11:40:19,414 [Worker-14: Building] INFO  o.a.m.s.f.DefaultMavenResourcesFiltering - Copying 0 resource from src\main\resources to target\classes
2026-08-20 11:40:19,417 [Worker-14: Building] INFO  o.a.m.s.f.DefaultMavenResourcesFiltering - skip non existing resourceDirectory C:\SOA\Skill3\loginmodule\src\test\resources
2026-08-20 11:40:19,418 [Worker-14: Building] INFO  o.e.m.w.i.f.ResourceFilteringBuildParticipant - Changed resources require a complete clean of filtered resources of loginmodule
2026-08-20 11:40:19,418 [Worker-14: Building] INFO  o.e.m.w.i.f.ResourceFilteringBuildParticipant - Executing resource filtering for loginmodule
2026-08-20 11:40:19,433 [Worker-14: Building] WARN  Sisu - Error injecting: org.apache.maven.plugins.war.WarMojo
com.google.inject.ProvisionException: Unable to provision, see the following errors:

1) [Guice/ErrorInCustomProvider]: OutOfScopeException: Cannot access session scope outside of a scoping block
  at SessionScopeModule.configure(SessionScopeModule.java:55)
      \_ installed by: WireModule -> SessionScopeModule
  at WarMojo.<init>(WarMojo.java:142)
      \_ for 6th parameter
  while locating WarMojo

Learn more:
  https://github.com/google/guice/wiki/ERROR_IN_CUSTOM_PROVIDER

1 error

======================
Full classname legend:
======================
OutOfScopeException: "com.google.inject.OutOfScopeException"
SessionScopeModule:  "org.apache.maven.session.scope.internal.SessionScopeModule"
WarMojo:             "org.apache.maven.plugins.war.WarMojo"
WireModule:          "org.eclipse.sisu.wire.WireModule"
========================
End of classname legend:
========================

	at com.google.inject.internal.InternalProvisionException.toProvisionException(InternalProvisionException.java:251)
	at com.google.inject.internal.InjectorImpl$1.get(InjectorImpl.java:1104)
	at com.google.inject.internal.InjectorImpl.getInstance(InjectorImpl.java:1139)
	at org.eclipse.sisu.space.AbstractDeferredClass.get(AbstractDeferredClass.java:50)
	at com.google.inject.internal.ProviderInternalFactory.provision(ProviderInternalFactory.java:86)
	at com.google.inject.internal.InternalFactoryToInitializableAdapter.provision(InternalFactoryToInitializableAdapter.java:57)
	at com.google.inject.internal.ProviderInternalFactory$1.call(ProviderInternalFactory.java:67)
	at com.google.inject.internal.ProvisionListenerStackCallback$Provision.provision(ProvisionListenerStackCallback.java:109)
	at com.google.inject.internal.ProvisionListenerStackCallback$Provision.provision(ProvisionListenerStackCallback.java:124)
	at com.google.inject.internal.ProvisionListenerStackCallback.provision(ProvisionListenerStackCallback.java:66)
	at com.google.inject.internal.ProviderInternalFactory.circularGet(ProviderInternalFactory.java:62)
	at com.google.inject.internal.InternalFactoryToInitializableAdapter.get(InternalFactoryToInitializableAdapter.java:47)
	at com.google.inject.internal.InjectorImpl$1.get(InjectorImpl.java:1101)
	at org.eclipse.sisu.inject.Guice4$2.get(Guice4.java:235)
	at org.eclipse.sisu.inject.LazyBeanEntry.getValue(LazyBeanEntry.java:83)
	at org.eclipse.sisu.plexus.LazyPlexusBean.getValue(LazyPlexusBean.java:53)
	at org.codehaus.plexus.DefaultPlexusContainer.lookup(DefaultPlexusContainer.java:267)
	at org.codehaus.plexus.DefaultPlexusContainer.lookup(DefaultPlexusContainer.java:259)
	at org.apache.maven.plugin.internal.DefaultMavenPluginManager.getConfiguredMojo(DefaultMavenPluginManager.java:491)
	at org.eclipse.m2e.core.internal.embedder.MavenImpl.getConfiguredMojo(MavenImpl.java:215)
	at org.eclipse.m2e.mavenarchiver.internal.AbstractMavenArchiverConfigurator.reflectManifestGeneration(AbstractMavenArchiverConfigurator.java:439)
	at org.eclipse.m2e.mavenarchiver.internal.AbstractMavenArchiverConfigurator.lambda$3(AbstractMavenArchiverConfigurator.java:398)
	at org.eclipse.m2e.core.internal.embedder.MavenExecutionContext.executeBare(MavenExecutionContext.java:462)
	at org.eclipse.m2e.core.internal.embedder.MavenExecutionContext.execute(MavenExecutionContext.java:342)
	at org.eclipse.m2e.core.internal.embedder.MavenExecutionContext.execute(MavenExecutionContext.java:281)
	at org.eclipse.m2e.mavenarchiver.internal.AbstractMavenArchiverConfigurator.generateManifest(AbstractMavenArchiverConfigurator.java:371)
	at org.eclipse.m2e.mavenarchiver.internal.AbstractMavenArchiverConfigurator.mavenProjectChanged(AbstractMavenArchiverConfigurator.java:228)
	at org.eclipse.m2e.mavenarchiver.internal.AbstractMavenArchiverConfigurator$1.build(AbstractMavenArchiverConfigurator.java:178)
	at org.eclipse.m2e.core.internal.builder.MavenBuilderImpl.lambda$2(MavenBuilderImpl.java:159)
	at java.base/java.util.LinkedHashMap.forEach(LinkedHashMap.java:987)
	at org.eclipse.m2e.core.internal.builder.MavenBuilderImpl.build(MavenBuilderImpl.java:139)
	at org.eclipse.m2e.core.internal.builder.MavenBuilder$1.method(MavenBuilder.java:164)
	at org.eclipse.m2e.core.internal.builder.MavenBuilder$1.method(MavenBuilder.java:1)
	at org.eclipse.m2e.core.internal.builder.MavenBuilder$BuildMethod.lambda$1(MavenBuilder.java:109)
	at org.eclipse.m2e.core.internal.embedder.MavenExecutionContext.executeBare(MavenExecutionContext.java:462)
	at org.eclipse.m2e.core.internal.embedder.MavenExecutionContext.execute(MavenExecutionContext.java:295)
	at org.eclipse.m2e.core.internal.builder.MavenBuilder$BuildMethod.lambda$0(MavenBuilder.java:100)
	at org.eclipse.m2e.core.internal.embedder.MavenExecutionContext.executeBare(MavenExecutionContext.java:462)
	at org.eclipse.m2e.core.internal.embedder.MavenExecutionContext.execute(MavenExecutionContext.java:342)
	at org.eclipse.m2e.core.internal.embedder.MavenExecutionContext.execute(MavenExecutionContext.java:281)
	at org.eclipse.m2e.core.internal.builder.MavenBuilder$BuildMethod.execute(MavenBuilder.java:83)
	at org.eclipse.m2e.core.internal.builder.MavenBuilder.build(MavenBuilder.java:192)
	at org.eclipse.core.internal.events.BuildManager$2.run(BuildManager.java:1109)
	at org.eclipse.core.runtime.SafeRunner.run(SafeRunner.java:47)
	at org.eclipse.core.internal.events.BuildManager.basicBuild(BuildManager.java:299)
	at org.eclipse.core.internal.events.BuildManager.basicBuild(BuildManager.java:355)
	at org.eclipse.core.internal.events.BuildManager$1.run(BuildManager.java:449)
	at org.eclipse.core.runtime.SafeRunner.run(SafeRunner.java:47)
	at org.eclipse.core.internal.events.BuildManager.basicBuild(BuildManager.java:452)
	at org.eclipse.core.internal.events.BuildManager.basicBuildLoop(BuildManager.java:564)
	at org.eclipse.core.internal.events.BuildManager.basicBuildLoop(BuildManager.java:512)
	at org.eclipse.core.internal.events.BuildManager.build(BuildManager.java:594)
	at org.eclipse.core.internal.events.AutoBuildJob.doBuild(AutoBuildJob.java:208)
	at org.eclipse.core.internal.events.AutoBuildJob.run(AutoBuildJob.java:309)
	at org.eclipse.core.internal.jobs.Worker.run(Worker.java:63)
Caused by: com.google.inject.OutOfScopeException: Cannot access session scope outside of a scoping block
	at org.apache.maven.session.scope.internal.SessionScope.getScopeState(SessionScope.java:70)
	at org.apache.maven.session.scope.internal.SessionScope.lambda$scope$2(SessionScope.java:92)
	at com.google.inject.internal.InternalFactoryToProviderAdapter.get(InternalFactoryToProviderAdapter.java:45)
	at com.google.inject.internal.SingleParameterInjector.inject(SingleParameterInjector.java:40)
	at com.google.inject.internal.SingleParameterInjector.getAll(SingleParameterInjector.java:60)
	at com.google.inject.internal.ConstructorInjector.provision(ConstructorInjector.java:113)
	at com.google.inject.internal.ConstructorInjector.access$000(ConstructorInjector.java:33)
	at com.google.inject.internal.ConstructorInjector$1.call(ConstructorInjector.java:98)
	at com.google.inject.internal.ProvisionListenerStackCallback$Provision.provision(ProvisionListenerStackCallback.java:109)
	at com.google.inject.internal.ProvisionListenerStackCallback$Provision.provision(ProvisionListenerStackCallback.java:124)
	at com.google.inject.internal.ProvisionListenerStackCallback.provision(ProvisionListenerStackCallback.java:66)
	at com.google.inject.internal.ConstructorInjector.construct(ConstructorInjector.java:93)
	at com.google.inject.internal.ConstructorBindingImpl$Factory.get(ConstructorBindingImpl.java:300)
	at com.google.inject.internal.InjectorImpl$1.get(InjectorImpl.java:1101)
	... 53 common frames omitted
2026-08-20 11:40:19,441 [Worker-14: Building] WARN  o.apache.maven.project.MavenProject - Direct modification of compileSourceRoots through clear() is deprecated and will not work in Maven 4.0.0. Please use the add/remove methods instead. If you're using a plugin that causes this warning, please upgrade to the latest version and report an issue if the warning persists. To disable these warnings, set -Dmaven.project.sourceRoots.warningsDisabled=true on the command line, in the .mvn/maven.config file, or in project POM properties.
2026-08-20 11:40:19,442 [Worker-14: Building] WARN  o.apache.maven.project.MavenProject - Direct modification of compileSourceRoots through add() is deprecated and will not work in Maven 4.0.0. Please use the add/remove methods instead. If you're using a plugin that causes this warning, please upgrade to the latest version and report an issue if the warning persists. To disable these warnings, set -Dmaven.project.sourceRoots.warningsDisabled=true on the command line, in the .mvn/maven.config file, or in project POM properties.
2026-08-20 11:40:19,443 [Worker-14: Building] WARN  o.apache.maven.project.MavenProject - Direct modification of testCompileSourceRoots through clear() is deprecated and will not work in Maven 4.0.0. Please use the add/remove methods instead. If you're using a plugin that causes this warning, please upgrade to the latest version and report an issue if the warning persists. To disable these warnings, set -Dmaven.project.sourceRoots.warningsDisabled=true on the command line, in the .mvn/maven.config file, or in project POM properties.
2026-08-20 11:40:19,443 [Worker-14: Building] WARN  o.apache.maven.project.MavenProject - Direct modification of testCompileSourceRoots through add() is deprecated and will not work in Maven 4.0.0. Please use the add/remove methods instead. If you're using a plugin that causes this warning, please upgrade to the latest version and report an issue if the warning persists. To disable these warnings, set -Dmaven.project.sourceRoots.warningsDisabled=true on the command line, in the .mvn/maven.config file, or in project POM properties.
2026-08-20 11:43:03,804 [Worker-16: Building] INFO  o.a.m.s.f.DefaultMavenResourcesFiltering - Copying 1 resource from src\main\resources to target\classes
2026-08-20 11:43:03,808 [Worker-16: Building] INFO  o.a.m.s.f.DefaultMavenResourcesFiltering - Copying 0 resource from src\main\resources to target\classes
2026-08-20 11:43:03,811 [Worker-16: Building] INFO  o.a.m.s.f.DefaultMavenResourcesFiltering - skip non existing resourceDirectory C:\SOA\Skill3\loginmodule\src\test\resources
2026-08-20 11:43:03,819 [Worker-16: Building] WARN  Sisu - Error injecting: org.apache.maven.plugins.war.WarMojo
com.google.inject.ProvisionException: Unable to provision, see the following errors:

1) [Guice/ErrorInCustomProvider]: OutOfScopeException: Cannot access session scope outside of a scoping block
  at SessionScopeModule.configure(SessionScopeModule.java:55)
      \_ installed by: WireModule -> SessionScopeModule
  at WarMojo.<init>(WarMojo.java:142)
      \_ for 6th parameter
  while locating WarMojo

Learn more:
  https://github.com/google/guice/wiki/ERROR_IN_CUSTOM_PROVIDER

1 error

======================
Full classname legend:
======================
OutOfScopeException: "com.google.inject.OutOfScopeException"
SessionScopeModule:  "org.apache.maven.session.scope.internal.SessionScopeModule"
WarMojo:             "org.apache.maven.plugins.war.WarMojo"
WireModule:          "org.eclipse.sisu.wire.WireModule"
========================
End of classname legend:
========================

	at com.google.inject.internal.InternalProvisionException.toProvisionException(InternalProvisionException.java:251)
	at com.google.inject.internal.InjectorImpl$1.get(InjectorImpl.java:1104)
	at com.google.inject.internal.InjectorImpl.getInstance(InjectorImpl.java:1139)
	at org.eclipse.sisu.space.AbstractDeferredClass.get(AbstractDeferredClass.java:50)
	at com.google.inject.internal.ProviderInternalFactory.provision(ProviderInternalFactory.java:86)
	at com.google.inject.internal.InternalFactoryToInitializableAdapter.provision(InternalFactoryToInitializableAdapter.java:57)
	at com.google.inject.internal.ProviderInternalFactory$1.call(ProviderInternalFactory.java:67)
	at com.google.inject.internal.ProvisionListenerStackCallback$Provision.provision(ProvisionListenerStackCallback.java:109)
	at com.google.inject.internal.ProvisionListenerStackCallback$Provision.provision(ProvisionListenerStackCallback.java:124)
	at com.google.inject.internal.ProvisionListenerStackCallback.provision(ProvisionListenerStackCallback.java:66)
	at com.google.inject.internal.ProviderInternalFactory.circularGet(ProviderInternalFactory.java:62)
	at com.google.inject.internal.InternalFactoryToInitializableAdapter.get(InternalFactoryToInitializableAdapter.java:47)
	at com.google.inject.internal.InjectorImpl$1.get(InjectorImpl.java:1101)
	at org.eclipse.sisu.inject.Guice4$2.get(Guice4.java:235)
	at org.eclipse.sisu.inject.LazyBeanEntry.getValue(LazyBeanEntry.java:83)
	at org.eclipse.sisu.plexus.LazyPlexusBean.getValue(LazyPlexusBean.java:53)
	at org.codehaus.plexus.DefaultPlexusContainer.lookup(DefaultPlexusContainer.java:267)
	at org.codehaus.plexus.DefaultPlexusContainer.lookup(DefaultPlexusContainer.java:259)
	at org.apache.maven.plugin.internal.DefaultMavenPluginManager.getConfiguredMojo(DefaultMavenPluginManager.java:491)
	at org.eclipse.m2e.core.internal.embedder.MavenImpl.getConfiguredMojo(MavenImpl.java:215)
	at org.eclipse.m2e.mavenarchiver.internal.AbstractMavenArchiverConfigurator.reflectManifestGeneration(AbstractMavenArchiverConfigurator.java:439)
	at org.eclipse.m2e.mavenarchiver.internal.AbstractMavenArchiverConfigurator.lambda$3(AbstractMavenArchiverConfigurator.java:398)
	at org.eclipse.m2e.core.internal.embedder.MavenExecutionContext.executeBare(MavenExecutionContext.java:462)
	at org.eclipse.m2e.core.internal.embedder.MavenExecutionContext.execute(MavenExecutionContext.java:342)
	at org.eclipse.m2e.core.internal.embedder.MavenExecutionContext.execute(MavenExecutionContext.java:281)
	at org.eclipse.m2e.mavenarchiver.internal.AbstractMavenArchiverConfigurator.generateManifest(AbstractMavenArchiverConfigurator.java:371)
	at org.eclipse.m2e.mavenarchiver.internal.AbstractMavenArchiverConfigurator.mavenProjectChanged(AbstractMavenArchiverConfigurator.java:228)
	at org.eclipse.m2e.mavenarchiver.internal.AbstractMavenArchiverConfigurator$1.build(AbstractMavenArchiverConfigurator.java:178)
	at org.eclipse.m2e.core.internal.builder.MavenBuilderImpl.lambda$2(MavenBuilderImpl.java:159)
	at java.base/java.util.LinkedHashMap.forEach(LinkedHashMap.java:987)
	at org.eclipse.m2e.core.internal.builder.MavenBuilderImpl.build(MavenBuilderImpl.java:139)
	at org.eclipse.m2e.core.internal.builder.MavenBuilder$1.method(MavenBuilder.java:164)
	at org.eclipse.m2e.core.internal.builder.MavenBuilder$1.method(MavenBuilder.java:1)
	at org.eclipse.m2e.core.internal.builder.MavenBuilder$BuildMethod.lambda$1(MavenBuilder.java:109)
	at org.eclipse.m2e.core.internal.embedder.MavenExecutionContext.executeBare(MavenExecutionContext.java:462)
	at org.eclipse.m2e.core.internal.embedder.MavenExecutionContext.execute(MavenExecutionContext.java:295)
	at org.eclipse.m2e.core.internal.builder.MavenBuilder$BuildMethod.lambda$0(MavenBuilder.java:100)
	at org.eclipse.m2e.core.internal.embedder.MavenExecutionContext.executeBare(MavenExecutionContext.java:462)
	at org.eclipse.m2e.core.internal.embedder.MavenExecutionContext.execute(MavenExecutionContext.java:342)
	at org.eclipse.m2e.core.internal.embedder.MavenExecutionContext.execute(MavenExecutionContext.java:281)
	at org.eclipse.m2e.core.internal.builder.MavenBuilder$BuildMethod.execute(MavenBuilder.java:83)
	at org.eclipse.m2e.core.internal.builder.MavenBuilder.build(MavenBuilder.java:192)
	at org.eclipse.core.internal.events.BuildManager$2.run(BuildManager.java:1109)
	at org.eclipse.core.runtime.SafeRunner.run(SafeRunner.java:47)
	at org.eclipse.core.internal.events.BuildManager.basicBuild(BuildManager.java:299)
	at org.eclipse.core.internal.events.BuildManager.basicBuild(BuildManager.java:355)
	at org.eclipse.core.internal.events.BuildManager$1.run(BuildManager.java:449)
	at org.eclipse.core.runtime.SafeRunner.run(SafeRunner.java:47)
	at org.eclipse.core.internal.events.BuildManager.basicBuild(BuildManager.java:452)
	at org.eclipse.core.internal.events.BuildManager.basicBuildLoop(BuildManager.java:564)
	at org.eclipse.core.internal.events.BuildManager.basicBuildLoop(BuildManager.java:512)
	at org.eclipse.core.internal.events.BuildManager.build(BuildManager.java:594)
	at org.eclipse.core.internal.events.AutoBuildJob.doBuild(AutoBuildJob.java:208)
	at org.eclipse.core.internal.events.AutoBuildJob.run(AutoBuildJob.java:309)
	at org.eclipse.core.internal.jobs.Worker.run(Worker.java:63)
Caused by: com.google.inject.OutOfScopeException: Cannot access session scope outside of a scoping block
	at org.apache.maven.session.scope.internal.SessionScope.getScopeState(SessionScope.java:70)
	at org.apache.maven.session.scope.internal.SessionScope.lambda$scope$2(SessionScope.java:92)
	at com.google.inject.internal.InternalFactoryToProviderAdapter.get(InternalFactoryToProviderAdapter.java:45)
	at com.google.inject.internal.SingleParameterInjector.inject(SingleParameterInjector.java:40)
	at com.google.inject.internal.SingleParameterInjector.getAll(SingleParameterInjector.java:60)
	at com.google.inject.internal.ConstructorInjector.provision(ConstructorInjector.java:113)
	at com.google.inject.internal.ConstructorInjector.access$000(ConstructorInjector.java:33)
	at com.google.inject.internal.ConstructorInjector$1.call(ConstructorInjector.java:98)
	at com.google.inject.internal.ProvisionListenerStackCallback$Provision.provision(ProvisionListenerStackCallback.java:109)
	at com.google.inject.internal.ProvisionListenerStackCallback$Provision.provision(ProvisionListenerStackCallback.java:124)
	at com.google.inject.internal.ProvisionListenerStackCallback.provision(ProvisionListenerStackCallback.java:66)
	at com.google.inject.internal.ConstructorInjector.construct(ConstructorInjector.java:93)
	at com.google.inject.internal.ConstructorBindingImpl$Factory.get(ConstructorBindingImpl.java:300)
	at com.google.inject.internal.InjectorImpl$1.get(InjectorImpl.java:1101)
	... 53 common frames omitted
2026-08-20 11:43:03,824 [Worker-16: Building] WARN  o.apache.maven.project.MavenProject - Direct modification of compileSourceRoots through clear() is deprecated and will not work in Maven 4.0.0. Please use the add/remove methods instead. If you're using a plugin that causes this warning, please upgrade to the latest version and report an issue if the warning persists. To disable these warnings, set -Dmaven.project.sourceRoots.warningsDisabled=true on the command line, in the .mvn/maven.config file, or in project POM properties.
2026-08-20 11:43:03,825 [Worker-16: Building] WARN  o.apache.maven.project.MavenProject - Direct modification of compileSourceRoots through add() is deprecated and will not work in Maven 4.0.0. Please use the add/remove methods instead. If you're using a plugin that causes this warning, please upgrade to the latest version and report an issue if the warning persists. To disable these warnings, set -Dmaven.project.sourceRoots.warningsDisabled=true on the command line, in the .mvn/maven.config file, or in project POM properties.
2026-08-20 11:43:03,825 [Worker-16: Building] WARN  o.apache.maven.project.MavenProject - Direct modification of testCompileSourceRoots through clear() is deprecated and will not work in Maven 4.0.0. Please use the add/remove methods instead. If you're using a plugin that causes this warning, please upgrade to the latest version and report an issue if the warning persists. To disable these warnings, set -Dmaven.project.sourceRoots.warningsDisabled=true on the command line, in the .mvn/maven.config file, or in project POM properties.
2026-08-20 11:43:03,826 [Worker-16: Building] WARN  o.apache.maven.project.MavenProject - Direct modification of testCompileSourceRoots through add() is deprecated and will not work in Maven 4.0.0. Please use the add/remove methods instead. If you're using a plugin that causes this warning, please upgrade to the latest version and report an issue if the warning persists. To disable these warnings, set -Dmaven.project.sourceRoots.warningsDisabled=true on the command line, in the .mvn/maven.config file, or in project POM properties.
2026-08-20 11:48:47,732 [Worker-20: Building] INFO  o.e.m.c.i.l.LifecycleMappingFactory - Using org.maven.ide.eclipse.wtp.WarLifecycleMapping lifecycle mapping for MavenProject: soa:signupmodule:0.0.1-SNAPSHOT @ C:\SOA\Skill3\signupmodule\pom.xml.
2026-08-20 11:48:48,461 [Worker-20: Building] INFO  o.e.m.c.i.e.AbstractTransferListenerAdapter - Downloading https://repo.maven.apache.org/maven2/io/jsonwebtoken/jjwt-api/0.12.6/jjwt-api-0.12.6.pom
2026-08-20 11:48:48,521 [Worker-20: Building] INFO  o.e.m.c.i.e.AbstractTransferListenerAdapter - Downloaded https://repo.maven.apache.org/maven2/io/jsonwebtoken/jjwt-api/0.12.6/jjwt-api-0.12.6.pom
2026-08-20 11:48:48,593 [Worker-20: Building] INFO  o.e.m.c.i.e.AbstractTransferListenerAdapter - Downloading https://repo.maven.apache.org/maven2/io/jsonwebtoken/jjwt-root/0.12.6/jjwt-root-0.12.6.pom
2026-08-20 11:48:48,668 [Worker-20: Building] INFO  o.e.m.c.i.e.AbstractTransferListenerAdapter - Downloaded https://repo.maven.apache.org/maven2/io/jsonwebtoken/jjwt-root/0.12.6/jjwt-root-0.12.6.pom
2026-08-20 11:48:48,728 [Worker-20: Building] INFO  o.e.m.c.i.e.AbstractTransferListenerAdapter - Downloading https://repo.maven.apache.org/maven2/io/jsonwebtoken/jjwt-impl/0.12.6/jjwt-impl-0.12.6.pom
2026-08-20 11:48:48,766 [Worker-20: Building] INFO  o.e.m.c.i.e.AbstractTransferListenerAdapter - Downloaded https://repo.maven.apache.org/maven2/io/jsonwebtoken/jjwt-impl/0.12.6/jjwt-impl-0.12.6.pom
2026-08-20 11:48:48,821 [Worker-20: Building] INFO  o.e.m.c.i.e.AbstractTransferListenerAdapter - Downloading https://repo.maven.apache.org/maven2/io/jsonwebtoken/jjwt-jackson/0.12.6/jjwt-jackson-0.12.6.pom
2026-08-20 11:48:48,853 [Worker-20: Building] INFO  o.e.m.c.i.e.AbstractTransferListenerAdapter - Downloaded https://repo.maven.apache.org/maven2/io/jsonwebtoken/jjwt-jackson/0.12.6/jjwt-jackson-0.12.6.pom
2026-08-20 11:48:49,079 [Worker-20: Building] INFO  o.e.m.c.i.e.AbstractTransferListenerAdapter - Downloading https://repo.maven.apache.org/maven2/io/jsonwebtoken/jjwt-api/0.12.6/jjwt-api-0.12.6.jar
2026-08-20 11:48:49,160 [Worker-20: Building] INFO  o.e.m.c.i.e.AbstractTransferListenerAdapter - Downloaded https://repo.maven.apache.org/maven2/io/jsonwebtoken/jjwt-api/0.12.6/jjwt-api-0.12.6.jar
2026-08-20 11:48:49,311 [BasicRepositoryConnector-repo.maven.apache.org-0-1] INFO  o.e.m.c.i.e.AbstractTransferListenerAdapter - Downloading https://repo.maven.apache.org/maven2/io/jsonwebtoken/jjwt-jackson/0.12.6/jjwt-jackson-0.12.6.jar
2026-08-20 11:48:49,423 [BasicRepositoryConnector-repo.maven.apache.org-0-0] INFO  o.e.m.c.i.e.AbstractTransferListenerAdapter - Downloading https://repo.maven.apache.org/maven2/io/jsonwebtoken/jjwt-impl/0.12.6/jjwt-impl-0.12.6.jar
2026-08-20 11:48:49,438 [BasicRepositoryConnector-repo.maven.apache.org-0-1] INFO  o.e.m.c.i.e.AbstractTransferListenerAdapter - Downloaded https://repo.maven.apache.org/maven2/io/jsonwebtoken/jjwt-jackson/0.12.6/jjwt-jackson-0.12.6.jar
2026-08-20 11:48:49,545 [BasicRepositoryConnector-repo.maven.apache.org-0-0] INFO  o.e.m.c.i.e.AbstractTransferListenerAdapter - Downloaded https://repo.maven.apache.org/maven2/io/jsonwebtoken/jjwt-impl/0.12.6/jjwt-impl-0.12.6.jar
2026-08-20 11:48:49,639 [Worker-20: Building] WARN  Sisu - Error injecting: org.apache.maven.plugins.war.WarMojo
com.google.inject.ProvisionException: Unable to provision, see the following errors:

1) [Guice/ErrorInCustomProvider]: OutOfScopeException: Cannot access session scope outside of a scoping block
  at SessionScopeModule.configure(SessionScopeModule.java:55)
      \_ installed by: WireModule -> SessionScopeModule
  at WarMojo.<init>(WarMojo.java:142)
      \_ for 6th parameter
  while locating WarMojo

Learn more:
  https://github.com/google/guice/wiki/ERROR_IN_CUSTOM_PROVIDER

1 error

======================
Full classname legend:
======================
OutOfScopeException: "com.google.inject.OutOfScopeException"
SessionScopeModule:  "org.apache.maven.session.scope.internal.SessionScopeModule"
WarMojo:             "org.apache.maven.plugins.war.WarMojo"
WireModule:          "org.eclipse.sisu.wire.WireModule"
========================
End of classname legend:
========================

	at com.google.inject.internal.InternalProvisionException.toProvisionException(InternalProvisionException.java:251)
	at com.google.inject.internal.InjectorImpl$1.get(InjectorImpl.java:1104)
	at com.google.inject.internal.InjectorImpl.getInstance(InjectorImpl.java:1139)
	at org.eclipse.sisu.space.AbstractDeferredClass.get(AbstractDeferredClass.java:50)
	at com.google.inject.internal.ProviderInternalFactory.provision(ProviderInternalFactory.java:86)
	at com.google.inject.internal.InternalFactoryToInitializableAdapter.provision(InternalFactoryToInitializableAdapter.java:57)
	at com.google.inject.internal.ProviderInternalFactory$1.call(ProviderInternalFactory.java:67)
	at com.google.inject.internal.ProvisionListenerStackCallback$Provision.provision(ProvisionListenerStackCallback.java:109)
	at com.google.inject.internal.ProvisionListenerStackCallback$Provision.provision(ProvisionListenerStackCallback.java:124)
	at com.google.inject.internal.ProvisionListenerStackCallback.provision(ProvisionListenerStackCallback.java:66)
	at com.google.inject.internal.ProviderInternalFactory.circularGet(ProviderInternalFactory.java:62)
	at com.google.inject.internal.InternalFactoryToInitializableAdapter.get(InternalFactoryToInitializableAdapter.java:47)
	at com.google.inject.internal.InjectorImpl$1.get(InjectorImpl.java:1101)
	at org.eclipse.sisu.inject.Guice4$2.get(Guice4.java:235)
	at org.eclipse.sisu.inject.LazyBeanEntry.getValue(LazyBeanEntry.java:83)
	at org.eclipse.sisu.plexus.LazyPlexusBean.getValue(LazyPlexusBean.java:53)
	at org.codehaus.plexus.DefaultPlexusContainer.lookup(DefaultPlexusContainer.java:267)
	at org.codehaus.plexus.DefaultPlexusContainer.lookup(DefaultPlexusContainer.java:259)
	at org.apache.maven.plugin.internal.DefaultMavenPluginManager.getConfiguredMojo(DefaultMavenPluginManager.java:491)
	at org.eclipse.m2e.core.internal.embedder.MavenImpl.getConfiguredMojo(MavenImpl.java:215)
	at org.eclipse.m2e.mavenarchiver.internal.AbstractMavenArchiverConfigurator.reflectManifestGeneration(AbstractMavenArchiverConfigurator.java:439)
	at org.eclipse.m2e.mavenarchiver.internal.AbstractMavenArchiverConfigurator.lambda$3(AbstractMavenArchiverConfigurator.java:398)
	at org.eclipse.m2e.core.internal.embedder.MavenExecutionContext.executeBare(MavenExecutionContext.java:462)
	at org.eclipse.m2e.core.internal.embedder.MavenExecutionContext.execute(MavenExecutionContext.java:342)
	at org.eclipse.m2e.core.internal.embedder.MavenExecutionContext.execute(MavenExecutionContext.java:281)
	at org.eclipse.m2e.mavenarchiver.internal.AbstractMavenArchiverConfigurator.generateManifest(AbstractMavenArchiverConfigurator.java:371)
	at org.eclipse.m2e.mavenarchiver.internal.AbstractMavenArchiverConfigurator.mavenProjectChanged(AbstractMavenArchiverConfigurator.java:228)
	at org.eclipse.m2e.wtp.mavenarchiver.AbstractWTPArchiverConfigurator.mavenProjectChanged(AbstractWTPArchiverConfigurator.java:56)
	at org.eclipse.m2e.core.internal.project.ProjectConfigurationManager.mavenProjectChanged(ProjectConfigurationManager.java:885)
	at org.eclipse.m2e.core.internal.project.registry.ProjectRegistryManager.notifyProjectChangeListeners(ProjectRegistryManager.java:897)
	at org.eclipse.m2e.core.internal.project.registry.ProjectRegistryManager.applyMutableProjectRegistry(ProjectRegistryManager.java:1047)
	at org.eclipse.m2e.core.internal.project.registry.ProjectRegistryManager.refresh(ProjectRegistryManager.java:324)
	at org.eclipse.m2e.core.internal.builder.MavenBuilder$BuildMethod.getProjectFacade(MavenBuilder.java:146)
	at org.eclipse.m2e.core.internal.builder.MavenBuilder$BuildMethod.lambda$0(MavenBuilder.java:84)
	at org.eclipse.m2e.core.internal.embedder.MavenExecutionContext.executeBare(MavenExecutionContext.java:462)
	at org.eclipse.m2e.core.internal.embedder.MavenExecutionContext.execute(MavenExecutionContext.java:342)
	at org.eclipse.m2e.core.internal.embedder.MavenExecutionContext.execute(MavenExecutionContext.java:281)
	at org.eclipse.m2e.core.internal.builder.MavenBuilder$BuildMethod.execute(MavenBuilder.java:83)
	at org.eclipse.m2e.core.internal.builder.MavenBuilder.build(MavenBuilder.java:192)
	at org.eclipse.core.internal.events.BuildManager$2.run(BuildManager.java:1109)
	at org.eclipse.core.runtime.SafeRunner.run(SafeRunner.java:47)
	at org.eclipse.core.internal.events.BuildManager.basicBuild(BuildManager.java:299)
	at org.eclipse.core.internal.events.BuildManager.basicBuild(BuildManager.java:355)
	at org.eclipse.core.internal.events.BuildManager$1.run(BuildManager.java:449)
	at org.eclipse.core.runtime.SafeRunner.run(SafeRunner.java:47)
	at org.eclipse.core.internal.events.BuildManager.basicBuild(BuildManager.java:452)
	at org.eclipse.core.internal.events.BuildManager.basicBuildLoop(BuildManager.java:564)
	at org.eclipse.core.internal.events.BuildManager.basicBuildLoop(BuildManager.java:512)
	at org.eclipse.core.internal.events.BuildManager.build(BuildManager.java:594)
	at org.eclipse.core.internal.events.AutoBuildJob.doBuild(AutoBuildJob.java:208)
	at org.eclipse.core.internal.events.AutoBuildJob.run(AutoBuildJob.java:309)
	at org.eclipse.core.internal.jobs.Worker.run(Worker.java:63)
Caused by: com.google.inject.OutOfScopeException: Cannot access session scope outside of a scoping block
	at org.apache.maven.session.scope.internal.SessionScope.getScopeState(SessionScope.java:70)
	at org.apache.maven.session.scope.internal.SessionScope.lambda$scope$2(SessionScope.java:92)
	at com.google.inject.internal.InternalFactoryToProviderAdapter.get(InternalFactoryToProviderAdapter.java:45)
	at com.google.inject.internal.SingleParameterInjector.inject(SingleParameterInjector.java:40)
	at com.google.inject.internal.SingleParameterInjector.getAll(SingleParameterInjector.java:60)
	at com.google.inject.internal.ConstructorInjector.provision(ConstructorInjector.java:113)
	at com.google.inject.internal.ConstructorInjector.access$000(ConstructorInjector.java:33)
	at com.google.inject.internal.ConstructorInjector$1.call(ConstructorInjector.java:98)
	at com.google.inject.internal.ProvisionListenerStackCallback$Provision.provision(ProvisionListenerStackCallback.java:109)
	at com.google.inject.internal.ProvisionListenerStackCallback$Provision.provision(ProvisionListenerStackCallback.java:124)
	at com.google.inject.internal.ProvisionListenerStackCallback.provision(ProvisionListenerStackCallback.java:66)
	at com.google.inject.internal.ConstructorInjector.construct(ConstructorInjector.java:93)
	at com.google.inject.internal.ConstructorBindingImpl$Factory.get(ConstructorBindingImpl.java:300)
	at com.google.inject.internal.InjectorImpl$1.get(InjectorImpl.java:1101)
	... 50 common frames omitted
2026-08-20 11:48:50,107 [Worker-20: Building] INFO  o.a.m.s.f.DefaultMavenResourcesFiltering - Copying 0 resource from src\main\resources to target\classes
2026-08-20 11:48:50,108 [Worker-20: Building] INFO  o.a.m.s.f.DefaultMavenResourcesFiltering - Copying 0 resource from src\main\resources to target\classes
2026-08-20 11:48:50,111 [Worker-20: Building] INFO  o.a.m.s.f.DefaultMavenResourcesFiltering - skip non existing resourceDirectory C:\SOA\Skill3\signupmodule\src\test\resources
2026-08-20 11:48:50,111 [Worker-20: Building] INFO  o.e.m.w.i.f.ResourceFilteringBuildParticipant - Changed resources require a complete clean of filtered resources of signupmodule
2026-08-20 11:48:50,111 [Worker-20: Building] INFO  o.e.m.w.i.f.ResourceFilteringBuildParticipant - Executing resource filtering for signupmodule
2026-08-20 11:48:50,118 [Worker-20: Building] WARN  Sisu - Error injecting: org.apache.maven.plugins.war.WarMojo
com.google.inject.ProvisionException: Unable to provision, see the following errors:

1) [Guice/ErrorInCustomProvider]: OutOfScopeException: Cannot access session scope outside of a scoping block
  at SessionScopeModule.configure(SessionScopeModule.java:55)
      \_ installed by: WireModule -> SessionScopeModule
  at WarMojo.<init>(WarMojo.java:142)
      \_ for 6th parameter
  while locating WarMojo

Learn more:
  https://github.com/google/guice/wiki/ERROR_IN_CUSTOM_PROVIDER

1 error

======================
Full classname legend:
======================
OutOfScopeException: "com.google.inject.OutOfScopeException"
SessionScopeModule:  "org.apache.maven.session.scope.internal.SessionScopeModule"
WarMojo:             "org.apache.maven.plugins.war.WarMojo"
WireModule:          "org.eclipse.sisu.wire.WireModule"
========================
End of classname legend:
========================

	at com.google.inject.internal.InternalProvisionException.toProvisionException(InternalProvisionException.java:251)
	at com.google.inject.internal.InjectorImpl$1.get(InjectorImpl.java:1104)
	at com.google.inject.internal.InjectorImpl.getInstance(InjectorImpl.java:1139)
	at org.eclipse.sisu.space.AbstractDeferredClass.get(AbstractDeferredClass.java:50)
	at com.google.inject.internal.ProviderInternalFactory.provision(ProviderInternalFactory.java:86)
	at com.google.inject.internal.InternalFactoryToInitializableAdapter.provision(InternalFactoryToInitializableAdapter.java:57)
	at com.google.inject.internal.ProviderInternalFactory$1.call(ProviderInternalFactory.java:67)
	at com.google.inject.internal.ProvisionListenerStackCallback$Provision.provision(ProvisionListenerStackCallback.java:109)
	at com.google.inject.internal.ProvisionListenerStackCallback$Provision.provision(ProvisionListenerStackCallback.java:124)
	at com.google.inject.internal.ProvisionListenerStackCallback.provision(ProvisionListenerStackCallback.java:66)
	at com.google.inject.internal.ProviderInternalFactory.circularGet(ProviderInternalFactory.java:62)
	at com.google.inject.internal.InternalFactoryToInitializableAdapter.get(InternalFactoryToInitializableAdapter.java:47)
	at com.google.inject.internal.InjectorImpl$1.get(InjectorImpl.java:1101)
	at org.eclipse.sisu.inject.Guice4$2.get(Guice4.java:235)
	at org.eclipse.sisu.inject.LazyBeanEntry.getValue(LazyBeanEntry.java:83)
	at org.eclipse.sisu.plexus.LazyPlexusBean.getValue(LazyPlexusBean.java:53)
	at org.codehaus.plexus.DefaultPlexusContainer.lookup(DefaultPlexusContainer.java:267)
	at org.codehaus.plexus.DefaultPlexusContainer.lookup(DefaultPlexusContainer.java:259)
	at org.apache.maven.plugin.internal.DefaultMavenPluginManager.getConfiguredMojo(DefaultMavenPluginManager.java:491)
	at org.eclipse.m2e.core.internal.embedder.MavenImpl.getConfiguredMojo(MavenImpl.java:215)
	at org.eclipse.m2e.mavenarchiver.internal.AbstractMavenArchiverConfigurator.reflectManifestGeneration(AbstractMavenArchiverConfigurator.java:439)
	at org.eclipse.m2e.mavenarchiver.internal.AbstractMavenArchiverConfigurator.lambda$3(AbstractMavenArchiverConfigurator.java:398)
	at org.eclipse.m2e.core.internal.embedder.MavenExecutionContext.executeBare(MavenExecutionContext.java:462)
	at org.eclipse.m2e.core.internal.embedder.MavenExecutionContext.execute(MavenExecutionContext.java:342)
	at org.eclipse.m2e.core.internal.embedder.MavenExecutionContext.execute(MavenExecutionContext.java:281)
	at org.eclipse.m2e.mavenarchiver.internal.AbstractMavenArchiverConfigurator.generateManifest(AbstractMavenArchiverConfigurator.java:371)
	at org.eclipse.m2e.mavenarchiver.internal.AbstractMavenArchiverConfigurator.mavenProjectChanged(AbstractMavenArchiverConfigurator.java:228)
	at org.eclipse.m2e.mavenarchiver.internal.AbstractMavenArchiverConfigurator$1.build(AbstractMavenArchiverConfigurator.java:178)
	at org.eclipse.m2e.core.internal.builder.MavenBuilderImpl.lambda$2(MavenBuilderImpl.java:159)
	at java.base/java.util.LinkedHashMap.forEach(LinkedHashMap.java:987)
	at org.eclipse.m2e.core.internal.builder.MavenBuilderImpl.build(MavenBuilderImpl.java:139)
	at org.eclipse.m2e.core.internal.builder.MavenBuilder$1.method(MavenBuilder.java:164)
	at org.eclipse.m2e.core.internal.builder.MavenBuilder$1.method(MavenBuilder.java:1)
	at org.eclipse.m2e.core.internal.builder.MavenBuilder$BuildMethod.lambda$1(MavenBuilder.java:109)
	at org.eclipse.m2e.core.internal.embedder.MavenExecutionContext.executeBare(MavenExecutionContext.java:462)
	at org.eclipse.m2e.core.internal.embedder.MavenExecutionContext.execute(MavenExecutionContext.java:295)
	at org.eclipse.m2e.core.internal.builder.MavenBuilder$BuildMethod.lambda$0(MavenBuilder.java:100)
	at org.eclipse.m2e.core.internal.embedder.MavenExecutionContext.executeBare(MavenExecutionContext.java:462)
	at org.eclipse.m2e.core.internal.embedder.MavenExecutionContext.execute(MavenExecutionContext.java:342)
	at org.eclipse.m2e.core.internal.embedder.MavenExecutionContext.execute(MavenExecutionContext.java:281)
	at org.eclipse.m2e.core.internal.builder.MavenBuilder$BuildMethod.execute(MavenBuilder.java:83)
	at org.eclipse.m2e.core.internal.builder.MavenBuilder.build(MavenBuilder.java:192)
	at org.eclipse.core.internal.events.BuildManager$2.run(BuildManager.java:1109)
	at org.eclipse.core.runtime.SafeRunner.run(SafeRunner.java:47)
	at org.eclipse.core.internal.events.BuildManager.basicBuild(BuildManager.java:299)
	at org.eclipse.core.internal.events.BuildManager.basicBuild(BuildManager.java:355)
	at org.eclipse.core.internal.events.BuildManager$1.run(BuildManager.java:449)
	at org.eclipse.core.runtime.SafeRunner.run(SafeRunner.java:47)
	at org.eclipse.core.internal.events.BuildManager.basicBuild(BuildManager.java:452)
	at org.eclipse.core.internal.events.BuildManager.basicBuildLoop(BuildManager.java:564)
	at org.eclipse.core.internal.events.BuildManager.basicBuildLoop(BuildManager.java:512)
	at org.eclipse.core.internal.events.BuildManager.build(BuildManager.java:594)
	at org.eclipse.core.internal.events.AutoBuildJob.doBuild(AutoBuildJob.java:208)
	at org.eclipse.core.internal.events.AutoBuildJob.run(AutoBuildJob.java:309)
	at org.eclipse.core.internal.jobs.Worker.run(Worker.java:63)
Caused by: com.google.inject.OutOfScopeException: Cannot access session scope outside of a scoping block
	at org.apache.maven.session.scope.internal.SessionScope.getScopeState(SessionScope.java:70)
	at org.apache.maven.session.scope.internal.SessionScope.lambda$scope$2(SessionScope.java:92)
	at com.google.inject.internal.InternalFactoryToProviderAdapter.get(InternalFactoryToProviderAdapter.java:45)
	at com.google.inject.internal.SingleParameterInjector.inject(SingleParameterInjector.java:40)
	at com.google.inject.internal.SingleParameterInjector.getAll(SingleParameterInjector.java:60)
	at com.google.inject.internal.ConstructorInjector.provision(ConstructorInjector.java:113)
	at com.google.inject.internal.ConstructorInjector.access$000(ConstructorInjector.java:33)
	at com.google.inject.internal.ConstructorInjector$1.call(ConstructorInjector.java:98)
	at com.google.inject.internal.ProvisionListenerStackCallback$Provision.provision(ProvisionListenerStackCallback.java:109)
	at com.google.inject.internal.ProvisionListenerStackCallback$Provision.provision(ProvisionListenerStackCallback.java:124)
	at com.google.inject.internal.ProvisionListenerStackCallback.provision(ProvisionListenerStackCallback.java:66)
	at com.google.inject.internal.ConstructorInjector.construct(ConstructorInjector.java:93)
	at com.google.inject.internal.ConstructorBindingImpl$Factory.get(ConstructorBindingImpl.java:300)
	at com.google.inject.internal.InjectorImpl$1.get(InjectorImpl.java:1101)
	... 53 common frames omitted
2026-08-20 11:48:50,122 [Worker-20: Building] WARN  o.apache.maven.project.MavenProject - Direct modification of compileSourceRoots through clear() is deprecated and will not work in Maven 4.0.0. Please use the add/remove methods instead. If you're using a plugin that causes this warning, please upgrade to the latest version and report an issue if the warning persists. To disable these warnings, set -Dmaven.project.sourceRoots.warningsDisabled=true on the command line, in the .mvn/maven.config file, or in project POM properties.
2026-08-20 11:48:50,123 [Worker-20: Building] WARN  o.apache.maven.project.MavenProject - Direct modification of compileSourceRoots through add() is deprecated and will not work in Maven 4.0.0. Please use the add/remove methods instead. If you're using a plugin that causes this warning, please upgrade to the latest version and report an issue if the warning persists. To disable these warnings, set -Dmaven.project.sourceRoots.warningsDisabled=true on the command line, in the .mvn/maven.config file, or in project POM properties.
2026-08-20 11:48:50,123 [Worker-20: Building] WARN  o.apache.maven.project.MavenProject - Direct modification of testCompileSourceRoots through clear() is deprecated and will not work in Maven 4.0.0. Please use the add/remove methods instead. If you're using a plugin that causes this warning, please upgrade to the latest version and report an issue if the warning persists. To disable these warnings, set -Dmaven.project.sourceRoots.warningsDisabled=true on the command line, in the .mvn/maven.config file, or in project POM properties.
2026-08-20 11:48:50,124 [Worker-20: Building] WARN  o.apache.maven.project.MavenProject - Direct modification of testCompileSourceRoots through add() is deprecated and will not work in Maven 4.0.0. Please use the add/remove methods instead. If you're using a plugin that causes this warning, please upgrade to the latest version and report an issue if the warning persists. To disable these warnings, set -Dmaven.project.sourceRoots.warningsDisabled=true on the command line, in the .mvn/maven.config file, or in project POM properties.
2026-08-20 11:48:51,154 [Worker-21: Download sources and javadoc] INFO  o.e.m.c.i.e.AbstractTransferListenerAdapter - Downloading https://repo.maven.apache.org/maven2/io/jsonwebtoken/jjwt-api/0.12.6/jjwt-api-0.12.6-sources.jar
2026-08-20 11:48:51,280 [Worker-21: Download sources and javadoc] INFO  o.e.m.c.i.e.AbstractTransferListenerAdapter - Downloaded https://repo.maven.apache.org/maven2/io/jsonwebtoken/jjwt-api/0.12.6/jjwt-api-0.12.6-sources.jar
2026-08-20 11:48:51,284 [Worker-21: Download sources and javadoc] INFO  o.e.m.j.internal.DownloadSourcesJob - Downloaded sources for io.jsonwebtoken:jjwt-api:0.12.6
2026-08-20 11:48:51,416 [Worker-21: Download sources and javadoc] INFO  o.e.m.c.i.e.AbstractTransferListenerAdapter - Downloading https://repo.maven.apache.org/maven2/io/jsonwebtoken/jjwt-impl/0.12.6/jjwt-impl-0.12.6-sources.jar
2026-08-20 11:48:51,485 [Worker-22: Building] INFO  o.a.m.s.f.DefaultMavenResourcesFiltering - Copying 1 resource from src\main\resources to target\classes
2026-08-20 11:48:51,496 [Worker-22: Building] INFO  o.a.m.s.f.DefaultMavenResourcesFiltering - Copying 0 resource from src\main\resources to target\classes
2026-08-20 11:48:51,499 [Worker-22: Building] INFO  o.a.m.s.f.DefaultMavenResourcesFiltering - skip non existing resourceDirectory C:\SOA\Skill3\signupmodule\src\test\resources
2026-08-20 11:48:51,515 [Worker-22: Building] WARN  o.apache.maven.project.MavenProject - Direct modification of compileSourceRoots through clear() is deprecated and will not work in Maven 4.0.0. Please use the add/remove methods instead. If you're using a plugin that causes this warning, please upgrade to the latest version and report an issue if the warning persists. To disable these warnings, set -Dmaven.project.sourceRoots.warningsDisabled=true on the command line, in the .mvn/maven.config file, or in project POM properties.
2026-08-20 11:48:51,515 [Worker-22: Building] WARN  o.apache.maven.project.MavenProject - Direct modification of compileSourceRoots through add() is deprecated and will not work in Maven 4.0.0. Please use the add/remove methods instead. If you're using a plugin that causes this warning, please upgrade to the latest version and report an issue if the warning persists. To disable these warnings, set -Dmaven.project.sourceRoots.warningsDisabled=true on the command line, in the .mvn/maven.config file, or in project POM properties.
2026-08-20 11:48:51,515 [Worker-22: Building] WARN  o.apache.maven.project.MavenProject - Direct modification of testCompileSourceRoots through clear() is deprecated and will not work in Maven 4.0.0. Please use the add/remove methods instead. If you're using a plugin that causes this warning, please upgrade to the latest version and report an issue if the warning persists. To disable these warnings, set -Dmaven.project.sourceRoots.warningsDisabled=true on the command line, in the .mvn/maven.config file, or in project POM properties.
2026-08-20 11:48:51,517 [Worker-22: Building] WARN  o.apache.maven.project.MavenProject - Direct modification of testCompileSourceRoots through add() is deprecated and will not work in Maven 4.0.0. Please use the add/remove methods instead. If you're using a plugin that causes this warning, please upgrade to the latest version and report an issue if the warning persists. To disable these warnings, set -Dmaven.project.sourceRoots.warningsDisabled=true on the command line, in the .mvn/maven.config file, or in project POM properties.
2026-08-20 11:48:51,622 [Worker-21: Download sources and javadoc] INFO  o.e.m.c.i.e.AbstractTransferListenerAdapter - Downloaded https://repo.maven.apache.org/maven2/io/jsonwebtoken/jjwt-impl/0.12.6/jjwt-impl-0.12.6-sources.jar
2026-08-20 11:48:51,627 [Worker-21: Download sources and javadoc] INFO  o.e.m.j.internal.DownloadSourcesJob - Downloaded sources for io.jsonwebtoken:jjwt-impl:0.12.6
2026-08-20 11:48:51,779 [Worker-21: Download sources and javadoc] INFO  o.e.m.c.i.e.AbstractTransferListenerAdapter - Downloading https://repo.maven.apache.org/maven2/io/jsonwebtoken/jjwt-jackson/0.12.6/jjwt-jackson-0.12.6-sources.jar
2026-08-20 11:48:51,850 [Worker-21: Download sources and javadoc] INFO  o.e.m.c.i.e.AbstractTransferListenerAdapter - Downloaded https://repo.maven.apache.org/maven2/io/jsonwebtoken/jjwt-jackson/0.12.6/jjwt-jackson-0.12.6-sources.jar
2026-08-20 11:48:51,854 [Worker-21: Download sources and javadoc] INFO  o.e.m.j.internal.DownloadSourcesJob - Downloaded sources for io.jsonwebtoken:jjwt-jackson:0.12.6
2026-08-20 11:49:19,658 [Worker-20: Building] INFO  o.e.m.c.i.l.LifecycleMappingFactory - Using org.maven.ide.eclipse.wtp.WarLifecycleMapping lifecycle mapping for MavenProject: soa:loginmodule:0.0.1-SNAPSHOT @ C:\SOA\Skill3\loginmodule\pom.xml.
2026-08-20 11:49:20,262 [Worker-20: Building] WARN  Sisu - Error injecting: org.apache.maven.plugins.war.WarMojo
com.google.inject.ProvisionException: Unable to provision, see the following errors:

1) [Guice/ErrorInCustomProvider]: OutOfScopeException: Cannot access session scope outside of a scoping block
  at SessionScopeModule.configure(SessionScopeModule.java:55)
      \_ installed by: WireModule -> SessionScopeModule
  at WarMojo.<init>(WarMojo.java:142)
      \_ for 6th parameter
  while locating WarMojo

Learn more:
  https://github.com/google/guice/wiki/ERROR_IN_CUSTOM_PROVIDER

1 error

======================
Full classname legend:
======================
OutOfScopeException: "com.google.inject.OutOfScopeException"
SessionScopeModule:  "org.apache.maven.session.scope.internal.SessionScopeModule"
WarMojo:             "org.apache.maven.plugins.war.WarMojo"
WireModule:          "org.eclipse.sisu.wire.WireModule"
========================
End of classname legend:
========================

	at com.google.inject.internal.InternalProvisionException.toProvisionException(InternalProvisionException.java:251)
	at com.google.inject.internal.InjectorImpl$1.get(InjectorImpl.java:1104)
	at com.google.inject.internal.InjectorImpl.getInstance(InjectorImpl.java:1139)
	at org.eclipse.sisu.space.AbstractDeferredClass.get(AbstractDeferredClass.java:50)
	at com.google.inject.internal.ProviderInternalFactory.provision(ProviderInternalFactory.java:86)
	at com.google.inject.internal.InternalFactoryToInitializableAdapter.provision(InternalFactoryToInitializableAdapter.java:57)
	at com.google.inject.internal.ProviderInternalFactory$1.call(ProviderInternalFactory.java:67)
	at com.google.inject.internal.ProvisionListenerStackCallback$Provision.provision(ProvisionListenerStackCallback.java:109)
	at com.google.inject.internal.ProvisionListenerStackCallback$Provision.provision(ProvisionListenerStackCallback.java:124)
	at com.google.inject.internal.ProvisionListenerStackCallback.provision(ProvisionListenerStackCallback.java:66)
	at com.google.inject.internal.ProviderInternalFactory.circularGet(ProviderInternalFactory.java:62)
	at com.google.inject.internal.InternalFactoryToInitializableAdapter.get(InternalFactoryToInitializableAdapter.java:47)
	at com.google.inject.internal.InjectorImpl$1.get(InjectorImpl.java:1101)
	at org.eclipse.sisu.inject.Guice4$2.get(Guice4.java:235)
	at org.eclipse.sisu.inject.LazyBeanEntry.getValue(LazyBeanEntry.java:83)
	at org.eclipse.sisu.plexus.LazyPlexusBean.getValue(LazyPlexusBean.java:53)
	at org.codehaus.plexus.DefaultPlexusContainer.lookup(DefaultPlexusContainer.java:267)
	at org.codehaus.plexus.DefaultPlexusContainer.lookup(DefaultPlexusContainer.java:259)
	at org.apache.maven.plugin.internal.DefaultMavenPluginManager.getConfiguredMojo(DefaultMavenPluginManager.java:491)
	at org.eclipse.m2e.core.internal.embedder.MavenImpl.getConfiguredMojo(MavenImpl.java:215)
	at org.eclipse.m2e.mavenarchiver.internal.AbstractMavenArchiverConfigurator.reflectManifestGeneration(AbstractMavenArchiverConfigurator.java:439)
	at org.eclipse.m2e.mavenarchiver.internal.AbstractMavenArchiverConfigurator.lambda$3(AbstractMavenArchiverConfigurator.java:398)
	at org.eclipse.m2e.core.internal.embedder.MavenExecutionContext.executeBare(MavenExecutionContext.java:462)
	at org.eclipse.m2e.core.internal.embedder.MavenExecutionContext.execute(MavenExecutionContext.java:342)
	at org.eclipse.m2e.core.internal.embedder.MavenExecutionContext.execute(MavenExecutionContext.java:281)
	at org.eclipse.m2e.mavenarchiver.internal.AbstractMavenArchiverConfigurator.generateManifest(AbstractMavenArchiverConfigurator.java:371)
	at org.eclipse.m2e.mavenarchiver.internal.AbstractMavenArchiverConfigurator.mavenProjectChanged(AbstractMavenArchiverConfigurator.java:228)
	at org.eclipse.m2e.wtp.mavenarchiver.AbstractWTPArchiverConfigurator.mavenProjectChanged(AbstractWTPArchiverConfigurator.java:56)
	at org.eclipse.m2e.core.internal.project.ProjectConfigurationManager.mavenProjectChanged(ProjectConfigurationManager.java:885)
	at org.eclipse.m2e.core.internal.project.registry.ProjectRegistryManager.notifyProjectChangeListeners(ProjectRegistryManager.java:897)
	at org.eclipse.m2e.core.internal.project.registry.ProjectRegistryManager.applyMutableProjectRegistry(ProjectRegistryManager.java:1047)
	at org.eclipse.m2e.core.internal.project.registry.ProjectRegistryManager.refresh(ProjectRegistryManager.java:324)
	at org.eclipse.m2e.core.internal.builder.MavenBuilder$BuildMethod.getProjectFacade(MavenBuilder.java:146)
	at org.eclipse.m2e.core.internal.builder.MavenBuilder$BuildMethod.lambda$0(MavenBuilder.java:84)
	at org.eclipse.m2e.core.internal.embedder.MavenExecutionContext.executeBare(MavenExecutionContext.java:462)
	at org.eclipse.m2e.core.internal.embedder.MavenExecutionContext.execute(MavenExecutionContext.java:342)
	at org.eclipse.m2e.core.internal.embedder.MavenExecutionContext.execute(MavenExecutionContext.java:281)
	at org.eclipse.m2e.core.internal.builder.MavenBuilder$BuildMethod.execute(MavenBuilder.java:83)
	at org.eclipse.m2e.core.internal.builder.MavenBuilder.build(MavenBuilder.java:192)
	at org.eclipse.core.internal.events.BuildManager$2.run(BuildManager.java:1109)
	at org.eclipse.core.runtime.SafeRunner.run(SafeRunner.java:47)
	at org.eclipse.core.internal.events.BuildManager.basicBuild(BuildManager.java:299)
	at org.eclipse.core.internal.events.BuildManager.basicBuild(BuildManager.java:355)
	at org.eclipse.core.internal.events.BuildManager$1.run(BuildManager.java:449)
	at org.eclipse.core.runtime.SafeRunner.run(SafeRunner.java:47)
	at org.eclipse.core.internal.events.BuildManager.basicBuild(BuildManager.java:452)
	at org.eclipse.core.internal.events.BuildManager.basicBuildLoop(BuildManager.java:564)
	at org.eclipse.core.internal.events.BuildManager.basicBuildLoop(BuildManager.java:512)
	at org.eclipse.core.internal.events.BuildManager.build(BuildManager.java:594)
	at org.eclipse.core.internal.events.AutoBuildJob.doBuild(AutoBuildJob.java:208)
	at org.eclipse.core.internal.events.AutoBuildJob.run(AutoBuildJob.java:309)
	at org.eclipse.core.internal.jobs.Worker.run(Worker.java:63)
Caused by: com.google.inject.OutOfScopeException: Cannot access session scope outside of a scoping block
	at org.apache.maven.session.scope.internal.SessionScope.getScopeState(SessionScope.java:70)
	at org.apache.maven.session.scope.internal.SessionScope.lambda$scope$2(SessionScope.java:92)
	at com.google.inject.internal.InternalFactoryToProviderAdapter.get(InternalFactoryToProviderAdapter.java:45)
	at com.google.inject.internal.SingleParameterInjector.inject(SingleParameterInjector.java:40)
	at com.google.inject.internal.SingleParameterInjector.getAll(SingleParameterInjector.java:60)
	at com.google.inject.internal.ConstructorInjector.provision(ConstructorInjector.java:113)
	at com.google.inject.internal.ConstructorInjector.access$000(ConstructorInjector.java:33)
	at com.google.inject.internal.ConstructorInjector$1.call(ConstructorInjector.java:98)
	at com.google.inject.internal.ProvisionListenerStackCallback$Provision.provision(ProvisionListenerStackCallback.java:109)
	at com.google.inject.internal.ProvisionListenerStackCallback$Provision.provision(ProvisionListenerStackCallback.java:124)
	at com.google.inject.internal.ProvisionListenerStackCallback.provision(ProvisionListenerStackCallback.java:66)
	at com.google.inject.internal.ConstructorInjector.construct(ConstructorInjector.java:93)
	at com.google.inject.internal.ConstructorBindingImpl$Factory.get(ConstructorBindingImpl.java:300)
	at com.google.inject.internal.InjectorImpl$1.get(InjectorImpl.java:1101)
	... 50 common frames omitted
2026-08-20 11:49:20,821 [Worker-20: Building] INFO  o.a.m.s.f.DefaultMavenResourcesFiltering - Copying 0 resource from src\main\resources to target\classes
2026-08-20 11:49:20,822 [Worker-20: Building] INFO  o.a.m.s.f.DefaultMavenResourcesFiltering - Copying 0 resource from src\main\resources to target\classes
2026-08-20 11:49:20,826 [Worker-20: Building] INFO  o.a.m.s.f.DefaultMavenResourcesFiltering - skip non existing resourceDirectory C:\SOA\Skill3\loginmodule\src\test\resources
2026-08-20 11:49:20,826 [Worker-20: Building] INFO  o.e.m.w.i.f.ResourceFilteringBuildParticipant - Changed resources require a complete clean of filtered resources of loginmodule
2026-08-20 11:49:20,826 [Worker-20: Building] INFO  o.e.m.w.i.f.ResourceFilteringBuildParticipant - Executing resource filtering for loginmodule
2026-08-20 11:49:20,833 [Worker-20: Building] WARN  Sisu - Error injecting: org.apache.maven.plugins.war.WarMojo
com.google.inject.ProvisionException: Unable to provision, see the following errors:

1) [Guice/ErrorInCustomProvider]: OutOfScopeException: Cannot access session scope outside of a scoping block
  at SessionScopeModule.configure(SessionScopeModule.java:55)
      \_ installed by: WireModule -> SessionScopeModule
  at WarMojo.<init>(WarMojo.java:142)
      \_ for 6th parameter
  while locating WarMojo

Learn more:
  https://github.com/google/guice/wiki/ERROR_IN_CUSTOM_PROVIDER

1 error

======================
Full classname legend:
======================
OutOfScopeException: "com.google.inject.OutOfScopeException"
SessionScopeModule:  "org.apache.maven.session.scope.internal.SessionScopeModule"
WarMojo:             "org.apache.maven.plugins.war.WarMojo"
WireModule:          "org.eclipse.sisu.wire.WireModule"
========================
End of classname legend:
========================

	at com.google.inject.internal.InternalProvisionException.toProvisionException(InternalProvisionException.java:251)
	at com.google.inject.internal.InjectorImpl$1.get(InjectorImpl.java:1104)
	at com.google.inject.internal.InjectorImpl.getInstance(InjectorImpl.java:1139)
	at org.eclipse.sisu.space.AbstractDeferredClass.get(AbstractDeferredClass.java:50)
	at com.google.inject.internal.ProviderInternalFactory.provision(ProviderInternalFactory.java:86)
	at com.google.inject.internal.InternalFactoryToInitializableAdapter.provision(InternalFactoryToInitializableAdapter.java:57)
	at com.google.inject.internal.ProviderInternalFactory$1.call(ProviderInternalFactory.java:67)
	at com.google.inject.internal.ProvisionListenerStackCallback$Provision.provision(ProvisionListenerStackCallback.java:109)
	at com.google.inject.internal.ProvisionListenerStackCallback$Provision.provision(ProvisionListenerStackCallback.java:124)
	at com.google.inject.internal.ProvisionListenerStackCallback.provision(ProvisionListenerStackCallback.java:66)
	at com.google.inject.internal.ProviderInternalFactory.circularGet(ProviderInternalFactory.java:62)
	at com.google.inject.internal.InternalFactoryToInitializableAdapter.get(InternalFactoryToInitializableAdapter.java:47)
	at com.google.inject.internal.InjectorImpl$1.get(InjectorImpl.java:1101)
	at org.eclipse.sisu.inject.Guice4$2.get(Guice4.java:235)
	at org.eclipse.sisu.inject.LazyBeanEntry.getValue(LazyBeanEntry.java:83)
	at org.eclipse.sisu.plexus.LazyPlexusBean.getValue(LazyPlexusBean.java:53)
	at org.codehaus.plexus.DefaultPlexusContainer.lookup(DefaultPlexusContainer.java:267)
	at org.codehaus.plexus.DefaultPlexusContainer.lookup(DefaultPlexusContainer.java:259)
	at org.apache.maven.plugin.internal.DefaultMavenPluginManager.getConfiguredMojo(DefaultMavenPluginManager.java:491)
	at org.eclipse.m2e.core.internal.embedder.MavenImpl.getConfiguredMojo(MavenImpl.java:215)
	at org.eclipse.m2e.mavenarchiver.internal.AbstractMavenArchiverConfigurator.reflectManifestGeneration(AbstractMavenArchiverConfigurator.java:439)
	at org.eclipse.m2e.mavenarchiver.internal.AbstractMavenArchiverConfigurator.lambda$3(AbstractMavenArchiverConfigurator.java:398)
	at org.eclipse.m2e.core.internal.embedder.MavenExecutionContext.executeBare(MavenExecutionContext.java:462)
	at org.eclipse.m2e.core.internal.embedder.MavenExecutionContext.execute(MavenExecutionContext.java:342)
	at org.eclipse.m2e.core.internal.embedder.MavenExecutionContext.execute(MavenExecutionContext.java:281)
	at org.eclipse.m2e.mavenarchiver.internal.AbstractMavenArchiverConfigurator.generateManifest(AbstractMavenArchiverConfigurator.java:371)
	at org.eclipse.m2e.mavenarchiver.internal.AbstractMavenArchiverConfigurator.mavenProjectChanged(AbstractMavenArchiverConfigurator.java:228)
	at org.eclipse.m2e.mavenarchiver.internal.AbstractMavenArchiverConfigurator$1.build(AbstractMavenArchiverConfigurator.java:178)
	at org.eclipse.m2e.core.internal.builder.MavenBuilderImpl.lambda$2(MavenBuilderImpl.java:159)
	at java.base/java.util.LinkedHashMap.forEach(LinkedHashMap.java:987)
	at org.eclipse.m2e.core.internal.builder.MavenBuilderImpl.build(MavenBuilderImpl.java:139)
	at org.eclipse.m2e.core.internal.builder.MavenBuilder$1.method(MavenBuilder.java:164)
	at org.eclipse.m2e.core.internal.builder.MavenBuilder$1.method(MavenBuilder.java:1)
	at org.eclipse.m2e.core.internal.builder.MavenBuilder$BuildMethod.lambda$1(MavenBuilder.java:109)
	at org.eclipse.m2e.core.internal.embedder.MavenExecutionContext.executeBare(MavenExecutionContext.java:462)
	at org.eclipse.m2e.core.internal.embedder.MavenExecutionContext.execute(MavenExecutionContext.java:295)
	at org.eclipse.m2e.core.internal.builder.MavenBuilder$BuildMethod.lambda$0(MavenBuilder.java:100)
	at org.eclipse.m2e.core.internal.embedder.MavenExecutionContext.executeBare(MavenExecutionContext.java:462)
	at org.eclipse.m2e.core.internal.embedder.MavenExecutionContext.execute(MavenExecutionContext.java:342)
	at org.eclipse.m2e.core.internal.embedder.MavenExecutionContext.execute(MavenExecutionContext.java:281)
	at org.eclipse.m2e.core.internal.builder.MavenBuilder$BuildMethod.execute(MavenBuilder.java:83)
	at org.eclipse.m2e.core.internal.builder.MavenBuilder.build(MavenBuilder.java:192)
	at org.eclipse.core.internal.events.BuildManager$2.run(BuildManager.java:1109)
	at org.eclipse.core.runtime.SafeRunner.run(SafeRunner.java:47)
	at org.eclipse.core.internal.events.BuildManager.basicBuild(BuildManager.java:299)
	at org.eclipse.core.internal.events.BuildManager.basicBuild(BuildManager.java:355)
	at org.eclipse.core.internal.events.BuildManager$1.run(BuildManager.java:449)
	at org.eclipse.core.runtime.SafeRunner.run(SafeRunner.java:47)
	at org.eclipse.core.internal.events.BuildManager.basicBuild(BuildManager.java:452)
	at org.eclipse.core.internal.events.BuildManager.basicBuildLoop(BuildManager.java:564)
	at org.eclipse.core.internal.events.BuildManager.basicBuildLoop(BuildManager.java:512)
	at org.eclipse.core.internal.events.BuildManager.build(BuildManager.java:594)
	at org.eclipse.core.internal.events.AutoBuildJob.doBuild(AutoBuildJob.java:208)
	at org.eclipse.core.internal.events.AutoBuildJob.run(AutoBuildJob.java:309)
	at org.eclipse.core.internal.jobs.Worker.run(Worker.java:63)
Caused by: com.google.inject.OutOfScopeException: Cannot access session scope outside of a scoping block
	at org.apache.maven.session.scope.internal.SessionScope.getScopeState(SessionScope.java:70)
	at org.apache.maven.session.scope.internal.SessionScope.lambda$scope$2(SessionScope.java:92)
	at com.google.inject.internal.InternalFactoryToProviderAdapter.get(InternalFactoryToProviderAdapter.java:45)
	at com.google.inject.internal.SingleParameterInjector.inject(SingleParameterInjector.java:40)
	at com.google.inject.internal.SingleParameterInjector.getAll(SingleParameterInjector.java:60)
	at com.google.inject.internal.ConstructorInjector.provision(ConstructorInjector.java:113)
	at com.google.inject.internal.ConstructorInjector.access$000(ConstructorInjector.java:33)
	at com.google.inject.internal.ConstructorInjector$1.call(ConstructorInjector.java:98)
	at com.google.inject.internal.ProvisionListenerStackCallback$Provision.provision(ProvisionListenerStackCallback.java:109)
	at com.google.inject.internal.ProvisionListenerStackCallback$Provision.provision(ProvisionListenerStackCallback.java:124)
	at com.google.inject.internal.ProvisionListenerStackCallback.provision(ProvisionListenerStackCallback.java:66)
	at com.google.inject.internal.ConstructorInjector.construct(ConstructorInjector.java:93)
	at com.google.inject.internal.ConstructorBindingImpl$Factory.get(ConstructorBindingImpl.java:300)
	at com.google.inject.internal.InjectorImpl$1.get(InjectorImpl.java:1101)
	... 53 common frames omitted
2026-08-20 11:49:20,841 [Worker-20: Building] WARN  o.apache.maven.project.MavenProject - Direct modification of compileSourceRoots through clear() is deprecated and will not work in Maven 4.0.0. Please use the add/remove methods instead. If you're using a plugin that causes this warning, please upgrade to the latest version and report an issue if the warning persists. To disable these warnings, set -Dmaven.project.sourceRoots.warningsDisabled=true on the command line, in the .mvn/maven.config file, or in project POM properties.
2026-08-20 11:49:20,842 [Worker-20: Building] WARN  o.apache.maven.project.MavenProject - Direct modification of compileSourceRoots through add() is deprecated and will not work in Maven 4.0.0. Please use the add/remove methods instead. If you're using a plugin that causes this warning, please upgrade to the latest version and report an issue if the warning persists. To disable these warnings, set -Dmaven.project.sourceRoots.warningsDisabled=true on the command line, in the .mvn/maven.config file, or in project POM properties.
2026-08-20 11:49:20,843 [Worker-20: Building] WARN  o.apache.maven.project.MavenProject - Direct modification of testCompileSourceRoots through clear() is deprecated and will not work in Maven 4.0.0. Please use the add/remove methods instead. If you're using a plugin that causes this warning, please upgrade to the latest version and report an issue if the warning persists. To disable these warnings, set -Dmaven.project.sourceRoots.warningsDisabled=true on the command line, in the .mvn/maven.config file, or in project POM properties.
2026-08-20 11:49:20,844 [Worker-20: Building] WARN  o.apache.maven.project.MavenProject - Direct modification of testCompileSourceRoots through add() is deprecated and will not work in Maven 4.0.0. Please use the add/remove methods instead. If you're using a plugin that causes this warning, please upgrade to the latest version and report an issue if the warning persists. To disable these warnings, set -Dmaven.project.sourceRoots.warningsDisabled=true on the command line, in the .mvn/maven.config file, or in project POM properties.
2026-08-20 11:49:22,108 [Worker-24: Building] INFO  o.a.m.s.f.DefaultMavenResourcesFiltering - Copying 1 resource from src\main\resources to target\classes
2026-08-20 11:49:22,116 [Worker-24: Building] INFO  o.a.m.s.f.DefaultMavenResourcesFiltering - Copying 0 resource from src\main\resources to target\classes
2026-08-20 11:49:22,119 [Worker-24: Building] INFO  o.a.m.s.f.DefaultMavenResourcesFiltering - skip non existing resourceDirectory C:\SOA\Skill3\loginmodule\src\test\resources
2026-08-20 11:49:22,127 [Worker-24: Building] WARN  Sisu - Error injecting: org.apache.maven.plugins.war.WarMojo
com.google.inject.ProvisionException: Unable to provision, see the following errors:

1) [Guice/ErrorInCustomProvider]: OutOfScopeException: Cannot access session scope outside of a scoping block
  at SessionScopeModule.configure(SessionScopeModule.java:55)
      \_ installed by: WireModule -> SessionScopeModule
  at WarMojo.<init>(WarMojo.java:142)
      \_ for 6th parameter
  while locating WarMojo

Learn more:
  https://github.com/google/guice/wiki/ERROR_IN_CUSTOM_PROVIDER

1 error

======================
Full classname legend:
======================
OutOfScopeException: "com.google.inject.OutOfScopeException"
SessionScopeModule:  "org.apache.maven.session.scope.internal.SessionScopeModule"
WarMojo:             "org.apache.maven.plugins.war.WarMojo"
WireModule:          "org.eclipse.sisu.wire.WireModule"
========================
End of classname legend:
========================

	at com.google.inject.internal.InternalProvisionException.toProvisionException(InternalProvisionException.java:251)
	at com.google.inject.internal.InjectorImpl$1.get(InjectorImpl.java:1104)
	at com.google.inject.internal.InjectorImpl.getInstance(InjectorImpl.java:1139)
	at org.eclipse.sisu.space.AbstractDeferredClass.get(AbstractDeferredClass.java:50)
	at com.google.inject.internal.ProviderInternalFactory.provision(ProviderInternalFactory.java:86)
	at com.google.inject.internal.InternalFactoryToInitializableAdapter.provision(InternalFactoryToInitializableAdapter.java:57)
	at com.google.inject.internal.ProviderInternalFactory$1.call(ProviderInternalFactory.java:67)
	at com.google.inject.internal.ProvisionListenerStackCallback$Provision.provision(ProvisionListenerStackCallback.java:109)
	at com.google.inject.internal.ProvisionListenerStackCallback$Provision.provision(ProvisionListenerStackCallback.java:124)
	at com.google.inject.internal.ProvisionListenerStackCallback.provision(ProvisionListenerStackCallback.java:66)
	at com.google.inject.internal.ProviderInternalFactory.circularGet(ProviderInternalFactory.java:62)
	at com.google.inject.internal.InternalFactoryToInitializableAdapter.get(InternalFactoryToInitializableAdapter.java:47)
	at com.google.inject.internal.InjectorImpl$1.get(InjectorImpl.java:1101)
	at org.eclipse.sisu.inject.Guice4$2.get(Guice4.java:235)
	at org.eclipse.sisu.inject.LazyBeanEntry.getValue(LazyBeanEntry.java:83)
	at org.eclipse.sisu.plexus.LazyPlexusBean.getValue(LazyPlexusBean.java:53)
	at org.codehaus.plexus.DefaultPlexusContainer.lookup(DefaultPlexusContainer.java:267)
	at org.codehaus.plexus.DefaultPlexusContainer.lookup(DefaultPlexusContainer.java:259)
	at org.apache.maven.plugin.internal.DefaultMavenPluginManager.getConfiguredMojo(DefaultMavenPluginManager.java:491)
	at org.eclipse.m2e.core.internal.embedder.MavenImpl.getConfiguredMojo(MavenImpl.java:215)
	at org.eclipse.m2e.mavenarchiver.internal.AbstractMavenArchiverConfigurator.reflectManifestGeneration(AbstractMavenArchiverConfigurator.java:439)
	at org.eclipse.m2e.mavenarchiver.internal.AbstractMavenArchiverConfigurator.lambda$3(AbstractMavenArchiverConfigurator.java:398)
	at org.eclipse.m2e.core.internal.embedder.MavenExecutionContext.executeBare(MavenExecutionContext.java:462)
	at org.eclipse.m2e.core.internal.embedder.MavenExecutionContext.execute(MavenExecutionContext.java:342)
	at org.eclipse.m2e.core.internal.embedder.MavenExecutionContext.execute(MavenExecutionContext.java:281)
	at org.eclipse.m2e.mavenarchiver.internal.AbstractMavenArchiverConfigurator.generateManifest(AbstractMavenArchiverConfigurator.java:371)
	at org.eclipse.m2e.mavenarchiver.internal.AbstractMavenArchiverConfigurator.mavenProjectChanged(AbstractMavenArchiverConfigurator.java:228)
	at org.eclipse.m2e.mavenarchiver.internal.AbstractMavenArchiverConfigurator$1.build(AbstractMavenArchiverConfigurator.java:178)
	at org.eclipse.m2e.core.internal.builder.MavenBuilderImpl.lambda$2(MavenBuilderImpl.java:159)
	at java.base/java.util.LinkedHashMap.forEach(LinkedHashMap.java:987)
	at org.eclipse.m2e.core.internal.builder.MavenBuilderImpl.build(MavenBuilderImpl.java:139)
	at org.eclipse.m2e.core.internal.builder.MavenBuilder$1.method(MavenBuilder.java:164)
	at org.eclipse.m2e.core.internal.builder.MavenBuilder$1.method(MavenBuilder.java:1)
	at org.eclipse.m2e.core.internal.builder.MavenBuilder$BuildMethod.lambda$1(MavenBuilder.java:109)
	at org.eclipse.m2e.core.internal.embedder.MavenExecutionContext.executeBare(MavenExecutionContext.java:462)
	at org.eclipse.m2e.core.internal.embedder.MavenExecutionContext.execute(MavenExecutionContext.java:295)
	at org.eclipse.m2e.core.internal.builder.MavenBuilder$BuildMethod.lambda$0(MavenBuilder.java:100)
	at org.eclipse.m2e.core.internal.embedder.MavenExecutionContext.executeBare(MavenExecutionContext.java:462)
	at org.eclipse.m2e.core.internal.embedder.MavenExecutionContext.execute(MavenExecutionContext.java:342)
	at org.eclipse.m2e.core.internal.embedder.MavenExecutionContext.execute(MavenExecutionContext.java:281)
	at org.eclipse.m2e.core.internal.builder.MavenBuilder$BuildMethod.execute(MavenBuilder.java:83)
	at org.eclipse.m2e.core.internal.builder.MavenBuilder.build(MavenBuilder.java:192)
	at org.eclipse.core.internal.events.BuildManager$2.run(BuildManager.java:1109)
	at org.eclipse.core.runtime.SafeRunner.run(SafeRunner.java:47)
	at org.eclipse.core.internal.events.BuildManager.basicBuild(BuildManager.java:299)
	at org.eclipse.core.internal.events.BuildManager.basicBuild(BuildManager.java:355)
	at org.eclipse.core.internal.events.BuildManager$1.run(BuildManager.java:449)
	at org.eclipse.core.runtime.SafeRunner.run(SafeRunner.java:47)
	at org.eclipse.core.internal.events.BuildManager.basicBuild(BuildManager.java:452)
	at org.eclipse.core.internal.events.BuildManager.basicBuildLoop(BuildManager.java:564)
	at org.eclipse.core.internal.events.BuildManager.basicBuildLoop(BuildManager.java:512)
	at org.eclipse.core.internal.events.BuildManager.build(BuildManager.java:594)
	at org.eclipse.core.internal.events.AutoBuildJob.doBuild(AutoBuildJob.java:208)
	at org.eclipse.core.internal.events.AutoBuildJob.run(AutoBuildJob.java:309)
	at org.eclipse.core.internal.jobs.Worker.run(Worker.java:63)
Caused by: com.google.inject.OutOfScopeException: Cannot access session scope outside of a scoping block
	at org.apache.maven.session.scope.internal.SessionScope.getScopeState(SessionScope.java:70)
	at org.apache.maven.session.scope.internal.SessionScope.lambda$scope$2(SessionScope.java:92)
	at com.google.inject.internal.InternalFactoryToProviderAdapter.get(InternalFactoryToProviderAdapter.java:45)
	at com.google.inject.internal.SingleParameterInjector.inject(SingleParameterInjector.java:40)
	at com.google.inject.internal.SingleParameterInjector.getAll(SingleParameterInjector.java:60)
	at com.google.inject.internal.ConstructorInjector.provision(ConstructorInjector.java:113)
	at com.google.inject.internal.ConstructorInjector.access$000(ConstructorInjector.java:33)
	at com.google.inject.internal.ConstructorInjector$1.call(ConstructorInjector.java:98)
	at com.google.inject.internal.ProvisionListenerStackCallback$Provision.provision(ProvisionListenerStackCallback.java:109)
	at com.google.inject.internal.ProvisionListenerStackCallback$Provision.provision(ProvisionListenerStackCallback.java:124)
	at com.google.inject.internal.ProvisionListenerStackCallback.provision(ProvisionListenerStackCallback.java:66)
	at com.google.inject.internal.ConstructorInjector.construct(ConstructorInjector.java:93)
	at com.google.inject.internal.ConstructorBindingImpl$Factory.get(ConstructorBindingImpl.java:300)
	at com.google.inject.internal.InjectorImpl$1.get(InjectorImpl.java:1101)
	... 53 common frames omitted
2026-08-20 11:49:22,133 [Worker-24: Building] WARN  o.apache.maven.project.MavenProject - Direct modification of compileSourceRoots through clear() is deprecated and will not work in Maven 4.0.0. Please use the add/remove methods instead. If you're using a plugin that causes this warning, please upgrade to the latest version and report an issue if the warning persists. To disable these warnings, set -Dmaven.project.sourceRoots.warningsDisabled=true on the command line, in the .mvn/maven.config file, or in project POM properties.
2026-08-20 11:49:22,135 [Worker-24: Building] WARN  o.apache.maven.project.MavenProject - Direct modification of compileSourceRoots through add() is deprecated and will not work in Maven 4.0.0. Please use the add/remove methods instead. If you're using a plugin that causes this warning, please upgrade to the latest version and report an issue if the warning persists. To disable these warnings, set -Dmaven.project.sourceRoots.warningsDisabled=true on the command line, in the .mvn/maven.config file, or in project POM properties.
2026-08-20 11:49:22,136 [Worker-24: Building] WARN  o.apache.maven.project.MavenProject - Direct modification of testCompileSourceRoots through clear() is deprecated and will not work in Maven 4.0.0. Please use the add/remove methods instead. If you're using a plugin that causes this warning, please upgrade to the latest version and report an issue if the warning persists. To disable these warnings, set -Dmaven.project.sourceRoots.warningsDisabled=true on the command line, in the .mvn/maven.config file, or in project POM properties.
2026-08-20 11:49:22,136 [Worker-24: Building] WARN  o.apache.maven.project.MavenProject - Direct modification of testCompileSourceRoots through add() is deprecated and will not work in Maven 4.0.0. Please use the add/remove methods instead. If you're using a plugin that causes this warning, please upgrade to the latest version and report an issue if the warning persists. To disable these warnings, set -Dmaven.project.sourceRoots.warningsDisabled=true on the command line, in the .mvn/maven.config file, or in project POM properties.
2026-08-20 11:50:00,181 [Worker-18: Building] INFO  o.a.m.s.f.DefaultMavenResourcesFiltering - Copying 0 resource from src\main\resources to target\classes
2026-08-20 11:50:00,182 [Worker-18: Building] INFO  o.a.m.s.f.DefaultMavenResourcesFiltering - Copying 0 resource from src\main\resources to target\classes
2026-08-20 11:50:00,185 [Worker-18: Building] INFO  o.a.m.s.f.DefaultMavenResourcesFiltering - skip non existing resourceDirectory C:\SOA\Skill3\loginmodule\src\test\resources
2026-08-20 11:50:00,193 [Worker-18: Building] WARN  Sisu - Error injecting: org.apache.maven.plugins.war.WarMojo
com.google.inject.ProvisionException: Unable to provision, see the following errors:

1) [Guice/ErrorInCustomProvider]: OutOfScopeException: Cannot access session scope outside of a scoping block
  at SessionScopeModule.configure(SessionScopeModule.java:55)
      \_ installed by: WireModule -> SessionScopeModule
  at WarMojo.<init>(WarMojo.java:142)
      \_ for 6th parameter
  while locating WarMojo

Learn more:
  https://github.com/google/guice/wiki/ERROR_IN_CUSTOM_PROVIDER

1 error

======================
Full classname legend:
======================
OutOfScopeException: "com.google.inject.OutOfScopeException"
SessionScopeModule:  "org.apache.maven.session.scope.internal.SessionScopeModule"
WarMojo:             "org.apache.maven.plugins.war.WarMojo"
WireModule:          "org.eclipse.sisu.wire.WireModule"
========================
End of classname legend:
========================

	at com.google.inject.internal.InternalProvisionException.toProvisionException(InternalProvisionException.java:251)
	at com.google.inject.internal.InjectorImpl$1.get(InjectorImpl.java:1104)
	at com.google.inject.internal.InjectorImpl.getInstance(InjectorImpl.java:1139)
	at org.eclipse.sisu.space.AbstractDeferredClass.get(AbstractDeferredClass.java:50)
	at com.google.inject.internal.ProviderInternalFactory.provision(ProviderInternalFactory.java:86)
	at com.google.inject.internal.InternalFactoryToInitializableAdapter.provision(InternalFactoryToInitializableAdapter.java:57)
	at com.google.inject.internal.ProviderInternalFactory$1.call(ProviderInternalFactory.java:67)
	at com.google.inject.internal.ProvisionListenerStackCallback$Provision.provision(ProvisionListenerStackCallback.java:109)
	at com.google.inject.internal.ProvisionListenerStackCallback$Provision.provision(ProvisionListenerStackCallback.java:124)
	at com.google.inject.internal.ProvisionListenerStackCallback.provision(ProvisionListenerStackCallback.java:66)
	at com.google.inject.internal.ProviderInternalFactory.circularGet(ProviderInternalFactory.java:62)
	at com.google.inject.internal.InternalFactoryToInitializableAdapter.get(InternalFactoryToInitializableAdapter.java:47)
	at com.google.inject.internal.InjectorImpl$1.get(InjectorImpl.java:1101)
	at org.eclipse.sisu.inject.Guice4$2.get(Guice4.java:235)
	at org.eclipse.sisu.inject.LazyBeanEntry.getValue(LazyBeanEntry.java:83)
	at org.eclipse.sisu.plexus.LazyPlexusBean.getValue(LazyPlexusBean.java:53)
	at org.codehaus.plexus.DefaultPlexusContainer.lookup(DefaultPlexusContainer.java:267)
	at org.codehaus.plexus.DefaultPlexusContainer.lookup(DefaultPlexusContainer.java:259)
	at org.apache.maven.plugin.internal.DefaultMavenPluginManager.getConfiguredMojo(DefaultMavenPluginManager.java:491)
	at org.eclipse.m2e.core.internal.embedder.MavenImpl.getConfiguredMojo(MavenImpl.java:215)
	at org.eclipse.m2e.mavenarchiver.internal.AbstractMavenArchiverConfigurator.reflectManifestGeneration(AbstractMavenArchiverConfigurator.java:439)
	at org.eclipse.m2e.mavenarchiver.internal.AbstractMavenArchiverConfigurator.lambda$3(AbstractMavenArchiverConfigurator.java:398)
	at org.eclipse.m2e.core.internal.embedder.MavenExecutionContext.executeBare(MavenExecutionContext.java:462)
	at org.eclipse.m2e.core.internal.embedder.MavenExecutionContext.execute(MavenExecutionContext.java:342)
	at org.eclipse.m2e.core.internal.embedder.MavenExecutionContext.execute(MavenExecutionContext.java:281)
	at org.eclipse.m2e.mavenarchiver.internal.AbstractMavenArchiverConfigurator.generateManifest(AbstractMavenArchiverConfigurator.java:371)
	at org.eclipse.m2e.mavenarchiver.internal.AbstractMavenArchiverConfigurator.mavenProjectChanged(AbstractMavenArchiverConfigurator.java:228)
	at org.eclipse.m2e.mavenarchiver.internal.AbstractMavenArchiverConfigurator$1.build(AbstractMavenArchiverConfigurator.java:178)
	at org.eclipse.m2e.core.internal.builder.MavenBuilderImpl.lambda$2(MavenBuilderImpl.java:159)
	at java.base/java.util.LinkedHashMap.forEach(LinkedHashMap.java:987)
	at org.eclipse.m2e.core.internal.builder.MavenBuilderImpl.build(MavenBuilderImpl.java:139)
	at org.eclipse.m2e.core.internal.builder.MavenBuilder$1.method(MavenBuilder.java:164)
	at org.eclipse.m2e.core.internal.builder.MavenBuilder$1.method(MavenBuilder.java:1)
	at org.eclipse.m2e.core.internal.builder.MavenBuilder$BuildMethod.lambda$1(MavenBuilder.java:109)
	at org.eclipse.m2e.core.internal.embedder.MavenExecutionContext.executeBare(MavenExecutionContext.java:462)
	at org.eclipse.m2e.core.internal.embedder.MavenExecutionContext.execute(MavenExecutionContext.java:295)
	at org.eclipse.m2e.core.internal.builder.MavenBuilder$BuildMethod.lambda$0(MavenBuilder.java:100)
	at org.eclipse.m2e.core.internal.embedder.MavenExecutionContext.executeBare(MavenExecutionContext.java:462)
	at org.eclipse.m2e.core.internal.embedder.MavenExecutionContext.execute(MavenExecutionContext.java:342)
	at org.eclipse.m2e.core.internal.embedder.MavenExecutionContext.execute(MavenExecutionContext.java:281)
	at org.eclipse.m2e.core.internal.builder.MavenBuilder$BuildMethod.execute(MavenBuilder.java:83)
	at org.eclipse.m2e.core.internal.builder.MavenBuilder.build(MavenBuilder.java:192)
	at org.eclipse.core.internal.events.BuildManager$2.run(BuildManager.java:1109)
	at org.eclipse.core.runtime.SafeRunner.run(SafeRunner.java:47)
	at org.eclipse.core.internal.events.BuildManager.basicBuild(BuildManager.java:299)
	at org.eclipse.core.internal.events.BuildManager.basicBuild(BuildManager.java:355)
	at org.eclipse.core.internal.events.BuildManager$1.run(BuildManager.java:449)
	at org.eclipse.core.runtime.SafeRunner.run(SafeRunner.java:47)
	at org.eclipse.core.internal.events.BuildManager.basicBuild(BuildManager.java:452)
	at org.eclipse.core.internal.events.BuildManager.basicBuildLoop(BuildManager.java:564)
	at org.eclipse.core.internal.events.BuildManager.basicBuildLoop(BuildManager.java:512)
	at org.eclipse.core.internal.events.BuildManager.build(BuildManager.java:594)
	at org.eclipse.core.internal.events.AutoBuildJob.doBuild(AutoBuildJob.java:208)
	at org.eclipse.core.internal.events.AutoBuildJob.run(AutoBuildJob.java:309)
	at org.eclipse.core.internal.jobs.Worker.run(Worker.java:63)
Caused by: com.google.inject.OutOfScopeException: Cannot access session scope outside of a scoping block
	at org.apache.maven.session.scope.internal.SessionScope.getScopeState(SessionScope.java:70)
	at org.apache.maven.session.scope.internal.SessionScope.lambda$scope$2(SessionScope.java:92)
	at com.google.inject.internal.InternalFactoryToProviderAdapter.get(InternalFactoryToProviderAdapter.java:45)
	at com.google.inject.internal.SingleParameterInjector.inject(SingleParameterInjector.java:40)
	at com.google.inject.internal.SingleParameterInjector.getAll(SingleParameterInjector.java:60)
	at com.google.inject.internal.ConstructorInjector.provision(ConstructorInjector.java:113)
	at com.google.inject.internal.ConstructorInjector.access$000(ConstructorInjector.java:33)
	at com.google.inject.internal.ConstructorInjector$1.call(ConstructorInjector.java:98)
	at com.google.inject.internal.ProvisionListenerStackCallback$Provision.provision(ProvisionListenerStackCallback.java:109)
	at com.google.inject.internal.ProvisionListenerStackCallback$Provision.provision(ProvisionListenerStackCallback.java:124)
	at com.google.inject.internal.ProvisionListenerStackCallback.provision(ProvisionListenerStackCallback.java:66)
	at com.google.inject.internal.ConstructorInjector.construct(ConstructorInjector.java:93)
	at com.google.inject.internal.ConstructorBindingImpl$Factory.get(ConstructorBindingImpl.java:300)
	at com.google.inject.internal.InjectorImpl$1.get(InjectorImpl.java:1101)
	... 53 common frames omitted
2026-08-20 11:50:00,198 [Worker-18: Building] WARN  o.apache.maven.project.MavenProject - Direct modification of compileSourceRoots through clear() is deprecated and will not work in Maven 4.0.0. Please use the add/remove methods instead. If you're using a plugin that causes this warning, please upgrade to the latest version and report an issue if the warning persists. To disable these warnings, set -Dmaven.project.sourceRoots.warningsDisabled=true on the command line, in the .mvn/maven.config file, or in project POM properties.
2026-08-20 11:50:00,199 [Worker-18: Building] WARN  o.apache.maven.project.MavenProject - Direct modification of compileSourceRoots through add() is deprecated and will not work in Maven 4.0.0. Please use the add/remove methods instead. If you're using a plugin that causes this warning, please upgrade to the latest version and report an issue if the warning persists. To disable these warnings, set -Dmaven.project.sourceRoots.warningsDisabled=true on the command line, in the .mvn/maven.config file, or in project POM properties.
2026-08-20 11:50:00,200 [Worker-18: Building] WARN  o.apache.maven.project.MavenProject - Direct modification of testCompileSourceRoots through clear() is deprecated and will not work in Maven 4.0.0. Please use the add/remove methods instead. If you're using a plugin that causes this warning, please upgrade to the latest version and report an issue if the warning persists. To disable these warnings, set -Dmaven.project.sourceRoots.warningsDisabled=true on the command line, in the .mvn/maven.config file, or in project POM properties.
2026-08-20 11:50:00,200 [Worker-18: Building] WARN  o.apache.maven.project.MavenProject - Direct modification of testCompileSourceRoots through add() is deprecated and will not work in Maven 4.0.0. Please use the add/remove methods instead. If you're using a plugin that causes this warning, please upgrade to the latest version and report an issue if the warning persists. To disable these warnings, set -Dmaven.project.sourceRoots.warningsDisabled=true on the command line, in the .mvn/maven.config file, or in project POM properties.
2026-08-20 11:52:55,865 [Worker-18: Building] INFO  o.a.m.s.f.DefaultMavenResourcesFiltering - Copying 0 resource from src\main\resources to target\classes
2026-08-20 11:52:55,867 [Worker-18: Building] INFO  o.a.m.s.f.DefaultMavenResourcesFiltering - Copying 0 resource from src\main\resources to target\classes
2026-08-20 11:52:55,870 [Worker-18: Building] INFO  o.a.m.s.f.DefaultMavenResourcesFiltering - skip non existing resourceDirectory C:\SOA\Skill3\loginmodule\src\test\resources
2026-08-20 11:52:55,879 [Worker-18: Building] WARN  Sisu - Error injecting: org.apache.maven.plugins.war.WarMojo
com.google.inject.ProvisionException: Unable to provision, see the following errors:

1) [Guice/ErrorInCustomProvider]: OutOfScopeException: Cannot access session scope outside of a scoping block
  at SessionScopeModule.configure(SessionScopeModule.java:55)
      \_ installed by: WireModule -> SessionScopeModule
  at WarMojo.<init>(WarMojo.java:142)
      \_ for 6th parameter
  while locating WarMojo

Learn more:
  https://github.com/google/guice/wiki/ERROR_IN_CUSTOM_PROVIDER

1 error

======================
Full classname legend:
======================
OutOfScopeException: "com.google.inject.OutOfScopeException"
SessionScopeModule:  "org.apache.maven.session.scope.internal.SessionScopeModule"
WarMojo:             "org.apache.maven.plugins.war.WarMojo"
WireModule:          "org.eclipse.sisu.wire.WireModule"
========================
End of classname legend:
========================

	at com.google.inject.internal.InternalProvisionException.toProvisionException(InternalProvisionException.java:251)
	at com.google.inject.internal.InjectorImpl$1.get(InjectorImpl.java:1104)
	at com.google.inject.internal.InjectorImpl.getInstance(InjectorImpl.java:1139)
	at org.eclipse.sisu.space.AbstractDeferredClass.get(AbstractDeferredClass.java:50)
	at com.google.inject.internal.ProviderInternalFactory.provision(ProviderInternalFactory.java:86)
	at com.google.inject.internal.InternalFactoryToInitializableAdapter.provision(InternalFactoryToInitializableAdapter.java:57)
	at com.google.inject.internal.ProviderInternalFactory$1.call(ProviderInternalFactory.java:67)
	at com.google.inject.internal.ProvisionListenerStackCallback$Provision.provision(ProvisionListenerStackCallback.java:109)
	at com.google.inject.internal.ProvisionListenerStackCallback$Provision.provision(ProvisionListenerStackCallback.java:124)
	at com.google.inject.internal.ProvisionListenerStackCallback.provision(ProvisionListenerStackCallback.java:66)
	at com.google.inject.internal.ProviderInternalFactory.circularGet(ProviderInternalFactory.java:62)
	at com.google.inject.internal.InternalFactoryToInitializableAdapter.get(InternalFactoryToInitializableAdapter.java:47)
	at com.google.inject.internal.InjectorImpl$1.get(InjectorImpl.java:1101)
	at org.eclipse.sisu.inject.Guice4$2.get(Guice4.java:235)
	at org.eclipse.sisu.inject.LazyBeanEntry.getValue(LazyBeanEntry.java:83)
	at org.eclipse.sisu.plexus.LazyPlexusBean.getValue(LazyPlexusBean.java:53)
	at org.codehaus.plexus.DefaultPlexusContainer.lookup(DefaultPlexusContainer.java:267)
	at org.codehaus.plexus.DefaultPlexusContainer.lookup(DefaultPlexusContainer.java:259)
	at org.apache.maven.plugin.internal.DefaultMavenPluginManager.getConfiguredMojo(DefaultMavenPluginManager.java:491)
	at org.eclipse.m2e.core.internal.embedder.MavenImpl.getConfiguredMojo(MavenImpl.java:215)
	at org.eclipse.m2e.mavenarchiver.internal.AbstractMavenArchiverConfigurator.reflectManifestGeneration(AbstractMavenArchiverConfigurator.java:439)
	at org.eclipse.m2e.mavenarchiver.internal.AbstractMavenArchiverConfigurator.lambda$3(AbstractMavenArchiverConfigurator.java:398)
	at org.eclipse.m2e.core.internal.embedder.MavenExecutionContext.executeBare(MavenExecutionContext.java:462)
	at org.eclipse.m2e.core.internal.embedder.MavenExecutionContext.execute(MavenExecutionContext.java:342)
	at org.eclipse.m2e.core.internal.embedder.MavenExecutionContext.execute(MavenExecutionContext.java:281)
	at org.eclipse.m2e.mavenarchiver.internal.AbstractMavenArchiverConfigurator.generateManifest(AbstractMavenArchiverConfigurator.java:371)
	at org.eclipse.m2e.mavenarchiver.internal.AbstractMavenArchiverConfigurator.mavenProjectChanged(AbstractMavenArchiverConfigurator.java:228)
	at org.eclipse.m2e.mavenarchiver.internal.AbstractMavenArchiverConfigurator$1.build(AbstractMavenArchiverConfigurator.java:178)
	at org.eclipse.m2e.core.internal.builder.MavenBuilderImpl.lambda$2(MavenBuilderImpl.java:159)
	at java.base/java.util.LinkedHashMap.forEach(LinkedHashMap.java:987)
	at org.eclipse.m2e.core.internal.builder.MavenBuilderImpl.build(MavenBuilderImpl.java:139)
	at org.eclipse.m2e.core.internal.builder.MavenBuilder$1.method(MavenBuilder.java:164)
	at org.eclipse.m2e.core.internal.builder.MavenBuilder$1.method(MavenBuilder.java:1)
	at org.eclipse.m2e.core.internal.builder.MavenBuilder$BuildMethod.lambda$1(MavenBuilder.java:109)
	at org.eclipse.m2e.core.internal.embedder.MavenExecutionContext.executeBare(MavenExecutionContext.java:462)
	at org.eclipse.m2e.core.internal.embedder.MavenExecutionContext.execute(MavenExecutionContext.java:295)
	at org.eclipse.m2e.core.internal.builder.MavenBuilder$BuildMethod.lambda$0(MavenBuilder.java:100)
	at org.eclipse.m2e.core.internal.embedder.MavenExecutionContext.executeBare(MavenExecutionContext.java:462)
	at org.eclipse.m2e.core.internal.embedder.MavenExecutionContext.execute(MavenExecutionContext.java:342)
	at org.eclipse.m2e.core.internal.embedder.MavenExecutionContext.execute(MavenExecutionContext.java:281)
	at org.eclipse.m2e.core.internal.builder.MavenBuilder$BuildMethod.execute(MavenBuilder.java:83)
	at org.eclipse.m2e.core.internal.builder.MavenBuilder.build(MavenBuilder.java:192)
	at org.eclipse.core.internal.events.BuildManager$2.run(BuildManager.java:1109)
	at org.eclipse.core.runtime.SafeRunner.run(SafeRunner.java:47)
	at org.eclipse.core.internal.events.BuildManager.basicBuild(BuildManager.java:299)
	at org.eclipse.core.internal.events.BuildManager.basicBuild(BuildManager.java:355)
	at org.eclipse.core.internal.events.BuildManager$1.run(BuildManager.java:449)
	at org.eclipse.core.runtime.SafeRunner.run(SafeRunner.java:47)
	at org.eclipse.core.internal.events.BuildManager.basicBuild(BuildManager.java:452)
	at org.eclipse.core.internal.events.BuildManager.basicBuildLoop(BuildManager.java:564)
	at org.eclipse.core.internal.events.BuildManager.basicBuildLoop(BuildManager.java:512)
	at org.eclipse.core.internal.events.BuildManager.build(BuildManager.java:594)
	at org.eclipse.core.internal.events.AutoBuildJob.doBuild(AutoBuildJob.java:208)
	at org.eclipse.core.internal.events.AutoBuildJob.run(AutoBuildJob.java:309)
	at org.eclipse.core.internal.jobs.Worker.run(Worker.java:63)
Caused by: com.google.inject.OutOfScopeException: Cannot access session scope outside of a scoping block
	at org.apache.maven.session.scope.internal.SessionScope.getScopeState(SessionScope.java:70)
	at org.apache.maven.session.scope.internal.SessionScope.lambda$scope$2(SessionScope.java:92)
	at com.google.inject.internal.InternalFactoryToProviderAdapter.get(InternalFactoryToProviderAdapter.java:45)
	at com.google.inject.internal.SingleParameterInjector.inject(SingleParameterInjector.java:40)
	at com.google.inject.internal.SingleParameterInjector.getAll(SingleParameterInjector.java:60)
	at com.google.inject.internal.ConstructorInjector.provision(ConstructorInjector.java:113)
	at com.google.inject.internal.ConstructorInjector.access$000(ConstructorInjector.java:33)
	at com.google.inject.internal.ConstructorInjector$1.call(ConstructorInjector.java:98)
	at com.google.inject.internal.ProvisionListenerStackCallback$Provision.provision(ProvisionListenerStackCallback.java:109)
	at com.google.inject.internal.ProvisionListenerStackCallback$Provision.provision(ProvisionListenerStackCallback.java:124)
	at com.google.inject.internal.ProvisionListenerStackCallback.provision(ProvisionListenerStackCallback.java:66)
	at com.google.inject.internal.ConstructorInjector.construct(ConstructorInjector.java:93)
	at com.google.inject.internal.ConstructorBindingImpl$Factory.get(ConstructorBindingImpl.java:300)
	at com.google.inject.internal.InjectorImpl$1.get(InjectorImpl.java:1101)
	... 53 common frames omitted
2026-08-20 11:52:55,886 [Worker-18: Building] WARN  o.apache.maven.project.MavenProject - Direct modification of compileSourceRoots through clear() is deprecated and will not work in Maven 4.0.0. Please use the add/remove methods instead. If you're using a plugin that causes this warning, please upgrade to the latest version and report an issue if the warning persists. To disable these warnings, set -Dmaven.project.sourceRoots.warningsDisabled=true on the command line, in the .mvn/maven.config file, or in project POM properties.
2026-08-20 11:52:55,887 [Worker-18: Building] WARN  o.apache.maven.project.MavenProject - Direct modification of compileSourceRoots through add() is deprecated and will not work in Maven 4.0.0. Please use the add/remove methods instead. If you're using a plugin that causes this warning, please upgrade to the latest version and report an issue if the warning persists. To disable these warnings, set -Dmaven.project.sourceRoots.warningsDisabled=true on the command line, in the .mvn/maven.config file, or in project POM properties.
2026-08-20 11:52:55,888 [Worker-18: Building] WARN  o.apache.maven.project.MavenProject - Direct modification of testCompileSourceRoots through clear() is deprecated and will not work in Maven 4.0.0. Please use the add/remove methods instead. If you're using a plugin that causes this warning, please upgrade to the latest version and report an issue if the warning persists. To disable these warnings, set -Dmaven.project.sourceRoots.warningsDisabled=true on the command line, in the .mvn/maven.config file, or in project POM properties.
2026-08-20 11:52:55,889 [Worker-18: Building] WARN  o.apache.maven.project.MavenProject - Direct modification of testCompileSourceRoots through add() is deprecated and will not work in Maven 4.0.0. Please use the add/remove methods instead. If you're using a plugin that causes this warning, please upgrade to the latest version and report an issue if the warning persists. To disable these warnings, set -Dmaven.project.sourceRoots.warningsDisabled=true on the command line, in the .mvn/maven.config file, or in project POM properties.
2026-08-20 11:56:33,087 [Worker-26: Building] INFO  o.a.m.s.f.DefaultMavenResourcesFiltering - Copying 0 resource from src\main\resources to target\classes
2026-08-20 11:56:33,088 [Worker-26: Building] INFO  o.a.m.s.f.DefaultMavenResourcesFiltering - Copying 0 resource from src\main\resources to target\classes
2026-08-20 11:56:33,090 [Worker-26: Building] INFO  o.a.m.s.f.DefaultMavenResourcesFiltering - skip non existing resourceDirectory C:\SOA\Skill3\loginmodule\src\test\resources
2026-08-20 11:56:33,097 [Worker-26: Building] WARN  Sisu - Error injecting: org.apache.maven.plugins.war.WarMojo
com.google.inject.ProvisionException: Unable to provision, see the following errors:

1) [Guice/ErrorInCustomProvider]: OutOfScopeException: Cannot access session scope outside of a scoping block
  at SessionScopeModule.configure(SessionScopeModule.java:55)
      \_ installed by: WireModule -> SessionScopeModule
  at WarMojo.<init>(WarMojo.java:142)
      \_ for 6th parameter
  while locating WarMojo

Learn more:
  https://github.com/google/guice/wiki/ERROR_IN_CUSTOM_PROVIDER

1 error

======================
Full classname legend:
======================
OutOfScopeException: "com.google.inject.OutOfScopeException"
SessionScopeModule:  "org.apache.maven.session.scope.internal.SessionScopeModule"
WarMojo:             "org.apache.maven.plugins.war.WarMojo"
WireModule:          "org.eclipse.sisu.wire.WireModule"
========================
End of classname legend:
========================

	at com.google.inject.internal.InternalProvisionException.toProvisionException(InternalProvisionException.java:251)
	at com.google.inject.internal.InjectorImpl$1.get(InjectorImpl.java:1104)
	at com.google.inject.internal.InjectorImpl.getInstance(InjectorImpl.java:1139)
	at org.eclipse.sisu.space.AbstractDeferredClass.get(AbstractDeferredClass.java:50)
	at com.google.inject.internal.ProviderInternalFactory.provision(ProviderInternalFactory.java:86)
	at com.google.inject.internal.InternalFactoryToInitializableAdapter.provision(InternalFactoryToInitializableAdapter.java:57)
	at com.google.inject.internal.ProviderInternalFactory$1.call(ProviderInternalFactory.java:67)
	at com.google.inject.internal.ProvisionListenerStackCallback$Provision.provision(ProvisionListenerStackCallback.java:109)
	at com.google.inject.internal.ProvisionListenerStackCallback$Provision.provision(ProvisionListenerStackCallback.java:124)
	at com.google.inject.internal.ProvisionListenerStackCallback.provision(ProvisionListenerStackCallback.java:66)
	at com.google.inject.internal.ProviderInternalFactory.circularGet(ProviderInternalFactory.java:62)
	at com.google.inject.internal.InternalFactoryToInitializableAdapter.get(InternalFactoryToInitializableAdapter.java:47)
	at com.google.inject.internal.InjectorImpl$1.get(InjectorImpl.java:1101)
	at org.eclipse.sisu.inject.Guice4$2.get(Guice4.java:235)
	at org.eclipse.sisu.inject.LazyBeanEntry.getValue(LazyBeanEntry.java:83)
	at org.eclipse.sisu.plexus.LazyPlexusBean.getValue(LazyPlexusBean.java:53)
	at org.codehaus.plexus.DefaultPlexusContainer.lookup(DefaultPlexusContainer.java:267)
	at org.codehaus.plexus.DefaultPlexusContainer.lookup(DefaultPlexusContainer.java:259)
	at org.apache.maven.plugin.internal.DefaultMavenPluginManager.getConfiguredMojo(DefaultMavenPluginManager.java:491)
	at org.eclipse.m2e.core.internal.embedder.MavenImpl.getConfiguredMojo(MavenImpl.java:215)
	at org.eclipse.m2e.mavenarchiver.internal.AbstractMavenArchiverConfigurator.reflectManifestGeneration(AbstractMavenArchiverConfigurator.java:439)
	at org.eclipse.m2e.mavenarchiver.internal.AbstractMavenArchiverConfigurator.lambda$3(AbstractMavenArchiverConfigurator.java:398)
	at org.eclipse.m2e.core.internal.embedder.MavenExecutionContext.executeBare(MavenExecutionContext.java:462)
	at org.eclipse.m2e.core.internal.embedder.MavenExecutionContext.execute(MavenExecutionContext.java:342)
	at org.eclipse.m2e.core.internal.embedder.MavenExecutionContext.execute(MavenExecutionContext.java:281)
	at org.eclipse.m2e.mavenarchiver.internal.AbstractMavenArchiverConfigurator.generateManifest(AbstractMavenArchiverConfigurator.java:371)
	at org.eclipse.m2e.mavenarchiver.internal.AbstractMavenArchiverConfigurator.mavenProjectChanged(AbstractMavenArchiverConfigurator.java:228)
	at org.eclipse.m2e.mavenarchiver.internal.AbstractMavenArchiverConfigurator$1.build(AbstractMavenArchiverConfigurator.java:178)
	at org.eclipse.m2e.core.internal.builder.MavenBuilderImpl.lambda$2(MavenBuilderImpl.java:159)
	at java.base/java.util.LinkedHashMap.forEach(LinkedHashMap.java:987)
	at org.eclipse.m2e.core.internal.builder.MavenBuilderImpl.build(MavenBuilderImpl.java:139)
	at org.eclipse.m2e.core.internal.builder.MavenBuilder$1.method(MavenBuilder.java:164)
	at org.eclipse.m2e.core.internal.builder.MavenBuilder$1.method(MavenBuilder.java:1)
	at org.eclipse.m2e.core.internal.builder.MavenBuilder$BuildMethod.lambda$1(MavenBuilder.java:109)
	at org.eclipse.m2e.core.internal.embedder.MavenExecutionContext.executeBare(MavenExecutionContext.java:462)
	at org.eclipse.m2e.core.internal.embedder.MavenExecutionContext.execute(MavenExecutionContext.java:295)
	at org.eclipse.m2e.core.internal.builder.MavenBuilder$BuildMethod.lambda$0(MavenBuilder.java:100)
	at org.eclipse.m2e.core.internal.embedder.MavenExecutionContext.executeBare(MavenExecutionContext.java:462)
	at org.eclipse.m2e.core.internal.embedder.MavenExecutionContext.execute(MavenExecutionContext.java:342)
	at org.eclipse.m2e.core.internal.embedder.MavenExecutionContext.execute(MavenExecutionContext.java:281)
	at org.eclipse.m2e.core.internal.builder.MavenBuilder$BuildMethod.execute(MavenBuilder.java:83)
	at org.eclipse.m2e.core.internal.builder.MavenBuilder.build(MavenBuilder.java:192)
	at org.eclipse.core.internal.events.BuildManager$2.run(BuildManager.java:1109)
	at org.eclipse.core.runtime.SafeRunner.run(SafeRunner.java:47)
	at org.eclipse.core.internal.events.BuildManager.basicBuild(BuildManager.java:299)
	at org.eclipse.core.internal.events.BuildManager.basicBuild(BuildManager.java:355)
	at org.eclipse.core.internal.events.BuildManager$1.run(BuildManager.java:449)
	at org.eclipse.core.runtime.SafeRunner.run(SafeRunner.java:47)
	at org.eclipse.core.internal.events.BuildManager.basicBuild(BuildManager.java:452)
	at org.eclipse.core.internal.events.BuildManager.basicBuildLoop(BuildManager.java:564)
	at org.eclipse.core.internal.events.BuildManager.basicBuildLoop(BuildManager.java:512)
	at org.eclipse.core.internal.events.BuildManager.build(BuildManager.java:594)
	at org.eclipse.core.internal.events.AutoBuildJob.doBuild(AutoBuildJob.java:208)
	at org.eclipse.core.internal.events.AutoBuildJob.run(AutoBuildJob.java:309)
	at org.eclipse.core.internal.jobs.Worker.run(Worker.java:63)
Caused by: com.google.inject.OutOfScopeException: Cannot access session scope outside of a scoping block
	at org.apache.maven.session.scope.internal.SessionScope.getScopeState(SessionScope.java:70)
	at org.apache.maven.session.scope.internal.SessionScope.lambda$scope$2(SessionScope.java:92)
	at com.google.inject.internal.InternalFactoryToProviderAdapter.get(InternalFactoryToProviderAdapter.java:45)
	at com.google.inject.internal.SingleParameterInjector.inject(SingleParameterInjector.java:40)
	at com.google.inject.internal.SingleParameterInjector.getAll(SingleParameterInjector.java:60)
	at com.google.inject.internal.ConstructorInjector.provision(ConstructorInjector.java:113)
	at com.google.inject.internal.ConstructorInjector.access$000(ConstructorInjector.java:33)
	at com.google.inject.internal.ConstructorInjector$1.call(ConstructorInjector.java:98)
	at com.google.inject.internal.ProvisionListenerStackCallback$Provision.provision(ProvisionListenerStackCallback.java:109)
	at com.google.inject.internal.ProvisionListenerStackCallback$Provision.provision(ProvisionListenerStackCallback.java:124)
	at com.google.inject.internal.ProvisionListenerStackCallback.provision(ProvisionListenerStackCallback.java:66)
	at com.google.inject.internal.ConstructorInjector.construct(ConstructorInjector.java:93)
	at com.google.inject.internal.ConstructorBindingImpl$Factory.get(ConstructorBindingImpl.java:300)
	at com.google.inject.internal.InjectorImpl$1.get(InjectorImpl.java:1101)
	... 53 common frames omitted
2026-08-20 11:56:33,101 [Worker-26: Building] WARN  o.apache.maven.project.MavenProject - Direct modification of compileSourceRoots through clear() is deprecated and will not work in Maven 4.0.0. Please use the add/remove methods instead. If you're using a plugin that causes this warning, please upgrade to the latest version and report an issue if the warning persists. To disable these warnings, set -Dmaven.project.sourceRoots.warningsDisabled=true on the command line, in the .mvn/maven.config file, or in project POM properties.
2026-08-20 11:56:33,101 [Worker-26: Building] WARN  o.apache.maven.project.MavenProject - Direct modification of compileSourceRoots through add() is deprecated and will not work in Maven 4.0.0. Please use the add/remove methods instead. If you're using a plugin that causes this warning, please upgrade to the latest version and report an issue if the warning persists. To disable these warnings, set -Dmaven.project.sourceRoots.warningsDisabled=true on the command line, in the .mvn/maven.config file, or in project POM properties.
2026-08-20 11:56:33,102 [Worker-26: Building] WARN  o.apache.maven.project.MavenProject - Direct modification of testCompileSourceRoots through clear() is deprecated and will not work in Maven 4.0.0. Please use the add/remove methods instead. If you're using a plugin that causes this warning, please upgrade to the latest version and report an issue if the warning persists. To disable these warnings, set -Dmaven.project.sourceRoots.warningsDisabled=true on the command line, in the .mvn/maven.config file, or in project POM properties.
2026-08-20 11:56:33,103 [Worker-26: Building] WARN  o.apache.maven.project.MavenProject - Direct modification of testCompileSourceRoots through add() is deprecated and will not work in Maven 4.0.0. Please use the add/remove methods instead. If you're using a plugin that causes this warning, please upgrade to the latest version and report an issue if the warning persists. To disable these warnings, set -Dmaven.project.sourceRoots.warningsDisabled=true on the command line, in the .mvn/maven.config file, or in project POM properties.
2026-08-20 11:57:22,607 [Stop Help Server] INFO  org.eclipse.jetty.server.Server - Stopped oejs.Server@216d5e35{STOPPING}[12.1.4,sto=0]
2026-08-20 11:57:22,618 [Stop Help Server] INFO  o.e.jetty.server.AbstractConnector - Stopped oejs.ServerConnector@28bcf534{HTTP/1.1, (http/1.1)}{127.0.0.1:0}
2026-08-20 15:56:16,328 [Worker-6: Loading available Gradle versions] INFO  o.e.b.c.i.u.g.PublishedGradleVersions - Gradle version information cache is up-to-date. Trying to read.
2026-08-20 16:03:55,644 [Start Help Server] INFO  org.eclipse.jetty.server.Server - jetty-12.1.4; built: 2025-11-10T17:42:37.481Z; git: 4137e00793d583cfc4ce76bf607e482178a85597; jvm 25.0.1+8-LTS
2026-08-20 16:03:55,705 [Start Help Server] INFO  o.e.j.server.handler.ContextHandler - Started oeje8n.ContextHandler$CoreContextHandler@657b7970{/help,/help,b=null,a=AVAILABLE,h=oeje8n.ContextHandler$CoreContextHandler$CoreToNestedHandler@6666f9b5{STARTED}}
2026-08-20 16:03:55,706 [Start Help Server] INFO  o.e.j.s.DefaultSessionIdManager - Session workerName=node0
2026-08-20 16:03:55,726 [Start Help Server] INFO  o.e.jetty.server.AbstractConnector - Started oejs.ServerConnector@5a9e4a59{HTTP/1.1, (http/1.1)}{127.0.0.1:55053}
2026-08-20 16:03:55,728 [Start Help Server] INFO  org.eclipse.jetty.server.Server - Started oejs.Server@44e5feaf{STARTING}[12.1.4,sto=0] @86ms
2026-08-20 16:04:52,558 [Worker-4: Building] INFO  o.a.m.s.f.DefaultMavenResourcesFiltering - Copying 1 resource from src\main\resources to target\classes
2026-08-20 16:04:52,568 [Worker-4: Building] INFO  o.a.m.s.f.DefaultMavenResourcesFiltering - Copying 0 resource from src\main\resources to target\classes
2026-08-20 16:04:52,572 [Worker-4: Building] INFO  o.a.m.s.f.DefaultMavenResourcesFiltering - skip non existing resourceDirectory C:\SOA\Skill3\loginmodule\src\test\resources
2026-08-20 16:04:53,038 [Worker-4: Building] WARN  Sisu - Error injecting: org.apache.maven.plugins.war.WarMojo
com.google.inject.ProvisionException: Unable to provision, see the following errors:

1) [Guice/ErrorInCustomProvider]: OutOfScopeException: Cannot access session scope outside of a scoping block
  at SessionScopeModule.configure(SessionScopeModule.java:55)
      \_ installed by: WireModule -> SessionScopeModule
  at WarMojo.<init>(WarMojo.java:142)
      \_ for 6th parameter
  while locating WarMojo

Learn more:
  https://github.com/google/guice/wiki/ERROR_IN_CUSTOM_PROVIDER

1 error

======================
Full classname legend:
======================
OutOfScopeException: "com.google.inject.OutOfScopeException"
SessionScopeModule:  "org.apache.maven.session.scope.internal.SessionScopeModule"
WarMojo:             "org.apache.maven.plugins.war.WarMojo"
WireModule:          "org.eclipse.sisu.wire.WireModule"
========================
End of classname legend:
========================

	at com.google.inject.internal.InternalProvisionException.toProvisionException(InternalProvisionException.java:251)
	at com.google.inject.internal.InjectorImpl$1.get(InjectorImpl.java:1104)
	at com.google.inject.internal.InjectorImpl.getInstance(InjectorImpl.java:1139)
	at org.eclipse.sisu.space.AbstractDeferredClass.get(AbstractDeferredClass.java:50)
	at com.google.inject.internal.ProviderInternalFactory.provision(ProviderInternalFactory.java:86)
	at com.google.inject.internal.InternalFactoryToInitializableAdapter.provision(InternalFactoryToInitializableAdapter.java:57)
	at com.google.inject.internal.ProviderInternalFactory$1.call(ProviderInternalFactory.java:67)
	at com.google.inject.internal.ProvisionListenerStackCallback$Provision.provision(ProvisionListenerStackCallback.java:109)
	at com.google.inject.internal.ProvisionListenerStackCallback$Provision.provision(ProvisionListenerStackCallback.java:124)
	at com.google.inject.internal.ProvisionListenerStackCallback.provision(ProvisionListenerStackCallback.java:66)
	at com.google.inject.internal.ProviderInternalFactory.circularGet(ProviderInternalFactory.java:62)
	at com.google.inject.internal.InternalFactoryToInitializableAdapter.get(InternalFactoryToInitializableAdapter.java:47)
	at com.google.inject.internal.InjectorImpl$1.get(InjectorImpl.java:1101)
	at org.eclipse.sisu.inject.Guice4$2.get(Guice4.java:235)
	at org.eclipse.sisu.inject.LazyBeanEntry.getValue(LazyBeanEntry.java:83)
	at org.eclipse.sisu.plexus.LazyPlexusBean.getValue(LazyPlexusBean.java:53)
	at org.codehaus.plexus.DefaultPlexusContainer.lookup(DefaultPlexusContainer.java:267)
	at org.codehaus.plexus.DefaultPlexusContainer.lookup(DefaultPlexusContainer.java:259)
	at org.apache.maven.plugin.internal.DefaultMavenPluginManager.getConfiguredMojo(DefaultMavenPluginManager.java:491)
	at org.eclipse.m2e.core.internal.embedder.MavenImpl.getConfiguredMojo(MavenImpl.java:215)
	at org.eclipse.m2e.mavenarchiver.internal.AbstractMavenArchiverConfigurator.reflectManifestGeneration(AbstractMavenArchiverConfigurator.java:439)
	at org.eclipse.m2e.mavenarchiver.internal.AbstractMavenArchiverConfigurator.lambda$3(AbstractMavenArchiverConfigurator.java:398)
	at org.eclipse.m2e.core.internal.embedder.MavenExecutionContext.executeBare(MavenExecutionContext.java:462)
	at org.eclipse.m2e.core.internal.embedder.MavenExecutionContext.execute(MavenExecutionContext.java:342)
	at org.eclipse.m2e.core.internal.embedder.MavenExecutionContext.execute(MavenExecutionContext.java:281)
	at org.eclipse.m2e.mavenarchiver.internal.AbstractMavenArchiverConfigurator.generateManifest(AbstractMavenArchiverConfigurator.java:371)
	at org.eclipse.m2e.mavenarchiver.internal.AbstractMavenArchiverConfigurator.mavenProjectChanged(AbstractMavenArchiverConfigurator.java:228)
	at org.eclipse.m2e.mavenarchiver.internal.AbstractMavenArchiverConfigurator$1.build(AbstractMavenArchiverConfigurator.java:178)
	at org.eclipse.m2e.core.internal.builder.MavenBuilderImpl.lambda$2(MavenBuilderImpl.java:159)
	at java.base/java.util.LinkedHashMap.forEach(LinkedHashMap.java:987)
	at org.eclipse.m2e.core.internal.builder.MavenBuilderImpl.build(MavenBuilderImpl.java:139)
	at org.eclipse.m2e.core.internal.builder.MavenBuilder$1.method(MavenBuilder.java:164)
	at org.eclipse.m2e.core.internal.builder.MavenBuilder$1.method(MavenBuilder.java:1)
	at org.eclipse.m2e.core.internal.builder.MavenBuilder$BuildMethod.lambda$1(MavenBuilder.java:109)
	at org.eclipse.m2e.core.internal.embedder.MavenExecutionContext.executeBare(MavenExecutionContext.java:462)
	at org.eclipse.m2e.core.internal.embedder.MavenExecutionContext.execute(MavenExecutionContext.java:295)
	at org.eclipse.m2e.core.internal.builder.MavenBuilder$BuildMethod.lambda$0(MavenBuilder.java:100)
	at org.eclipse.m2e.core.internal.embedder.MavenExecutionContext.executeBare(MavenExecutionContext.java:462)
	at org.eclipse.m2e.core.internal.embedder.MavenExecutionContext.execute(MavenExecutionContext.java:342)
	at org.eclipse.m2e.core.internal.embedder.MavenExecutionContext.execute(MavenExecutionContext.java:281)
	at org.eclipse.m2e.core.internal.builder.MavenBuilder$BuildMethod.execute(MavenBuilder.java:83)
	at org.eclipse.m2e.core.internal.builder.MavenBuilder.build(MavenBuilder.java:192)
	at org.eclipse.core.internal.events.BuildManager$2.run(BuildManager.java:1109)
	at org.eclipse.core.runtime.SafeRunner.run(SafeRunner.java:47)
	at org.eclipse.core.internal.events.BuildManager.basicBuild(BuildManager.java:299)
	at org.eclipse.core.internal.events.BuildManager.basicBuild(BuildManager.java:355)
	at org.eclipse.core.internal.events.BuildManager$1.run(BuildManager.java:449)
	at org.eclipse.core.runtime.SafeRunner.run(SafeRunner.java:47)
	at org.eclipse.core.internal.events.BuildManager.basicBuild(BuildManager.java:452)
	at org.eclipse.core.internal.events.BuildManager.basicBuildLoop(BuildManager.java:564)
	at org.eclipse.core.internal.events.BuildManager.basicBuildLoop(BuildManager.java:512)
	at org.eclipse.core.internal.events.BuildManager.build(BuildManager.java:594)
	at org.eclipse.core.internal.events.AutoBuildJob.doBuild(AutoBuildJob.java:208)
	at org.eclipse.core.internal.events.AutoBuildJob.run(AutoBuildJob.java:309)
	at org.eclipse.core.internal.jobs.Worker.run(Worker.java:63)
Caused by: com.google.inject.OutOfScopeException: Cannot access session scope outside of a scoping block
	at org.apache.maven.session.scope.internal.SessionScope.getScopeState(SessionScope.java:70)
	at org.apache.maven.session.scope.internal.SessionScope.lambda$scope$2(SessionScope.java:92)
	at com.google.inject.internal.InternalFactoryToProviderAdapter.get(InternalFactoryToProviderAdapter.java:45)
	at com.google.inject.internal.SingleParameterInjector.inject(SingleParameterInjector.java:40)
	at com.google.inject.internal.SingleParameterInjector.getAll(SingleParameterInjector.java:60)
	at com.google.inject.internal.ConstructorInjector.provision(ConstructorInjector.java:113)
	at com.google.inject.internal.ConstructorInjector.access$000(ConstructorInjector.java:33)
	at com.google.inject.internal.ConstructorInjector$1.call(ConstructorInjector.java:98)
	at com.google.inject.internal.ProvisionListenerStackCallback$Provision.provision(ProvisionListenerStackCallback.java:109)
	at com.google.inject.internal.ProvisionListenerStackCallback$Provision.provision(ProvisionListenerStackCallback.java:124)
	at com.google.inject.internal.ProvisionListenerStackCallback.provision(ProvisionListenerStackCallback.java:66)
	at com.google.inject.internal.ConstructorInjector.construct(ConstructorInjector.java:93)
	at com.google.inject.internal.ConstructorBindingImpl$Factory.get(ConstructorBindingImpl.java:300)
	at com.google.inject.internal.InjectorImpl$1.get(InjectorImpl.java:1101)
	... 53 common frames omitted
2026-08-20 16:04:53,070 [Worker-4: Building] WARN  o.apache.maven.project.MavenProject - Direct modification of compileSourceRoots through clear() is deprecated and will not work in Maven 4.0.0. Please use the add/remove methods instead. If you're using a plugin that causes this warning, please upgrade to the latest version and report an issue if the warning persists. To disable these warnings, set -Dmaven.project.sourceRoots.warningsDisabled=true on the command line, in the .mvn/maven.config file, or in project POM properties.
2026-08-20 16:04:53,071 [Worker-4: Building] WARN  o.apache.maven.project.MavenProject - Direct modification of compileSourceRoots through add() is deprecated and will not work in Maven 4.0.0. Please use the add/remove methods instead. If you're using a plugin that causes this warning, please upgrade to the latest version and report an issue if the warning persists. To disable these warnings, set -Dmaven.project.sourceRoots.warningsDisabled=true on the command line, in the .mvn/maven.config file, or in project POM properties.
2026-08-20 16:04:53,071 [Worker-4: Building] WARN  o.apache.maven.project.MavenProject - Direct modification of testCompileSourceRoots through clear() is deprecated and will not work in Maven 4.0.0. Please use the add/remove methods instead. If you're using a plugin that causes this warning, please upgrade to the latest version and report an issue if the warning persists. To disable these warnings, set -Dmaven.project.sourceRoots.warningsDisabled=true on the command line, in the .mvn/maven.config file, or in project POM properties.
2026-08-20 16:04:53,072 [Worker-4: Building] WARN  o.apache.maven.project.MavenProject - Direct modification of testCompileSourceRoots through add() is deprecated and will not work in Maven 4.0.0. Please use the add/remove methods instead. If you're using a plugin that causes this warning, please upgrade to the latest version and report an issue if the warning persists. To disable these warnings, set -Dmaven.project.sourceRoots.warningsDisabled=true on the command line, in the .mvn/maven.config file, or in project POM properties.
2026-08-20 16:04:54,567 [Worker-4: Building] INFO  o.e.m.c.i.l.LifecycleMappingFactory - Using org.maven.ide.eclipse.wtp.WarLifecycleMapping lifecycle mapping for MavenProject: soa:signupmodule:0.0.1-SNAPSHOT @ C:\SOA\Skill3\signupmodule\pom.xml.
2026-08-20 16:04:55,220 [Worker-4: Building] WARN  Sisu - Error injecting: org.apache.maven.plugins.war.WarMojo
com.google.inject.ProvisionException: Unable to provision, see the following errors:

1) [Guice/ErrorInCustomProvider]: OutOfScopeException: Cannot access session scope outside of a scoping block
  at SessionScopeModule.configure(SessionScopeModule.java:55)
      \_ installed by: WireModule -> SessionScopeModule
  at WarMojo.<init>(WarMojo.java:142)
      \_ for 6th parameter
  while locating WarMojo

Learn more:
  https://github.com/google/guice/wiki/ERROR_IN_CUSTOM_PROVIDER

1 error

======================
Full classname legend:
======================
OutOfScopeException: "com.google.inject.OutOfScopeException"
SessionScopeModule:  "org.apache.maven.session.scope.internal.SessionScopeModule"
WarMojo:             "org.apache.maven.plugins.war.WarMojo"
WireModule:          "org.eclipse.sisu.wire.WireModule"
========================
End of classname legend:
========================

	at com.google.inject.internal.InternalProvisionException.toProvisionException(InternalProvisionException.java:251)
	at com.google.inject.internal.InjectorImpl$1.get(InjectorImpl.java:1104)
	at com.google.inject.internal.InjectorImpl.getInstance(InjectorImpl.java:1139)
	at org.eclipse.sisu.space.AbstractDeferredClass.get(AbstractDeferredClass.java:50)
	at com.google.inject.internal.ProviderInternalFactory.provision(ProviderInternalFactory.java:86)
	at com.google.inject.internal.InternalFactoryToInitializableAdapter.provision(InternalFactoryToInitializableAdapter.java:57)
	at com.google.inject.internal.ProviderInternalFactory$1.call(ProviderInternalFactory.java:67)
	at com.google.inject.internal.ProvisionListenerStackCallback$Provision.provision(ProvisionListenerStackCallback.java:109)
	at com.google.inject.internal.ProvisionListenerStackCallback$Provision.provision(ProvisionListenerStackCallback.java:124)
	at com.google.inject.internal.ProvisionListenerStackCallback.provision(ProvisionListenerStackCallback.java:66)
	at com.google.inject.internal.ProviderInternalFactory.circularGet(ProviderInternalFactory.java:62)
	at com.google.inject.internal.InternalFactoryToInitializableAdapter.get(InternalFactoryToInitializableAdapter.java:47)
	at com.google.inject.internal.InjectorImpl$1.get(InjectorImpl.java:1101)
	at org.eclipse.sisu.inject.Guice4$2.get(Guice4.java:235)
	at org.eclipse.sisu.inject.LazyBeanEntry.getValue(LazyBeanEntry.java:83)
	at org.eclipse.sisu.plexus.LazyPlexusBean.getValue(LazyPlexusBean.java:53)
	at org.codehaus.plexus.DefaultPlexusContainer.lookup(DefaultPlexusContainer.java:267)
	at org.codehaus.plexus.DefaultPlexusContainer.lookup(DefaultPlexusContainer.java:259)
	at org.apache.maven.plugin.internal.DefaultMavenPluginManager.getConfiguredMojo(DefaultMavenPluginManager.java:491)
	at org.eclipse.m2e.core.internal.embedder.MavenImpl.getConfiguredMojo(MavenImpl.java:215)
	at org.eclipse.m2e.mavenarchiver.internal.AbstractMavenArchiverConfigurator.reflectManifestGeneration(AbstractMavenArchiverConfigurator.java:439)
	at org.eclipse.m2e.mavenarchiver.internal.AbstractMavenArchiverConfigurator.lambda$3(AbstractMavenArchiverConfigurator.java:398)
	at org.eclipse.m2e.core.internal.embedder.MavenExecutionContext.executeBare(MavenExecutionContext.java:462)
	at org.eclipse.m2e.core.internal.embedder.MavenExecutionContext.execute(MavenExecutionContext.java:342)
	at org.eclipse.m2e.core.internal.embedder.MavenExecutionContext.execute(MavenExecutionContext.java:281)
	at org.eclipse.m2e.mavenarchiver.internal.AbstractMavenArchiverConfigurator.generateManifest(AbstractMavenArchiverConfigurator.java:371)
	at org.eclipse.m2e.mavenarchiver.internal.AbstractMavenArchiverConfigurator.mavenProjectChanged(AbstractMavenArchiverConfigurator.java:228)
	at org.eclipse.m2e.wtp.mavenarchiver.AbstractWTPArchiverConfigurator.mavenProjectChanged(AbstractWTPArchiverConfigurator.java:56)
	at org.eclipse.m2e.core.internal.project.ProjectConfigurationManager.mavenProjectChanged(ProjectConfigurationManager.java:885)
	at org.eclipse.m2e.core.internal.project.registry.ProjectRegistryManager.notifyProjectChangeListeners(ProjectRegistryManager.java:897)
	at org.eclipse.m2e.core.internal.project.registry.ProjectRegistryManager.applyMutableProjectRegistry(ProjectRegistryManager.java:1047)
	at org.eclipse.m2e.core.internal.project.registry.ProjectRegistryManager.refresh(ProjectRegistryManager.java:324)
	at org.eclipse.m2e.core.internal.builder.MavenBuilder$BuildMethod.getProjectFacade(MavenBuilder.java:146)
	at org.eclipse.m2e.core.internal.builder.MavenBuilder$BuildMethod.lambda$0(MavenBuilder.java:84)
	at org.eclipse.m2e.core.internal.embedder.MavenExecutionContext.executeBare(MavenExecutionContext.java:462)
	at org.eclipse.m2e.core.internal.embedder.MavenExecutionContext.execute(MavenExecutionContext.java:342)
	at org.eclipse.m2e.core.internal.embedder.MavenExecutionContext.execute(MavenExecutionContext.java:281)
	at org.eclipse.m2e.core.internal.builder.MavenBuilder$BuildMethod.execute(MavenBuilder.java:83)
	at org.eclipse.m2e.core.internal.builder.MavenBuilder.build(MavenBuilder.java:192)
	at org.eclipse.core.internal.events.BuildManager$2.run(BuildManager.java:1109)
	at org.eclipse.core.runtime.SafeRunner.run(SafeRunner.java:47)
	at org.eclipse.core.internal.events.BuildManager.basicBuild(BuildManager.java:299)
	at org.eclipse.core.internal.events.BuildManager.basicBuild(BuildManager.java:355)
	at org.eclipse.core.internal.events.BuildManager$1.run(BuildManager.java:449)
	at org.eclipse.core.runtime.SafeRunner.run(SafeRunner.java:47)
	at org.eclipse.core.internal.events.BuildManager.basicBuild(BuildManager.java:452)
	at org.eclipse.core.internal.events.BuildManager.basicBuildLoop(BuildManager.java:564)
	at org.eclipse.core.internal.events.BuildManager.basicBuildLoop(BuildManager.java:512)
	at org.eclipse.core.internal.events.BuildManager.build(BuildManager.java:594)
	at org.eclipse.core.internal.events.AutoBuildJob.doBuild(AutoBuildJob.java:208)
	at org.eclipse.core.internal.events.AutoBuildJob.run(AutoBuildJob.java:309)
	at org.eclipse.core.internal.jobs.Worker.run(Worker.java:63)
Caused by: com.google.inject.OutOfScopeException: Cannot access session scope outside of a scoping block
	at org.apache.maven.session.scope.internal.SessionScope.getScopeState(SessionScope.java:70)
	at org.apache.maven.session.scope.internal.SessionScope.lambda$scope$2(SessionScope.java:92)
	at com.google.inject.internal.InternalFactoryToProviderAdapter.get(InternalFactoryToProviderAdapter.java:45)
	at com.google.inject.internal.SingleParameterInjector.inject(SingleParameterInjector.java:40)
	at com.google.inject.internal.SingleParameterInjector.getAll(SingleParameterInjector.java:60)
	at com.google.inject.internal.ConstructorInjector.provision(ConstructorInjector.java:113)
	at com.google.inject.internal.ConstructorInjector.access$000(ConstructorInjector.java:33)
	at com.google.inject.internal.ConstructorInjector$1.call(ConstructorInjector.java:98)
	at com.google.inject.internal.ProvisionListenerStackCallback$Provision.provision(ProvisionListenerStackCallback.java:109)
	at com.google.inject.internal.ProvisionListenerStackCallback$Provision.provision(ProvisionListenerStackCallback.java:124)
	at com.google.inject.internal.ProvisionListenerStackCallback.provision(ProvisionListenerStackCallback.java:66)
	at com.google.inject.internal.ConstructorInjector.construct(ConstructorInjector.java:93)
	at com.google.inject.internal.ConstructorBindingImpl$Factory.get(ConstructorBindingImpl.java:300)
	at com.google.inject.internal.InjectorImpl$1.get(InjectorImpl.java:1101)
	... 50 common frames omitted
2026-08-20 16:04:55,866 [Worker-4: Building] INFO  o.a.m.s.f.DefaultMavenResourcesFiltering - Copying 1 resource from src\main\resources to target\classes
2026-08-20 16:04:55,874 [Worker-4: Building] INFO  o.a.m.s.f.DefaultMavenResourcesFiltering - Copying 0 resource from src\main\resources to target\classes
2026-08-20 16:04:55,877 [Worker-4: Building] INFO  o.a.m.s.f.DefaultMavenResourcesFiltering - skip non existing resourceDirectory C:\SOA\Skill3\signupmodule\src\test\resources
2026-08-20 16:04:55,893 [Worker-4: Building] INFO  o.e.m.w.i.f.ResourceFilteringBuildParticipant - Changed resources require a complete clean of filtered resources of signupmodule
2026-08-20 16:04:55,893 [Worker-4: Building] INFO  o.e.m.w.i.f.ResourceFilteringBuildParticipant - Executing resource filtering for signupmodule
2026-08-20 16:04:55,901 [Worker-4: Building] WARN  Sisu - Error injecting: org.apache.maven.plugins.war.WarMojo
com.google.inject.ProvisionException: Unable to provision, see the following errors:

1) [Guice/ErrorInCustomProvider]: OutOfScopeException: Cannot access session scope outside of a scoping block
  at SessionScopeModule.configure(SessionScopeModule.java:55)
      \_ installed by: WireModule -> SessionScopeModule
  at WarMojo.<init>(WarMojo.java:142)
      \_ for 6th parameter
  while locating WarMojo

Learn more:
  https://github.com/google/guice/wiki/ERROR_IN_CUSTOM_PROVIDER

1 error

======================
Full classname legend:
======================
OutOfScopeException: "com.google.inject.OutOfScopeException"
SessionScopeModule:  "org.apache.maven.session.scope.internal.SessionScopeModule"
WarMojo:             "org.apache.maven.plugins.war.WarMojo"
WireModule:          "org.eclipse.sisu.wire.WireModule"
========================
End of classname legend:
========================

	at com.google.inject.internal.InternalProvisionException.toProvisionException(InternalProvisionException.java:251)
	at com.google.inject.internal.InjectorImpl$1.get(InjectorImpl.java:1104)
	at com.google.inject.internal.InjectorImpl.getInstance(InjectorImpl.java:1139)
	at org.eclipse.sisu.space.AbstractDeferredClass.get(AbstractDeferredClass.java:50)
	at com.google.inject.internal.ProviderInternalFactory.provision(ProviderInternalFactory.java:86)
	at com.google.inject.internal.InternalFactoryToInitializableAdapter.provision(InternalFactoryToInitializableAdapter.java:57)
	at com.google.inject.internal.ProviderInternalFactory$1.call(ProviderInternalFactory.java:67)
	at com.google.inject.internal.ProvisionListenerStackCallback$Provision.provision(ProvisionListenerStackCallback.java:109)
	at com.google.inject.internal.ProvisionListenerStackCallback$Provision.provision(ProvisionListenerStackCallback.java:124)
	at com.google.inject.internal.ProvisionListenerStackCallback.provision(ProvisionListenerStackCallback.java:66)
	at com.google.inject.internal.ProviderInternalFactory.circularGet(ProviderInternalFactory.java:62)
	at com.google.inject.internal.InternalFactoryToInitializableAdapter.get(InternalFactoryToInitializableAdapter.java:47)
	at com.google.inject.internal.InjectorImpl$1.get(InjectorImpl.java:1101)
	at org.eclipse.sisu.inject.Guice4$2.get(Guice4.java:235)
	at org.eclipse.sisu.inject.LazyBeanEntry.getValue(LazyBeanEntry.java:83)
	at org.eclipse.sisu.plexus.LazyPlexusBean.getValue(LazyPlexusBean.java:53)
	at org.codehaus.plexus.DefaultPlexusContainer.lookup(DefaultPlexusContainer.java:267)
	at org.codehaus.plexus.DefaultPlexusContainer.lookup(DefaultPlexusContainer.java:259)
	at org.apache.maven.plugin.internal.DefaultMavenPluginManager.getConfiguredMojo(DefaultMavenPluginManager.java:491)
	at org.eclipse.m2e.core.internal.embedder.MavenImpl.getConfiguredMojo(MavenImpl.java:215)
	at org.eclipse.m2e.mavenarchiver.internal.AbstractMavenArchiverConfigurator.reflectManifestGeneration(AbstractMavenArchiverConfigurator.java:439)
	at org.eclipse.m2e.mavenarchiver.internal.AbstractMavenArchiverConfigurator.lambda$3(AbstractMavenArchiverConfigurator.java:398)
	at org.eclipse.m2e.core.internal.embedder.MavenExecutionContext.executeBare(MavenExecutionContext.java:462)
	at org.eclipse.m2e.core.internal.embedder.MavenExecutionContext.execute(MavenExecutionContext.java:342)
	at org.eclipse.m2e.core.internal.embedder.MavenExecutionContext.execute(MavenExecutionContext.java:281)
	at org.eclipse.m2e.mavenarchiver.internal.AbstractMavenArchiverConfigurator.generateManifest(AbstractMavenArchiverConfigurator.java:371)
	at org.eclipse.m2e.mavenarchiver.internal.AbstractMavenArchiverConfigurator.mavenProjectChanged(AbstractMavenArchiverConfigurator.java:228)
	at org.eclipse.m2e.mavenarchiver.internal.AbstractMavenArchiverConfigurator$1.build(AbstractMavenArchiverConfigurator.java:178)
	at org.eclipse.m2e.core.internal.builder.MavenBuilderImpl.lambda$2(MavenBuilderImpl.java:159)
	at java.base/java.util.LinkedHashMap.forEach(LinkedHashMap.java:987)
	at org.eclipse.m2e.core.internal.builder.MavenBuilderImpl.build(MavenBuilderImpl.java:139)
	at org.eclipse.m2e.core.internal.builder.MavenBuilder$1.method(MavenBuilder.java:164)
	at org.eclipse.m2e.core.internal.builder.MavenBuilder$1.method(MavenBuilder.java:1)
	at org.eclipse.m2e.core.internal.builder.MavenBuilder$BuildMethod.lambda$1(MavenBuilder.java:109)
	at org.eclipse.m2e.core.internal.embedder.MavenExecutionContext.executeBare(MavenExecutionContext.java:462)
	at org.eclipse.m2e.core.internal.embedder.MavenExecutionContext.execute(MavenExecutionContext.java:295)
	at org.eclipse.m2e.core.internal.builder.MavenBuilder$BuildMethod.lambda$0(MavenBuilder.java:100)
	at org.eclipse.m2e.core.internal.embedder.MavenExecutionContext.executeBare(MavenExecutionContext.java:462)
	at org.eclipse.m2e.core.internal.embedder.MavenExecutionContext.execute(MavenExecutionContext.java:342)
	at org.eclipse.m2e.core.internal.embedder.MavenExecutionContext.execute(MavenExecutionContext.java:281)
	at org.eclipse.m2e.core.internal.builder.MavenBuilder$BuildMethod.execute(MavenBuilder.java:83)
	at org.eclipse.m2e.core.internal.builder.MavenBuilder.build(MavenBuilder.java:192)
	at org.eclipse.core.internal.events.BuildManager$2.run(BuildManager.java:1109)
	at org.eclipse.core.runtime.SafeRunner.run(SafeRunner.java:47)
	at org.eclipse.core.internal.events.BuildManager.basicBuild(BuildManager.java:299)
	at org.eclipse.core.internal.events.BuildManager.basicBuild(BuildManager.java:355)
	at org.eclipse.core.internal.events.BuildManager$1.run(BuildManager.java:449)
	at org.eclipse.core.runtime.SafeRunner.run(SafeRunner.java:47)
	at org.eclipse.core.internal.events.BuildManager.basicBuild(BuildManager.java:452)
	at org.eclipse.core.internal.events.BuildManager.basicBuildLoop(BuildManager.java:564)
	at org.eclipse.core.internal.events.BuildManager.basicBuildLoop(BuildManager.java:512)
	at org.eclipse.core.internal.events.BuildManager.build(BuildManager.java:594)
	at org.eclipse.core.internal.events.AutoBuildJob.doBuild(AutoBuildJob.java:208)
	at org.eclipse.core.internal.events.AutoBuildJob.run(AutoBuildJob.java:309)
	at org.eclipse.core.internal.jobs.Worker.run(Worker.java:63)
Caused by: com.google.inject.OutOfScopeException: Cannot access session scope outside of a scoping block
	at org.apache.maven.session.scope.internal.SessionScope.getScopeState(SessionScope.java:70)
	at org.apache.maven.session.scope.internal.SessionScope.lambda$scope$2(SessionScope.java:92)
	at com.google.inject.internal.InternalFactoryToProviderAdapter.get(InternalFactoryToProviderAdapter.java:45)
	at com.google.inject.internal.SingleParameterInjector.inject(SingleParameterInjector.java:40)
	at com.google.inject.internal.SingleParameterInjector.getAll(SingleParameterInjector.java:60)
	at com.google.inject.internal.ConstructorInjector.provision(ConstructorInjector.java:113)
	at com.google.inject.internal.ConstructorInjector.access$000(ConstructorInjector.java:33)
	at com.google.inject.internal.ConstructorInjector$1.call(ConstructorInjector.java:98)
	at com.google.inject.internal.ProvisionListenerStackCallback$Provision.provision(ProvisionListenerStackCallback.java:109)
	at com.google.inject.internal.ProvisionListenerStackCallback$Provision.provision(ProvisionListenerStackCallback.java:124)
	at com.google.inject.internal.ProvisionListenerStackCallback.provision(ProvisionListenerStackCallback.java:66)
	at com.google.inject.internal.ConstructorInjector.construct(ConstructorInjector.java:93)
	at com.google.inject.internal.ConstructorBindingImpl$Factory.get(ConstructorBindingImpl.java:300)
	at com.google.inject.internal.InjectorImpl$1.get(InjectorImpl.java:1101)
	... 53 common frames omitted
2026-08-20 16:04:55,907 [Worker-4: Building] WARN  o.apache.maven.project.MavenProject - Direct modification of compileSourceRoots through clear() is deprecated and will not work in Maven 4.0.0. Please use the add/remove methods instead. If you're using a plugin that causes this warning, please upgrade to the latest version and report an issue if the warning persists. To disable these warnings, set -Dmaven.project.sourceRoots.warningsDisabled=true on the command line, in the .mvn/maven.config file, or in project POM properties.
2026-08-20 16:04:55,907 [Worker-4: Building] WARN  o.apache.maven.project.MavenProject - Direct modification of compileSourceRoots through add() is deprecated and will not work in Maven 4.0.0. Please use the add/remove methods instead. If you're using a plugin that causes this warning, please upgrade to the latest version and report an issue if the warning persists. To disable these warnings, set -Dmaven.project.sourceRoots.warningsDisabled=true on the command line, in the .mvn/maven.config file, or in project POM properties.
2026-08-20 16:04:55,908 [Worker-4: Building] WARN  o.apache.maven.project.MavenProject - Direct modification of testCompileSourceRoots through clear() is deprecated and will not work in Maven 4.0.0. Please use the add/remove methods instead. If you're using a plugin that causes this warning, please upgrade to the latest version and report an issue if the warning persists. To disable these warnings, set -Dmaven.project.sourceRoots.warningsDisabled=true on the command line, in the .mvn/maven.config file, or in project POM properties.
2026-08-20 16:04:55,908 [Worker-4: Building] WARN  o.apache.maven.project.MavenProject - Direct modification of testCompileSourceRoots through add() is deprecated and will not work in Maven 4.0.0. Please use the add/remove methods instead. If you're using a plugin that causes this warning, please upgrade to the latest version and report an issue if the warning persists. To disable these warnings, set -Dmaven.project.sourceRoots.warningsDisabled=true on the command line, in the .mvn/maven.config file, or in project POM properties.
2026-08-20 16:04:57,122 [Worker-2: Building] INFO  o.a.m.s.f.DefaultMavenResourcesFiltering - Copying 1 resource from src\main\resources to target\classes
2026-08-20 16:04:57,123 [Worker-2: Building] INFO  o.a.m.s.f.DefaultMavenResourcesFiltering - Copying 0 resource from src\main\resources to target\classes
2026-08-20 16:04:57,126 [Worker-2: Building] INFO  o.a.m.s.f.DefaultMavenResourcesFiltering - skip non existing resourceDirectory C:\SOA\Skill3\signupmodule\src\test\resources
2026-08-20 16:04:57,133 [Worker-2: Building] WARN  Sisu - Error injecting: org.apache.maven.plugins.war.WarMojo
com.google.inject.ProvisionException: Unable to provision, see the following errors:

1) [Guice/ErrorInCustomProvider]: OutOfScopeException: Cannot access session scope outside of a scoping block
  at SessionScopeModule.configure(SessionScopeModule.java:55)
      \_ installed by: WireModule -> SessionScopeModule
  at WarMojo.<init>(WarMojo.java:142)
      \_ for 6th parameter
  while locating WarMojo

Learn more:
  https://github.com/google/guice/wiki/ERROR_IN_CUSTOM_PROVIDER

1 error

======================
Full classname legend:
======================
OutOfScopeException: "com.google.inject.OutOfScopeException"
SessionScopeModule:  "org.apache.maven.session.scope.internal.SessionScopeModule"
WarMojo:             "org.apache.maven.plugins.war.WarMojo"
WireModule:          "org.eclipse.sisu.wire.WireModule"
========================
End of classname legend:
========================

	at com.google.inject.internal.InternalProvisionException.toProvisionException(InternalProvisionException.java:251)
	at com.google.inject.internal.InjectorImpl$1.get(InjectorImpl.java:1104)
	at com.google.inject.internal.InjectorImpl.getInstance(InjectorImpl.java:1139)
	at org.eclipse.sisu.space.AbstractDeferredClass.get(AbstractDeferredClass.java:50)
	at com.google.inject.internal.ProviderInternalFactory.provision(ProviderInternalFactory.java:86)
	at com.google.inject.internal.InternalFactoryToInitializableAdapter.provision(InternalFactoryToInitializableAdapter.java:57)
	at com.google.inject.internal.ProviderInternalFactory$1.call(ProviderInternalFactory.java:67)
	at com.google.inject.internal.ProvisionListenerStackCallback$Provision.provision(ProvisionListenerStackCallback.java:109)
	at com.google.inject.internal.ProvisionListenerStackCallback$Provision.provision(ProvisionListenerStackCallback.java:124)
	at com.google.inject.internal.ProvisionListenerStackCallback.provision(ProvisionListenerStackCallback.java:66)
	at com.google.inject.internal.ProviderInternalFactory.circularGet(ProviderInternalFactory.java:62)
	at com.google.inject.internal.InternalFactoryToInitializableAdapter.get(InternalFactoryToInitializableAdapter.java:47)
	at com.google.inject.internal.InjectorImpl$1.get(InjectorImpl.java:1101)
	at org.eclipse.sisu.inject.Guice4$2.get(Guice4.java:235)
	at org.eclipse.sisu.inject.LazyBeanEntry.getValue(LazyBeanEntry.java:83)
	at org.eclipse.sisu.plexus.LazyPlexusBean.getValue(LazyPlexusBean.java:53)
	at org.codehaus.plexus.DefaultPlexusContainer.lookup(DefaultPlexusContainer.java:267)
	at org.codehaus.plexus.DefaultPlexusContainer.lookup(DefaultPlexusContainer.java:259)
	at org.apache.maven.plugin.internal.DefaultMavenPluginManager.getConfiguredMojo(DefaultMavenPluginManager.java:491)
	at org.eclipse.m2e.core.internal.embedder.MavenImpl.getConfiguredMojo(MavenImpl.java:215)
	at org.eclipse.m2e.mavenarchiver.internal.AbstractMavenArchiverConfigurator.reflectManifestGeneration(AbstractMavenArchiverConfigurator.java:439)
	at org.eclipse.m2e.mavenarchiver.internal.AbstractMavenArchiverConfigurator.lambda$3(AbstractMavenArchiverConfigurator.java:398)
	at org.eclipse.m2e.core.internal.embedder.MavenExecutionContext.executeBare(MavenExecutionContext.java:462)
	at org.eclipse.m2e.core.internal.embedder.MavenExecutionContext.execute(MavenExecutionContext.java:342)
	at org.eclipse.m2e.core.internal.embedder.MavenExecutionContext.execute(MavenExecutionContext.java:281)
	at org.eclipse.m2e.mavenarchiver.internal.AbstractMavenArchiverConfigurator.generateManifest(AbstractMavenArchiverConfigurator.java:371)
	at org.eclipse.m2e.mavenarchiver.internal.AbstractMavenArchiverConfigurator.mavenProjectChanged(AbstractMavenArchiverConfigurator.java:228)
	at org.eclipse.m2e.mavenarchiver.internal.AbstractMavenArchiverConfigurator$1.build(AbstractMavenArchiverConfigurator.java:178)
	at org.eclipse.m2e.core.internal.builder.MavenBuilderImpl.lambda$2(MavenBuilderImpl.java:159)
	at java.base/java.util.LinkedHashMap.forEach(LinkedHashMap.java:987)
	at org.eclipse.m2e.core.internal.builder.MavenBuilderImpl.build(MavenBuilderImpl.java:139)
	at org.eclipse.m2e.core.internal.builder.MavenBuilder$1.method(MavenBuilder.java:164)
	at org.eclipse.m2e.core.internal.builder.MavenBuilder$1.method(MavenBuilder.java:1)
	at org.eclipse.m2e.core.internal.builder.MavenBuilder$BuildMethod.lambda$1(MavenBuilder.java:109)
	at org.eclipse.m2e.core.internal.embedder.MavenExecutionContext.executeBare(MavenExecutionContext.java:462)
	at org.eclipse.m2e.core.internal.embedder.MavenExecutionContext.execute(MavenExecutionContext.java:295)
	at org.eclipse.m2e.core.internal.builder.MavenBuilder$BuildMethod.lambda$0(MavenBuilder.java:100)
	at org.eclipse.m2e.core.internal.embedder.MavenExecutionContext.executeBare(MavenExecutionContext.java:462)
	at org.eclipse.m2e.core.internal.embedder.MavenExecutionContext.execute(MavenExecutionContext.java:342)
	at org.eclipse.m2e.core.internal.embedder.MavenExecutionContext.execute(MavenExecutionContext.java:281)
	at org.eclipse.m2e.core.internal.builder.MavenBuilder$BuildMethod.execute(MavenBuilder.java:83)
	at org.eclipse.m2e.core.internal.builder.MavenBuilder.build(MavenBuilder.java:192)
	at org.eclipse.core.internal.events.BuildManager$2.run(BuildManager.java:1109)
	at org.eclipse.core.runtime.SafeRunner.run(SafeRunner.java:47)
	at org.eclipse.core.internal.events.BuildManager.basicBuild(BuildManager.java:299)
	at org.eclipse.core.internal.events.BuildManager.basicBuild(BuildManager.java:355)
	at org.eclipse.core.internal.events.BuildManager$1.run(BuildManager.java:449)
	at org.eclipse.core.runtime.SafeRunner.run(SafeRunner.java:47)
	at org.eclipse.core.internal.events.BuildManager.basicBuild(BuildManager.java:452)
	at org.eclipse.core.internal.events.BuildManager.basicBuildLoop(BuildManager.java:564)
	at org.eclipse.core.internal.events.BuildManager.basicBuildLoop(BuildManager.java:512)
	at org.eclipse.core.internal.events.BuildManager.build(BuildManager.java:594)
	at org.eclipse.core.internal.events.AutoBuildJob.doBuild(AutoBuildJob.java:208)
	at org.eclipse.core.internal.events.AutoBuildJob.run(AutoBuildJob.java:309)
	at org.eclipse.core.internal.jobs.Worker.run(Worker.java:63)
Caused by: com.google.inject.OutOfScopeException: Cannot access session scope outside of a scoping block
	at org.apache.maven.session.scope.internal.SessionScope.getScopeState(SessionScope.java:70)
	at org.apache.maven.session.scope.internal.SessionScope.lambda$scope$2(SessionScope.java:92)
	at com.google.inject.internal.InternalFactoryToProviderAdapter.get(InternalFactoryToProviderAdapter.java:45)
	at com.google.inject.internal.SingleParameterInjector.inject(SingleParameterInjector.java:40)
	at com.google.inject.internal.SingleParameterInjector.getAll(SingleParameterInjector.java:60)
	at com.google.inject.internal.ConstructorInjector.provision(ConstructorInjector.java:113)
	at com.google.inject.internal.ConstructorInjector.access$000(ConstructorInjector.java:33)
	at com.google.inject.internal.ConstructorInjector$1.call(ConstructorInjector.java:98)
	at com.google.inject.internal.ProvisionListenerStackCallback$Provision.provision(ProvisionListenerStackCallback.java:109)
	at com.google.inject.internal.ProvisionListenerStackCallback$Provision.provision(ProvisionListenerStackCallback.java:124)
	at com.google.inject.internal.ProvisionListenerStackCallback.provision(ProvisionListenerStackCallback.java:66)
	at com.google.inject.internal.ConstructorInjector.construct(ConstructorInjector.java:93)
	at com.google.inject.internal.ConstructorBindingImpl$Factory.get(ConstructorBindingImpl.java:300)
	at com.google.inject.internal.InjectorImpl$1.get(InjectorImpl.java:1101)
	... 53 common frames omitted
2026-08-20 16:04:57,139 [Worker-2: Building] WARN  o.apache.maven.project.MavenProject - Direct modification of compileSourceRoots through clear() is deprecated and will not work in Maven 4.0.0. Please use the add/remove methods instead. If you're using a plugin that causes this warning, please upgrade to the latest version and report an issue if the warning persists. To disable these warnings, set -Dmaven.project.sourceRoots.warningsDisabled=true on the command line, in the .mvn/maven.config file, or in project POM properties.
2026-08-20 16:04:57,140 [Worker-2: Building] WARN  o.apache.maven.project.MavenProject - Direct modification of compileSourceRoots through add() is deprecated and will not work in Maven 4.0.0. Please use the add/remove methods instead. If you're using a plugin that causes this warning, please upgrade to the latest version and report an issue if the warning persists. To disable these warnings, set -Dmaven.project.sourceRoots.warningsDisabled=true on the command line, in the .mvn/maven.config file, or in project POM properties.
2026-08-20 16:04:57,140 [Worker-2: Building] WARN  o.apache.maven.project.MavenProject - Direct modification of testCompileSourceRoots through clear() is deprecated and will not work in Maven 4.0.0. Please use the add/remove methods instead. If you're using a plugin that causes this warning, please upgrade to the latest version and report an issue if the warning persists. To disable these warnings, set -Dmaven.project.sourceRoots.warningsDisabled=true on the command line, in the .mvn/maven.config file, or in project POM properties.
2026-08-20 16:04:57,141 [Worker-2: Building] WARN  o.apache.maven.project.MavenProject - Direct modification of testCompileSourceRoots through add() is deprecated and will not work in Maven 4.0.0. Please use the add/remove methods instead. If you're using a plugin that causes this warning, please upgrade to the latest version and report an issue if the warning persists. To disable these warnings, set -Dmaven.project.sourceRoots.warningsDisabled=true on the command line, in the .mvn/maven.config file, or in project POM properties.
2026-08-20 16:05:31,493 [Worker-14: Building] INFO  o.a.m.s.f.DefaultMavenResourcesFiltering - Copying 0 resource from src\main\resources to target\classes
2026-08-20 16:05:31,494 [Worker-14: Building] INFO  o.a.m.s.f.DefaultMavenResourcesFiltering - Copying 0 resource from src\main\resources to target\classes
2026-08-20 16:05:31,497 [Worker-14: Building] INFO  o.a.m.s.f.DefaultMavenResourcesFiltering - skip non existing resourceDirectory C:\SOA\Skill3\loginmodule\src\test\resources
2026-08-20 16:05:31,504 [Worker-14: Building] WARN  Sisu - Error injecting: org.apache.maven.plugins.war.WarMojo
com.google.inject.ProvisionException: Unable to provision, see the following errors:

1) [Guice/ErrorInCustomProvider]: OutOfScopeException: Cannot access session scope outside of a scoping block
  at SessionScopeModule.configure(SessionScopeModule.java:55)
      \_ installed by: WireModule -> SessionScopeModule
  at WarMojo.<init>(WarMojo.java:142)
      \_ for 6th parameter
  while locating WarMojo

Learn more:
  https://github.com/google/guice/wiki/ERROR_IN_CUSTOM_PROVIDER

1 error

======================
Full classname legend:
======================
OutOfScopeException: "com.google.inject.OutOfScopeException"
SessionScopeModule:  "org.apache.maven.session.scope.internal.SessionScopeModule"
WarMojo:             "org.apache.maven.plugins.war.WarMojo"
WireModule:          "org.eclipse.sisu.wire.WireModule"
========================
End of classname legend:
========================

	at com.google.inject.internal.InternalProvisionException.toProvisionException(InternalProvisionException.java:251)
	at com.google.inject.internal.InjectorImpl$1.get(InjectorImpl.java:1104)
	at com.google.inject.internal.InjectorImpl.getInstance(InjectorImpl.java:1139)
	at org.eclipse.sisu.space.AbstractDeferredClass.get(AbstractDeferredClass.java:50)
	at com.google.inject.internal.ProviderInternalFactory.provision(ProviderInternalFactory.java:86)
	at com.google.inject.internal.InternalFactoryToInitializableAdapter.provision(InternalFactoryToInitializableAdapter.java:57)
	at com.google.inject.internal.ProviderInternalFactory$1.call(ProviderInternalFactory.java:67)
	at com.google.inject.internal.ProvisionListenerStackCallback$Provision.provision(ProvisionListenerStackCallback.java:109)
	at com.google.inject.internal.ProvisionListenerStackCallback$Provision.provision(ProvisionListenerStackCallback.java:124)
	at com.google.inject.internal.ProvisionListenerStackCallback.provision(ProvisionListenerStackCallback.java:66)
	at com.google.inject.internal.ProviderInternalFactory.circularGet(ProviderInternalFactory.java:62)
	at com.google.inject.internal.InternalFactoryToInitializableAdapter.get(InternalFactoryToInitializableAdapter.java:47)
	at com.google.inject.internal.InjectorImpl$1.get(InjectorImpl.java:1101)
	at org.eclipse.sisu.inject.Guice4$2.get(Guice4.java:235)
	at org.eclipse.sisu.inject.LazyBeanEntry.getValue(LazyBeanEntry.java:83)
	at org.eclipse.sisu.plexus.LazyPlexusBean.getValue(LazyPlexusBean.java:53)
	at org.codehaus.plexus.DefaultPlexusContainer.lookup(DefaultPlexusContainer.java:267)
	at org.codehaus.plexus.DefaultPlexusContainer.lookup(DefaultPlexusContainer.java:259)
	at org.apache.maven.plugin.internal.DefaultMavenPluginManager.getConfiguredMojo(DefaultMavenPluginManager.java:491)
	at org.eclipse.m2e.core.internal.embedder.MavenImpl.getConfiguredMojo(MavenImpl.java:215)
	at org.eclipse.m2e.mavenarchiver.internal.AbstractMavenArchiverConfigurator.reflectManifestGeneration(AbstractMavenArchiverConfigurator.java:439)
	at org.eclipse.m2e.mavenarchiver.internal.AbstractMavenArchiverConfigurator.lambda$3(AbstractMavenArchiverConfigurator.java:398)
	at org.eclipse.m2e.core.internal.embedder.MavenExecutionContext.executeBare(MavenExecutionContext.java:462)
	at org.eclipse.m2e.core.internal.embedder.MavenExecutionContext.execute(MavenExecutionContext.java:342)
	at org.eclipse.m2e.core.internal.embedder.MavenExecutionContext.execute(MavenExecutionContext.java:281)
	at org.eclipse.m2e.mavenarchiver.internal.AbstractMavenArchiverConfigurator.generateManifest(AbstractMavenArchiverConfigurator.java:371)
	at org.eclipse.m2e.mavenarchiver.internal.AbstractMavenArchiverConfigurator.mavenProjectChanged(AbstractMavenArchiverConfigurator.java:228)
	at org.eclipse.m2e.mavenarchiver.internal.AbstractMavenArchiverConfigurator$1.build(AbstractMavenArchiverConfigurator.java:178)
	at org.eclipse.m2e.core.internal.builder.MavenBuilderImpl.lambda$2(MavenBuilderImpl.java:159)
	at java.base/java.util.LinkedHashMap.forEach(LinkedHashMap.java:987)
	at org.eclipse.m2e.core.internal.builder.MavenBuilderImpl.build(MavenBuilderImpl.java:139)
	at org.eclipse.m2e.core.internal.builder.MavenBuilder$1.method(MavenBuilder.java:164)
	at org.eclipse.m2e.core.internal.builder.MavenBuilder$1.method(MavenBuilder.java:1)
	at org.eclipse.m2e.core.internal.builder.MavenBuilder$BuildMethod.lambda$1(MavenBuilder.java:109)
	at org.eclipse.m2e.core.internal.embedder.MavenExecutionContext.executeBare(MavenExecutionContext.java:462)
	at org.eclipse.m2e.core.internal.embedder.MavenExecutionContext.execute(MavenExecutionContext.java:295)
	at org.eclipse.m2e.core.internal.builder.MavenBuilder$BuildMethod.lambda$0(MavenBuilder.java:100)
	at org.eclipse.m2e.core.internal.embedder.MavenExecutionContext.executeBare(MavenExecutionContext.java:462)
	at org.eclipse.m2e.core.internal.embedder.MavenExecutionContext.execute(MavenExecutionContext.java:342)
	at org.eclipse.m2e.core.internal.embedder.MavenExecutionContext.execute(MavenExecutionContext.java:281)
	at org.eclipse.m2e.core.internal.builder.MavenBuilder$BuildMethod.execute(MavenBuilder.java:83)
	at org.eclipse.m2e.core.internal.builder.MavenBuilder.build(MavenBuilder.java:192)
	at org.eclipse.core.internal.events.BuildManager$2.run(BuildManager.java:1109)
	at org.eclipse.core.runtime.SafeRunner.run(SafeRunner.java:47)
	at org.eclipse.core.internal.events.BuildManager.basicBuild(BuildManager.java:299)
	at org.eclipse.core.internal.events.BuildManager.basicBuild(BuildManager.java:355)
	at org.eclipse.core.internal.events.BuildManager$1.run(BuildManager.java:449)
	at org.eclipse.core.runtime.SafeRunner.run(SafeRunner.java:47)
	at org.eclipse.core.internal.events.BuildManager.basicBuild(BuildManager.java:452)
	at org.eclipse.core.internal.events.BuildManager.basicBuildLoop(BuildManager.java:564)
	at org.eclipse.core.internal.events.BuildManager.basicBuildLoop(BuildManager.java:512)
	at org.eclipse.core.internal.events.BuildManager.build(BuildManager.java:594)
	at org.eclipse.core.internal.events.AutoBuildJob.doBuild(AutoBuildJob.java:208)
	at org.eclipse.core.internal.events.AutoBuildJob.run(AutoBuildJob.java:309)
	at org.eclipse.core.internal.jobs.Worker.run(Worker.java:63)
Caused by: com.google.inject.OutOfScopeException: Cannot access session scope outside of a scoping block
	at org.apache.maven.session.scope.internal.SessionScope.getScopeState(SessionScope.java:70)
	at org.apache.maven.session.scope.internal.SessionScope.lambda$scope$2(SessionScope.java:92)
	at com.google.inject.internal.InternalFactoryToProviderAdapter.get(InternalFactoryToProviderAdapter.java:45)
	at com.google.inject.internal.SingleParameterInjector.inject(SingleParameterInjector.java:40)
	at com.google.inject.internal.SingleParameterInjector.getAll(SingleParameterInjector.java:60)
	at com.google.inject.internal.ConstructorInjector.provision(ConstructorInjector.java:113)
	at com.google.inject.internal.ConstructorInjector.access$000(ConstructorInjector.java:33)
	at com.google.inject.internal.ConstructorInjector$1.call(ConstructorInjector.java:98)
	at com.google.inject.internal.ProvisionListenerStackCallback$Provision.provision(ProvisionListenerStackCallback.java:109)
	at com.google.inject.internal.ProvisionListenerStackCallback$Provision.provision(ProvisionListenerStackCallback.java:124)
	at com.google.inject.internal.ProvisionListenerStackCallback.provision(ProvisionListenerStackCallback.java:66)
	at com.google.inject.internal.ConstructorInjector.construct(ConstructorInjector.java:93)
	at com.google.inject.internal.ConstructorBindingImpl$Factory.get(ConstructorBindingImpl.java:300)
	at com.google.inject.internal.InjectorImpl$1.get(InjectorImpl.java:1101)
	... 53 common frames omitted
2026-08-20 16:05:31,508 [Worker-14: Building] WARN  o.apache.maven.project.MavenProject - Direct modification of compileSourceRoots through clear() is deprecated and will not work in Maven 4.0.0. Please use the add/remove methods instead. If you're using a plugin that causes this warning, please upgrade to the latest version and report an issue if the warning persists. To disable these warnings, set -Dmaven.project.sourceRoots.warningsDisabled=true on the command line, in the .mvn/maven.config file, or in project POM properties.
2026-08-20 16:05:31,508 [Worker-14: Building] WARN  o.apache.maven.project.MavenProject - Direct modification of compileSourceRoots through add() is deprecated and will not work in Maven 4.0.0. Please use the add/remove methods instead. If you're using a plugin that causes this warning, please upgrade to the latest version and report an issue if the warning persists. To disable these warnings, set -Dmaven.project.sourceRoots.warningsDisabled=true on the command line, in the .mvn/maven.config file, or in project POM properties.
2026-08-20 16:05:31,509 [Worker-14: Building] WARN  o.apache.maven.project.MavenProject - Direct modification of testCompileSourceRoots through clear() is deprecated and will not work in Maven 4.0.0. Please use the add/remove methods instead. If you're using a plugin that causes this warning, please upgrade to the latest version and report an issue if the warning persists. To disable these warnings, set -Dmaven.project.sourceRoots.warningsDisabled=true on the command line, in the .mvn/maven.config file, or in project POM properties.
2026-08-20 16:05:31,509 [Worker-14: Building] WARN  o.apache.maven.project.MavenProject - Direct modification of testCompileSourceRoots through add() is deprecated and will not work in Maven 4.0.0. Please use the add/remove methods instead. If you're using a plugin that causes this warning, please upgrade to the latest version and report an issue if the warning persists. To disable these warnings, set -Dmaven.project.sourceRoots.warningsDisabled=true on the command line, in the .mvn/maven.config file, or in project POM properties.
2026-08-20 16:13:07,133 [Worker-3: Building] INFO  o.a.m.s.f.DefaultMavenResourcesFiltering - Copying 0 resource from src\main\resources to target\classes
2026-08-20 16:13:07,134 [Worker-3: Building] INFO  o.a.m.s.f.DefaultMavenResourcesFiltering - Copying 0 resource from src\main\resources to target\classes
2026-08-20 16:13:07,136 [Worker-3: Building] INFO  o.a.m.s.f.DefaultMavenResourcesFiltering - skip non existing resourceDirectory C:\SOA\Skill3\loginmodule\src\test\resources
2026-08-20 16:13:07,144 [Worker-3: Building] WARN  Sisu - Error injecting: org.apache.maven.plugins.war.WarMojo
com.google.inject.ProvisionException: Unable to provision, see the following errors:

1) [Guice/ErrorInCustomProvider]: OutOfScopeException: Cannot access session scope outside of a scoping block
  at SessionScopeModule.configure(SessionScopeModule.java:55)
      \_ installed by: WireModule -> SessionScopeModule
  at WarMojo.<init>(WarMojo.java:142)
      \_ for 6th parameter
  while locating WarMojo

Learn more:
  https://github.com/google/guice/wiki/ERROR_IN_CUSTOM_PROVIDER

1 error

======================
Full classname legend:
======================
OutOfScopeException: "com.google.inject.OutOfScopeException"
SessionScopeModule:  "org.apache.maven.session.scope.internal.SessionScopeModule"
WarMojo:             "org.apache.maven.plugins.war.WarMojo"
WireModule:          "org.eclipse.sisu.wire.WireModule"
========================
End of classname legend:
========================

	at com.google.inject.internal.InternalProvisionException.toProvisionException(InternalProvisionException.java:251)
	at com.google.inject.internal.InjectorImpl$1.get(InjectorImpl.java:1104)
	at com.google.inject.internal.InjectorImpl.getInstance(InjectorImpl.java:1139)
	at org.eclipse.sisu.space.AbstractDeferredClass.get(AbstractDeferredClass.java:50)
	at com.google.inject.internal.ProviderInternalFactory.provision(ProviderInternalFactory.java:86)
	at com.google.inject.internal.InternalFactoryToInitializableAdapter.provision(InternalFactoryToInitializableAdapter.java:57)
	at com.google.inject.internal.ProviderInternalFactory$1.call(ProviderInternalFactory.java:67)
	at com.google.inject.internal.ProvisionListenerStackCallback$Provision.provision(ProvisionListenerStackCallback.java:109)
	at com.google.inject.internal.ProvisionListenerStackCallback$Provision.provision(ProvisionListenerStackCallback.java:124)
	at com.google.inject.internal.ProvisionListenerStackCallback.provision(ProvisionListenerStackCallback.java:66)
	at com.google.inject.internal.ProviderInternalFactory.circularGet(ProviderInternalFactory.java:62)
	at com.google.inject.internal.InternalFactoryToInitializableAdapter.get(InternalFactoryToInitializableAdapter.java:47)
	at com.google.inject.internal.InjectorImpl$1.get(InjectorImpl.java:1101)
	at org.eclipse.sisu.inject.Guice4$2.get(Guice4.java:235)
	at org.eclipse.sisu.inject.LazyBeanEntry.getValue(LazyBeanEntry.java:83)
	at org.eclipse.sisu.plexus.LazyPlexusBean.getValue(LazyPlexusBean.java:53)
	at org.codehaus.plexus.DefaultPlexusContainer.lookup(DefaultPlexusContainer.java:267)
	at org.codehaus.plexus.DefaultPlexusContainer.lookup(DefaultPlexusContainer.java:259)
	at org.apache.maven.plugin.internal.DefaultMavenPluginManager.getConfiguredMojo(DefaultMavenPluginManager.java:491)
	at org.eclipse.m2e.core.internal.embedder.MavenImpl.getConfiguredMojo(MavenImpl.java:215)
	at org.eclipse.m2e.mavenarchiver.internal.AbstractMavenArchiverConfigurator.reflectManifestGeneration(AbstractMavenArchiverConfigurator.java:439)
	at org.eclipse.m2e.mavenarchiver.internal.AbstractMavenArchiverConfigurator.lambda$3(AbstractMavenArchiverConfigurator.java:398)
	at org.eclipse.m2e.core.internal.embedder.MavenExecutionContext.executeBare(MavenExecutionContext.java:462)
	at org.eclipse.m2e.core.internal.embedder.MavenExecutionContext.execute(MavenExecutionContext.java:342)
	at org.eclipse.m2e.core.internal.embedder.MavenExecutionContext.execute(MavenExecutionContext.java:281)
	at org.eclipse.m2e.mavenarchiver.internal.AbstractMavenArchiverConfigurator.generateManifest(AbstractMavenArchiverConfigurator.java:371)
	at org.eclipse.m2e.mavenarchiver.internal.AbstractMavenArchiverConfigurator.mavenProjectChanged(AbstractMavenArchiverConfigurator.java:228)
	at org.eclipse.m2e.mavenarchiver.internal.AbstractMavenArchiverConfigurator$1.build(AbstractMavenArchiverConfigurator.java:178)
	at org.eclipse.m2e.core.internal.builder.MavenBuilderImpl.lambda$2(MavenBuilderImpl.java:159)
	at java.base/java.util.LinkedHashMap.forEach(LinkedHashMap.java:987)
	at org.eclipse.m2e.core.internal.builder.MavenBuilderImpl.build(MavenBuilderImpl.java:139)
	at org.eclipse.m2e.core.internal.builder.MavenBuilder$1.method(MavenBuilder.java:164)
	at org.eclipse.m2e.core.internal.builder.MavenBuilder$1.method(MavenBuilder.java:1)
	at org.eclipse.m2e.core.internal.builder.MavenBuilder$BuildMethod.lambda$1(MavenBuilder.java:109)
	at org.eclipse.m2e.core.internal.embedder.MavenExecutionContext.executeBare(MavenExecutionContext.java:462)
	at org.eclipse.m2e.core.internal.embedder.MavenExecutionContext.execute(MavenExecutionContext.java:295)
	at org.eclipse.m2e.core.internal.builder.MavenBuilder$BuildMethod.lambda$0(MavenBuilder.java:100)
	at org.eclipse.m2e.core.internal.embedder.MavenExecutionContext.executeBare(MavenExecutionContext.java:462)
	at org.eclipse.m2e.core.internal.embedder.MavenExecutionContext.execute(MavenExecutionContext.java:342)
	at org.eclipse.m2e.core.internal.embedder.MavenExecutionContext.execute(MavenExecutionContext.java:281)
	at org.eclipse.m2e.core.internal.builder.MavenBuilder$BuildMethod.execute(MavenBuilder.java:83)
	at org.eclipse.m2e.core.internal.builder.MavenBuilder.build(MavenBuilder.java:192)
	at org.eclipse.core.internal.events.BuildManager$2.run(BuildManager.java:1109)
	at org.eclipse.core.runtime.SafeRunner.run(SafeRunner.java:47)
	at org.eclipse.core.internal.events.BuildManager.basicBuild(BuildManager.java:299)
	at org.eclipse.core.internal.events.BuildManager.basicBuild(BuildManager.java:355)
	at org.eclipse.core.internal.events.BuildManager$1.run(BuildManager.java:449)
	at org.eclipse.core.runtime.SafeRunner.run(SafeRunner.java:47)
	at org.eclipse.core.internal.events.BuildManager.basicBuild(BuildManager.java:452)
	at org.eclipse.core.internal.events.BuildManager.basicBuildLoop(BuildManager.java:564)
	at org.eclipse.core.internal.events.BuildManager.basicBuildLoop(BuildManager.java:512)
	at org.eclipse.core.internal.events.BuildManager.build(BuildManager.java:594)
	at org.eclipse.core.internal.events.AutoBuildJob.doBuild(AutoBuildJob.java:208)
	at org.eclipse.core.internal.events.AutoBuildJob.run(AutoBuildJob.java:309)
	at org.eclipse.core.internal.jobs.Worker.run(Worker.java:63)
Caused by: com.google.inject.OutOfScopeException: Cannot access session scope outside of a scoping block
	at org.apache.maven.session.scope.internal.SessionScope.getScopeState(SessionScope.java:70)
	at org.apache.maven.session.scope.internal.SessionScope.lambda$scope$2(SessionScope.java:92)
	at com.google.inject.internal.InternalFactoryToProviderAdapter.get(InternalFactoryToProviderAdapter.java:45)
	at com.google.inject.internal.SingleParameterInjector.inject(SingleParameterInjector.java:40)
	at com.google.inject.internal.SingleParameterInjector.getAll(SingleParameterInjector.java:60)
	at com.google.inject.internal.ConstructorInjector.provision(ConstructorInjector.java:113)
	at com.google.inject.internal.ConstructorInjector.access$000(ConstructorInjector.java:33)
	at com.google.inject.internal.ConstructorInjector$1.call(ConstructorInjector.java:98)
	at com.google.inject.internal.ProvisionListenerStackCallback$Provision.provision(ProvisionListenerStackCallback.java:109)
	at com.google.inject.internal.ProvisionListenerStackCallback$Provision.provision(ProvisionListenerStackCallback.java:124)
	at com.google.inject.internal.ProvisionListenerStackCallback.provision(ProvisionListenerStackCallback.java:66)
	at com.google.inject.internal.ConstructorInjector.construct(ConstructorInjector.java:93)
	at com.google.inject.internal.ConstructorBindingImpl$Factory.get(ConstructorBindingImpl.java:300)
	at com.google.inject.internal.InjectorImpl$1.get(InjectorImpl.java:1101)
	... 53 common frames omitted
2026-08-20 16:13:07,148 [Worker-3: Building] WARN  o.apache.maven.project.MavenProject - Direct modification of compileSourceRoots through clear() is deprecated and will not work in Maven 4.0.0. Please use the add/remove methods instead. If you're using a plugin that causes this warning, please upgrade to the latest version and report an issue if the warning persists. To disable these warnings, set -Dmaven.project.sourceRoots.warningsDisabled=true on the command line, in the .mvn/maven.config file, or in project POM properties.
2026-08-20 16:13:07,178 [Worker-3: Building] WARN  o.apache.maven.project.MavenProject - Direct modification of compileSourceRoots through add() is deprecated and will not work in Maven 4.0.0. Please use the add/remove methods instead. If you're using a plugin that causes this warning, please upgrade to the latest version and report an issue if the warning persists. To disable these warnings, set -Dmaven.project.sourceRoots.warningsDisabled=true on the command line, in the .mvn/maven.config file, or in project POM properties.
2026-08-20 16:13:07,179 [Worker-3: Building] WARN  o.apache.maven.project.MavenProject - Direct modification of testCompileSourceRoots through clear() is deprecated and will not work in Maven 4.0.0. Please use the add/remove methods instead. If you're using a plugin that causes this warning, please upgrade to the latest version and report an issue if the warning persists. To disable these warnings, set -Dmaven.project.sourceRoots.warningsDisabled=true on the command line, in the .mvn/maven.config file, or in project POM properties.
2026-08-20 16:13:07,180 [Worker-3: Building] WARN  o.apache.maven.project.MavenProject - Direct modification of testCompileSourceRoots through add() is deprecated and will not work in Maven 4.0.0. Please use the add/remove methods instead. If you're using a plugin that causes this warning, please upgrade to the latest version and report an issue if the warning persists. To disable these warnings, set -Dmaven.project.sourceRoots.warningsDisabled=true on the command line, in the .mvn/maven.config file, or in project POM properties.
2026-08-20 16:17:56,976 [Worker-19: Building] INFO  o.a.m.s.f.DefaultMavenResourcesFiltering - Copying 0 resource from src\main\resources to target\classes
2026-08-20 16:17:56,977 [Worker-19: Building] INFO  o.a.m.s.f.DefaultMavenResourcesFiltering - Copying 0 resource from src\main\resources to target\classes
2026-08-20 16:17:56,979 [Worker-19: Building] INFO  o.a.m.s.f.DefaultMavenResourcesFiltering - skip non existing resourceDirectory C:\SOA\Skill3\loginmodule\src\test\resources
2026-08-20 16:17:56,985 [Worker-19: Building] WARN  Sisu - Error injecting: org.apache.maven.plugins.war.WarMojo
com.google.inject.ProvisionException: Unable to provision, see the following errors:

1) [Guice/ErrorInCustomProvider]: OutOfScopeException: Cannot access session scope outside of a scoping block
  at SessionScopeModule.configure(SessionScopeModule.java:55)
      \_ installed by: WireModule -> SessionScopeModule
  at WarMojo.<init>(WarMojo.java:142)
      \_ for 6th parameter
  while locating WarMojo

Learn more:
  https://github.com/google/guice/wiki/ERROR_IN_CUSTOM_PROVIDER

1 error

======================
Full classname legend:
======================
OutOfScopeException: "com.google.inject.OutOfScopeException"
SessionScopeModule:  "org.apache.maven.session.scope.internal.SessionScopeModule"
WarMojo:             "org.apache.maven.plugins.war.WarMojo"
WireModule:          "org.eclipse.sisu.wire.WireModule"
========================
End of classname legend:
========================

	at com.google.inject.internal.InternalProvisionException.toProvisionException(InternalProvisionException.java:251)
	at com.google.inject.internal.InjectorImpl$1.get(InjectorImpl.java:1104)
	at com.google.inject.internal.InjectorImpl.getInstance(InjectorImpl.java:1139)
	at org.eclipse.sisu.space.AbstractDeferredClass.get(AbstractDeferredClass.java:50)
	at com.google.inject.internal.ProviderInternalFactory.provision(ProviderInternalFactory.java:86)
	at com.google.inject.internal.InternalFactoryToInitializableAdapter.provision(InternalFactoryToInitializableAdapter.java:57)
	at com.google.inject.internal.ProviderInternalFactory$1.call(ProviderInternalFactory.java:67)
	at com.google.inject.internal.ProvisionListenerStackCallback$Provision.provision(ProvisionListenerStackCallback.java:109)
	at com.google.inject.internal.ProvisionListenerStackCallback$Provision.provision(ProvisionListenerStackCallback.java:124)
	at com.google.inject.internal.ProvisionListenerStackCallback.provision(ProvisionListenerStackCallback.java:66)
	at com.google.inject.internal.ProviderInternalFactory.circularGet(ProviderInternalFactory.java:62)
	at com.google.inject.internal.InternalFactoryToInitializableAdapter.get(InternalFactoryToInitializableAdapter.java:47)
	at com.google.inject.internal.InjectorImpl$1.get(InjectorImpl.java:1101)
	at org.eclipse.sisu.inject.Guice4$2.get(Guice4.java:235)
	at org.eclipse.sisu.inject.LazyBeanEntry.getValue(LazyBeanEntry.java:83)
	at org.eclipse.sisu.plexus.LazyPlexusBean.getValue(LazyPlexusBean.java:53)
	at org.codehaus.plexus.DefaultPlexusContainer.lookup(DefaultPlexusContainer.java:267)
	at org.codehaus.plexus.DefaultPlexusContainer.lookup(DefaultPlexusContainer.java:259)
	at org.apache.maven.plugin.internal.DefaultMavenPluginManager.getConfiguredMojo(DefaultMavenPluginManager.java:491)
	at org.eclipse.m2e.core.internal.embedder.MavenImpl.getConfiguredMojo(MavenImpl.java:215)
	at org.eclipse.m2e.mavenarchiver.internal.AbstractMavenArchiverConfigurator.reflectManifestGeneration(AbstractMavenArchiverConfigurator.java:439)
	at org.eclipse.m2e.mavenarchiver.internal.AbstractMavenArchiverConfigurator.lambda$3(AbstractMavenArchiverConfigurator.java:398)
	at org.eclipse.m2e.core.internal.embedder.MavenExecutionContext.executeBare(MavenExecutionContext.java:462)
	at org.eclipse.m2e.core.internal.embedder.MavenExecutionContext.execute(MavenExecutionContext.java:342)
	at org.eclipse.m2e.core.internal.embedder.MavenExecutionContext.execute(MavenExecutionContext.java:281)
	at org.eclipse.m2e.mavenarchiver.internal.AbstractMavenArchiverConfigurator.generateManifest(AbstractMavenArchiverConfigurator.java:371)
	at org.eclipse.m2e.mavenarchiver.internal.AbstractMavenArchiverConfigurator.mavenProjectChanged(AbstractMavenArchiverConfigurator.java:228)
	at org.eclipse.m2e.mavenarchiver.internal.AbstractMavenArchiverConfigurator$1.build(AbstractMavenArchiverConfigurator.java:178)
	at org.eclipse.m2e.core.internal.builder.MavenBuilderImpl.lambda$2(MavenBuilderImpl.java:159)
	at java.base/java.util.LinkedHashMap.forEach(LinkedHashMap.java:987)
	at org.eclipse.m2e.core.internal.builder.MavenBuilderImpl.build(MavenBuilderImpl.java:139)
	at org.eclipse.m2e.core.internal.builder.MavenBuilder$1.method(MavenBuilder.java:164)
	at org.eclipse.m2e.core.internal.builder.MavenBuilder$1.method(MavenBuilder.java:1)
	at org.eclipse.m2e.core.internal.builder.MavenBuilder$BuildMethod.lambda$1(MavenBuilder.java:109)
	at org.eclipse.m2e.core.internal.embedder.MavenExecutionContext.executeBare(MavenExecutionContext.java:462)
	at org.eclipse.m2e.core.internal.embedder.MavenExecutionContext.execute(MavenExecutionContext.java:295)
	at org.eclipse.m2e.core.internal.builder.MavenBuilder$BuildMethod.lambda$0(MavenBuilder.java:100)
	at org.eclipse.m2e.core.internal.embedder.MavenExecutionContext.executeBare(MavenExecutionContext.java:462)
	at org.eclipse.m2e.core.internal.embedder.MavenExecutionContext.execute(MavenExecutionContext.java:342)
	at org.eclipse.m2e.core.internal.embedder.MavenExecutionContext.execute(MavenExecutionContext.java:281)
	at org.eclipse.m2e.core.internal.builder.MavenBuilder$BuildMethod.execute(MavenBuilder.java:83)
	at org.eclipse.m2e.core.internal.builder.MavenBuilder.build(MavenBuilder.java:192)
	at org.eclipse.core.internal.events.BuildManager$2.run(BuildManager.java:1109)
	at org.eclipse.core.runtime.SafeRunner.run(SafeRunner.java:47)
	at org.eclipse.core.internal.events.BuildManager.basicBuild(BuildManager.java:299)
	at org.eclipse.core.internal.events.BuildManager.basicBuild(BuildManager.java:355)
	at org.eclipse.core.internal.events.BuildManager$1.run(BuildManager.java:449)
	at org.eclipse.core.runtime.SafeRunner.run(SafeRunner.java:47)
	at org.eclipse.core.internal.events.BuildManager.basicBuild(BuildManager.java:452)
	at org.eclipse.core.internal.events.BuildManager.basicBuildLoop(BuildManager.java:564)
	at org.eclipse.core.internal.events.BuildManager.basicBuildLoop(BuildManager.java:512)
	at org.eclipse.core.internal.events.BuildManager.build(BuildManager.java:594)
	at org.eclipse.core.internal.events.AutoBuildJob.doBuild(AutoBuildJob.java:208)
	at org.eclipse.core.internal.events.AutoBuildJob.run(AutoBuildJob.java:309)
	at org.eclipse.core.internal.jobs.Worker.run(Worker.java:63)
Caused by: com.google.inject.OutOfScopeException: Cannot access session scope outside of a scoping block
	at org.apache.maven.session.scope.internal.SessionScope.getScopeState(SessionScope.java:70)
	at org.apache.maven.session.scope.internal.SessionScope.lambda$scope$2(SessionScope.java:92)
	at com.google.inject.internal.InternalFactoryToProviderAdapter.get(InternalFactoryToProviderAdapter.java:45)
	at com.google.inject.internal.SingleParameterInjector.inject(SingleParameterInjector.java:40)
	at com.google.inject.internal.SingleParameterInjector.getAll(SingleParameterInjector.java:60)
	at com.google.inject.internal.ConstructorInjector.provision(ConstructorInjector.java:113)
	at com.google.inject.internal.ConstructorInjector.access$000(ConstructorInjector.java:33)
	at com.google.inject.internal.ConstructorInjector$1.call(ConstructorInjector.java:98)
	at com.google.inject.internal.ProvisionListenerStackCallback$Provision.provision(ProvisionListenerStackCallback.java:109)
	at com.google.inject.internal.ProvisionListenerStackCallback$Provision.provision(ProvisionListenerStackCallback.java:124)
	at com.google.inject.internal.ProvisionListenerStackCallback.provision(ProvisionListenerStackCallback.java:66)
	at com.google.inject.internal.ConstructorInjector.construct(ConstructorInjector.java:93)
	at com.google.inject.internal.ConstructorBindingImpl$Factory.get(ConstructorBindingImpl.java:300)
	at com.google.inject.internal.InjectorImpl$1.get(InjectorImpl.java:1101)
	... 53 common frames omitted
2026-08-20 16:17:56,988 [Worker-19: Building] WARN  o.apache.maven.project.MavenProject - Direct modification of compileSourceRoots through clear() is deprecated and will not work in Maven 4.0.0. Please use the add/remove methods instead. If you're using a plugin that causes this warning, please upgrade to the latest version and report an issue if the warning persists. To disable these warnings, set -Dmaven.project.sourceRoots.warningsDisabled=true on the command line, in the .mvn/maven.config file, or in project POM properties.
2026-08-20 16:17:56,990 [Worker-19: Building] WARN  o.apache.maven.project.MavenProject - Direct modification of compileSourceRoots through add() is deprecated and will not work in Maven 4.0.0. Please use the add/remove methods instead. If you're using a plugin that causes this warning, please upgrade to the latest version and report an issue if the warning persists. To disable these warnings, set -Dmaven.project.sourceRoots.warningsDisabled=true on the command line, in the .mvn/maven.config file, or in project POM properties.
2026-08-20 16:17:56,990 [Worker-19: Building] WARN  o.apache.maven.project.MavenProject - Direct modification of testCompileSourceRoots through clear() is deprecated and will not work in Maven 4.0.0. Please use the add/remove methods instead. If you're using a plugin that causes this warning, please upgrade to the latest version and report an issue if the warning persists. To disable these warnings, set -Dmaven.project.sourceRoots.warningsDisabled=true on the command line, in the .mvn/maven.config file, or in project POM properties.
2026-08-20 16:17:56,991 [Worker-19: Building] WARN  o.apache.maven.project.MavenProject - Direct modification of testCompileSourceRoots through add() is deprecated and will not work in Maven 4.0.0. Please use the add/remove methods instead. If you're using a plugin that causes this warning, please upgrade to the latest version and report an issue if the warning persists. To disable these warnings, set -Dmaven.project.sourceRoots.warningsDisabled=true on the command line, in the .mvn/maven.config file, or in project POM properties.
2026-08-20 16:19:52,634 [Worker-22: Building] INFO  o.a.m.s.f.DefaultMavenResourcesFiltering - Copying 0 resource from src\main\resources to target\classes
2026-08-20 16:19:52,635 [Worker-22: Building] INFO  o.a.m.s.f.DefaultMavenResourcesFiltering - Copying 0 resource from src\main\resources to target\classes
2026-08-20 16:19:52,638 [Worker-22: Building] INFO  o.a.m.s.f.DefaultMavenResourcesFiltering - skip non existing resourceDirectory C:\SOA\Skill3\loginmodule\src\test\resources
2026-08-20 16:19:52,646 [Worker-22: Building] WARN  Sisu - Error injecting: org.apache.maven.plugins.war.WarMojo
com.google.inject.ProvisionException: Unable to provision, see the following errors:

1) [Guice/ErrorInCustomProvider]: OutOfScopeException: Cannot access session scope outside of a scoping block
  at SessionScopeModule.configure(SessionScopeModule.java:55)
      \_ installed by: WireModule -> SessionScopeModule
  at WarMojo.<init>(WarMojo.java:142)
      \_ for 6th parameter
  while locating WarMojo

Learn more:
  https://github.com/google/guice/wiki/ERROR_IN_CUSTOM_PROVIDER

1 error

======================
Full classname legend:
======================
OutOfScopeException: "com.google.inject.OutOfScopeException"
SessionScopeModule:  "org.apache.maven.session.scope.internal.SessionScopeModule"
WarMojo:             "org.apache.maven.plugins.war.WarMojo"
WireModule:          "org.eclipse.sisu.wire.WireModule"
========================
End of classname legend:
========================

	at com.google.inject.internal.InternalProvisionException.toProvisionException(InternalProvisionException.java:251)
	at com.google.inject.internal.InjectorImpl$1.get(InjectorImpl.java:1104)
	at com.google.inject.internal.InjectorImpl.getInstance(InjectorImpl.java:1139)
	at org.eclipse.sisu.space.AbstractDeferredClass.get(AbstractDeferredClass.java:50)
	at com.google.inject.internal.ProviderInternalFactory.provision(ProviderInternalFactory.java:86)
	at com.google.inject.internal.InternalFactoryToInitializableAdapter.provision(InternalFactoryToInitializableAdapter.java:57)
	at com.google.inject.internal.ProviderInternalFactory$1.call(ProviderInternalFactory.java:67)
	at com.google.inject.internal.ProvisionListenerStackCallback$Provision.provision(ProvisionListenerStackCallback.java:109)
	at com.google.inject.internal.ProvisionListenerStackCallback$Provision.provision(ProvisionListenerStackCallback.java:124)
	at com.google.inject.internal.ProvisionListenerStackCallback.provision(ProvisionListenerStackCallback.java:66)
	at com.google.inject.internal.ProviderInternalFactory.circularGet(ProviderInternalFactory.java:62)
	at com.google.inject.internal.InternalFactoryToInitializableAdapter.get(InternalFactoryToInitializableAdapter.java:47)
	at com.google.inject.internal.InjectorImpl$1.get(InjectorImpl.java:1101)
	at org.eclipse.sisu.inject.Guice4$2.get(Guice4.java:235)
	at org.eclipse.sisu.inject.LazyBeanEntry.getValue(LazyBeanEntry.java:83)
	at org.eclipse.sisu.plexus.LazyPlexusBean.getValue(LazyPlexusBean.java:53)
	at org.codehaus.plexus.DefaultPlexusContainer.lookup(DefaultPlexusContainer.java:267)
	at org.codehaus.plexus.DefaultPlexusContainer.lookup(DefaultPlexusContainer.java:259)
	at org.apache.maven.plugin.internal.DefaultMavenPluginManager.getConfiguredMojo(DefaultMavenPluginManager.java:491)
	at org.eclipse.m2e.core.internal.embedder.MavenImpl.getConfiguredMojo(MavenImpl.java:215)
	at org.eclipse.m2e.mavenarchiver.internal.AbstractMavenArchiverConfigurator.reflectManifestGeneration(AbstractMavenArchiverConfigurator.java:439)
	at org.eclipse.m2e.mavenarchiver.internal.AbstractMavenArchiverConfigurator.lambda$3(AbstractMavenArchiverConfigurator.java:398)
	at org.eclipse.m2e.core.internal.embedder.MavenExecutionContext.executeBare(MavenExecutionContext.java:462)
	at org.eclipse.m2e.core.internal.embedder.MavenExecutionContext.execute(MavenExecutionContext.java:342)
	at org.eclipse.m2e.core.internal.embedder.MavenExecutionContext.execute(MavenExecutionContext.java:281)
	at org.eclipse.m2e.mavenarchiver.internal.AbstractMavenArchiverConfigurator.generateManifest(AbstractMavenArchiverConfigurator.java:371)
	at org.eclipse.m2e.mavenarchiver.internal.AbstractMavenArchiverConfigurator.mavenProjectChanged(AbstractMavenArchiverConfigurator.java:228)
	at org.eclipse.m2e.mavenarchiver.internal.AbstractMavenArchiverConfigurator$1.build(AbstractMavenArchiverConfigurator.java:178)
	at org.eclipse.m2e.core.internal.builder.MavenBuilderImpl.lambda$2(MavenBuilderImpl.java:159)
	at java.base/java.util.LinkedHashMap.forEach(LinkedHashMap.java:987)
	at org.eclipse.m2e.core.internal.builder.MavenBuilderImpl.build(MavenBuilderImpl.java:139)
	at org.eclipse.m2e.core.internal.builder.MavenBuilder$1.method(MavenBuilder.java:164)
	at org.eclipse.m2e.core.internal.builder.MavenBuilder$1.method(MavenBuilder.java:1)
	at org.eclipse.m2e.core.internal.builder.MavenBuilder$BuildMethod.lambda$1(MavenBuilder.java:109)
	at org.eclipse.m2e.core.internal.embedder.MavenExecutionContext.executeBare(MavenExecutionContext.java:462)
	at org.eclipse.m2e.core.internal.embedder.MavenExecutionContext.execute(MavenExecutionContext.java:295)
	at org.eclipse.m2e.core.internal.builder.MavenBuilder$BuildMethod.lambda$0(MavenBuilder.java:100)
	at org.eclipse.m2e.core.internal.embedder.MavenExecutionContext.executeBare(MavenExecutionContext.java:462)
	at org.eclipse.m2e.core.internal.embedder.MavenExecutionContext.execute(MavenExecutionContext.java:342)
	at org.eclipse.m2e.core.internal.embedder.MavenExecutionContext.execute(MavenExecutionContext.java:281)
	at org.eclipse.m2e.core.internal.builder.MavenBuilder$BuildMethod.execute(MavenBuilder.java:83)
	at org.eclipse.m2e.core.internal.builder.MavenBuilder.build(MavenBuilder.java:192)
	at org.eclipse.core.internal.events.BuildManager$2.run(BuildManager.java:1109)
	at org.eclipse.core.runtime.SafeRunner.run(SafeRunner.java:47)
	at org.eclipse.core.internal.events.BuildManager.basicBuild(BuildManager.java:299)
	at org.eclipse.core.internal.events.BuildManager.basicBuild(BuildManager.java:355)
	at org.eclipse.core.internal.events.BuildManager$1.run(BuildManager.java:449)
	at org.eclipse.core.runtime.SafeRunner.run(SafeRunner.java:47)
	at org.eclipse.core.internal.events.BuildManager.basicBuild(BuildManager.java:452)
	at org.eclipse.core.internal.events.BuildManager.basicBuildLoop(BuildManager.java:564)
	at org.eclipse.core.internal.events.BuildManager.basicBuildLoop(BuildManager.java:512)
	at org.eclipse.core.internal.events.BuildManager.build(BuildManager.java:594)
	at org.eclipse.core.internal.events.AutoBuildJob.doBuild(AutoBuildJob.java:208)
	at org.eclipse.core.internal.events.AutoBuildJob.run(AutoBuildJob.java:309)
	at org.eclipse.core.internal.jobs.Worker.run(Worker.java:63)
Caused by: com.google.inject.OutOfScopeException: Cannot access session scope outside of a scoping block
	at org.apache.maven.session.scope.internal.SessionScope.getScopeState(SessionScope.java:70)
	at org.apache.maven.session.scope.internal.SessionScope.lambda$scope$2(SessionScope.java:92)
	at com.google.inject.internal.InternalFactoryToProviderAdapter.get(InternalFactoryToProviderAdapter.java:45)
	at com.google.inject.internal.SingleParameterInjector.inject(SingleParameterInjector.java:40)
	at com.google.inject.internal.SingleParameterInjector.getAll(SingleParameterInjector.java:60)
	at com.google.inject.internal.ConstructorInjector.provision(ConstructorInjector.java:113)
	at com.google.inject.internal.ConstructorInjector.access$000(ConstructorInjector.java:33)
	at com.google.inject.internal.ConstructorInjector$1.call(ConstructorInjector.java:98)
	at com.google.inject.internal.ProvisionListenerStackCallback$Provision.provision(ProvisionListenerStackCallback.java:109)
	at com.google.inject.internal.ProvisionListenerStackCallback$Provision.provision(ProvisionListenerStackCallback.java:124)
	at com.google.inject.internal.ProvisionListenerStackCallback.provision(ProvisionListenerStackCallback.java:66)
	at com.google.inject.internal.ConstructorInjector.construct(ConstructorInjector.java:93)
	at com.google.inject.internal.ConstructorBindingImpl$Factory.get(ConstructorBindingImpl.java:300)
	at com.google.inject.internal.InjectorImpl$1.get(InjectorImpl.java:1101)
	... 53 common frames omitted
2026-08-20 16:19:52,649 [Worker-22: Building] WARN  o.apache.maven.project.MavenProject - Direct modification of compileSourceRoots through clear() is deprecated and will not work in Maven 4.0.0. Please use the add/remove methods instead. If you're using a plugin that causes this warning, please upgrade to the latest version and report an issue if the warning persists. To disable these warnings, set -Dmaven.project.sourceRoots.warningsDisabled=true on the command line, in the .mvn/maven.config file, or in project POM properties.
2026-08-20 16:19:52,650 [Worker-22: Building] WARN  o.apache.maven.project.MavenProject - Direct modification of compileSourceRoots through add() is deprecated and will not work in Maven 4.0.0. Please use the add/remove methods instead. If you're using a plugin that causes this warning, please upgrade to the latest version and report an issue if the warning persists. To disable these warnings, set -Dmaven.project.sourceRoots.warningsDisabled=true on the command line, in the .mvn/maven.config file, or in project POM properties.
2026-08-20 16:19:52,650 [Worker-22: Building] WARN  o.apache.maven.project.MavenProject - Direct modification of testCompileSourceRoots through clear() is deprecated and will not work in Maven 4.0.0. Please use the add/remove methods instead. If you're using a plugin that causes this warning, please upgrade to the latest version and report an issue if the warning persists. To disable these warnings, set -Dmaven.project.sourceRoots.warningsDisabled=true on the command line, in the .mvn/maven.config file, or in project POM properties.
2026-08-20 16:19:52,651 [Worker-22: Building] WARN  o.apache.maven.project.MavenProject - Direct modification of testCompileSourceRoots through add() is deprecated and will not work in Maven 4.0.0. Please use the add/remove methods instead. If you're using a plugin that causes this warning, please upgrade to the latest version and report an issue if the warning persists. To disable these warnings, set -Dmaven.project.sourceRoots.warningsDisabled=true on the command line, in the .mvn/maven.config file, or in project POM properties.
2026-08-20 16:20:47,642 [Worker-10: Building] INFO  o.a.m.s.f.DefaultMavenResourcesFiltering - Copying 0 resource from src\main\resources to target\classes
2026-08-20 16:20:47,643 [Worker-10: Building] INFO  o.a.m.s.f.DefaultMavenResourcesFiltering - Copying 0 resource from src\main\resources to target\classes
2026-08-20 16:20:47,646 [Worker-10: Building] INFO  o.a.m.s.f.DefaultMavenResourcesFiltering - skip non existing resourceDirectory C:\SOA\Skill3\loginmodule\src\test\resources
2026-08-20 16:20:47,654 [Worker-10: Building] WARN  Sisu - Error injecting: org.apache.maven.plugins.war.WarMojo
com.google.inject.ProvisionException: Unable to provision, see the following errors:

1) [Guice/ErrorInCustomProvider]: OutOfScopeException: Cannot access session scope outside of a scoping block
  at SessionScopeModule.configure(SessionScopeModule.java:55)
      \_ installed by: WireModule -> SessionScopeModule
  at WarMojo.<init>(WarMojo.java:142)
      \_ for 6th parameter
  while locating WarMojo

Learn more:
  https://github.com/google/guice/wiki/ERROR_IN_CUSTOM_PROVIDER

1 error

======================
Full classname legend:
======================
OutOfScopeException: "com.google.inject.OutOfScopeException"
SessionScopeModule:  "org.apache.maven.session.scope.internal.SessionScopeModule"
WarMojo:             "org.apache.maven.plugins.war.WarMojo"
WireModule:          "org.eclipse.sisu.wire.WireModule"
========================
End of classname legend:
========================

	at com.google.inject.internal.InternalProvisionException.toProvisionException(InternalProvisionException.java:251)
	at com.google.inject.internal.InjectorImpl$1.get(InjectorImpl.java:1104)
	at com.google.inject.internal.InjectorImpl.getInstance(InjectorImpl.java:1139)
	at org.eclipse.sisu.space.AbstractDeferredClass.get(AbstractDeferredClass.java:50)
	at com.google.inject.internal.ProviderInternalFactory.provision(ProviderInternalFactory.java:86)
	at com.google.inject.internal.InternalFactoryToInitializableAdapter.provision(InternalFactoryToInitializableAdapter.java:57)
	at com.google.inject.internal.ProviderInternalFactory$1.call(ProviderInternalFactory.java:67)
	at com.google.inject.internal.ProvisionListenerStackCallback$Provision.provision(ProvisionListenerStackCallback.java:109)
	at com.google.inject.internal.ProvisionListenerStackCallback$Provision.provision(ProvisionListenerStackCallback.java:124)
	at com.google.inject.internal.ProvisionListenerStackCallback.provision(ProvisionListenerStackCallback.java:66)
	at com.google.inject.internal.ProviderInternalFactory.circularGet(ProviderInternalFactory.java:62)
	at com.google.inject.internal.InternalFactoryToInitializableAdapter.get(InternalFactoryToInitializableAdapter.java:47)
	at com.google.inject.internal.InjectorImpl$1.get(InjectorImpl.java:1101)
	at org.eclipse.sisu.inject.Guice4$2.get(Guice4.java:235)
	at org.eclipse.sisu.inject.LazyBeanEntry.getValue(LazyBeanEntry.java:83)
	at org.eclipse.sisu.plexus.LazyPlexusBean.getValue(LazyPlexusBean.java:53)
	at org.codehaus.plexus.DefaultPlexusContainer.lookup(DefaultPlexusContainer.java:267)
	at org.codehaus.plexus.DefaultPlexusContainer.lookup(DefaultPlexusContainer.java:259)
	at org.apache.maven.plugin.internal.DefaultMavenPluginManager.getConfiguredMojo(DefaultMavenPluginManager.java:491)
	at org.eclipse.m2e.core.internal.embedder.MavenImpl.getConfiguredMojo(MavenImpl.java:215)
	at org.eclipse.m2e.mavenarchiver.internal.AbstractMavenArchiverConfigurator.reflectManifestGeneration(AbstractMavenArchiverConfigurator.java:439)
	at org.eclipse.m2e.mavenarchiver.internal.AbstractMavenArchiverConfigurator.lambda$3(AbstractMavenArchiverConfigurator.java:398)
	at org.eclipse.m2e.core.internal.embedder.MavenExecutionContext.executeBare(MavenExecutionContext.java:462)
	at org.eclipse.m2e.core.internal.embedder.MavenExecutionContext.execute(MavenExecutionContext.java:342)
	at org.eclipse.m2e.core.internal.embedder.MavenExecutionContext.execute(MavenExecutionContext.java:281)
	at org.eclipse.m2e.mavenarchiver.internal.AbstractMavenArchiverConfigurator.generateManifest(AbstractMavenArchiverConfigurator.java:371)
	at org.eclipse.m2e.mavenarchiver.internal.AbstractMavenArchiverConfigurator.mavenProjectChanged(AbstractMavenArchiverConfigurator.java:228)
	at org.eclipse.m2e.mavenarchiver.internal.AbstractMavenArchiverConfigurator$1.build(AbstractMavenArchiverConfigurator.java:178)
	at org.eclipse.m2e.core.internal.builder.MavenBuilderImpl.lambda$2(MavenBuilderImpl.java:159)
	at java.base/java.util.LinkedHashMap.forEach(LinkedHashMap.java:987)
	at org.eclipse.m2e.core.internal.builder.MavenBuilderImpl.build(MavenBuilderImpl.java:139)
	at org.eclipse.m2e.core.internal.builder.MavenBuilder$1.method(MavenBuilder.java:164)
	at org.eclipse.m2e.core.internal.builder.MavenBuilder$1.method(MavenBuilder.java:1)
	at org.eclipse.m2e.core.internal.builder.MavenBuilder$BuildMethod.lambda$1(MavenBuilder.java:109)
	at org.eclipse.m2e.core.internal.embedder.MavenExecutionContext.executeBare(MavenExecutionContext.java:462)
	at org.eclipse.m2e.core.internal.embedder.MavenExecutionContext.execute(MavenExecutionContext.java:295)
	at org.eclipse.m2e.core.internal.builder.MavenBuilder$BuildMethod.lambda$0(MavenBuilder.java:100)
	at org.eclipse.m2e.core.internal.embedder.MavenExecutionContext.executeBare(MavenExecutionContext.java:462)
	at org.eclipse.m2e.core.internal.embedder.MavenExecutionContext.execute(MavenExecutionContext.java:342)
	at org.eclipse.m2e.core.internal.embedder.MavenExecutionContext.execute(MavenExecutionContext.java:281)
	at org.eclipse.m2e.core.internal.builder.MavenBuilder$BuildMethod.execute(MavenBuilder.java:83)
	at org.eclipse.m2e.core.internal.builder.MavenBuilder.build(MavenBuilder.java:192)
	at org.eclipse.core.internal.events.BuildManager$2.run(BuildManager.java:1109)
	at org.eclipse.core.runtime.SafeRunner.run(SafeRunner.java:47)
	at org.eclipse.core.internal.events.BuildManager.basicBuild(BuildManager.java:299)
	at org.eclipse.core.internal.events.BuildManager.basicBuild(BuildManager.java:355)
	at org.eclipse.core.internal.events.BuildManager$1.run(BuildManager.java:449)
	at org.eclipse.core.runtime.SafeRunner.run(SafeRunner.java:47)
	at org.eclipse.core.internal.events.BuildManager.basicBuild(BuildManager.java:452)
	at org.eclipse.core.internal.events.BuildManager.basicBuildLoop(BuildManager.java:564)
	at org.eclipse.core.internal.events.BuildManager.basicBuildLoop(BuildManager.java:512)
	at org.eclipse.core.internal.events.BuildManager.build(BuildManager.java:594)
	at org.eclipse.core.internal.events.AutoBuildJob.doBuild(AutoBuildJob.java:208)
	at org.eclipse.core.internal.events.AutoBuildJob.run(AutoBuildJob.java:309)
	at org.eclipse.core.internal.jobs.Worker.run(Worker.java:63)
Caused by: com.google.inject.OutOfScopeException: Cannot access session scope outside of a scoping block
	at org.apache.maven.session.scope.internal.SessionScope.getScopeState(SessionScope.java:70)
	at org.apache.maven.session.scope.internal.SessionScope.lambda$scope$2(SessionScope.java:92)
	at com.google.inject.internal.InternalFactoryToProviderAdapter.get(InternalFactoryToProviderAdapter.java:45)
	at com.google.inject.internal.SingleParameterInjector.inject(SingleParameterInjector.java:40)
	at com.google.inject.internal.SingleParameterInjector.getAll(SingleParameterInjector.java:60)
	at com.google.inject.internal.ConstructorInjector.provision(ConstructorInjector.java:113)
	at com.google.inject.internal.ConstructorInjector.access$000(ConstructorInjector.java:33)
	at com.google.inject.internal.ConstructorInjector$1.call(ConstructorInjector.java:98)
	at com.google.inject.internal.ProvisionListenerStackCallback$Provision.provision(ProvisionListenerStackCallback.java:109)
	at com.google.inject.internal.ProvisionListenerStackCallback$Provision.provision(ProvisionListenerStackCallback.java:124)
	at com.google.inject.internal.ProvisionListenerStackCallback.provision(ProvisionListenerStackCallback.java:66)
	at com.google.inject.internal.ConstructorInjector.construct(ConstructorInjector.java:93)
	at com.google.inject.internal.ConstructorBindingImpl$Factory.get(ConstructorBindingImpl.java:300)
	at com.google.inject.internal.InjectorImpl$1.get(InjectorImpl.java:1101)
	... 53 common frames omitted
2026-08-20 16:20:47,657 [Worker-10: Building] WARN  o.apache.maven.project.MavenProject - Direct modification of compileSourceRoots through clear() is deprecated and will not work in Maven 4.0.0. Please use the add/remove methods instead. If you're using a plugin that causes this warning, please upgrade to the latest version and report an issue if the warning persists. To disable these warnings, set -Dmaven.project.sourceRoots.warningsDisabled=true on the command line, in the .mvn/maven.config file, or in project POM properties.
2026-08-20 16:20:47,658 [Worker-10: Building] WARN  o.apache.maven.project.MavenProject - Direct modification of compileSourceRoots through add() is deprecated and will not work in Maven 4.0.0. Please use the add/remove methods instead. If you're using a plugin that causes this warning, please upgrade to the latest version and report an issue if the warning persists. To disable these warnings, set -Dmaven.project.sourceRoots.warningsDisabled=true on the command line, in the .mvn/maven.config file, or in project POM properties.
2026-08-20 16:20:47,658 [Worker-10: Building] WARN  o.apache.maven.project.MavenProject - Direct modification of testCompileSourceRoots through clear() is deprecated and will not work in Maven 4.0.0. Please use the add/remove methods instead. If you're using a plugin that causes this warning, please upgrade to the latest version and report an issue if the warning persists. To disable these warnings, set -Dmaven.project.sourceRoots.warningsDisabled=true on the command line, in the .mvn/maven.config file, or in project POM properties.
2026-08-20 16:20:47,659 [Worker-10: Building] WARN  o.apache.maven.project.MavenProject - Direct modification of testCompileSourceRoots through add() is deprecated and will not work in Maven 4.0.0. Please use the add/remove methods instead. If you're using a plugin that causes this warning, please upgrade to the latest version and report an issue if the warning persists. To disable these warnings, set -Dmaven.project.sourceRoots.warningsDisabled=true on the command line, in the .mvn/maven.config file, or in project POM properties.
2026-08-20 16:24:05,031 [Worker-20: Building] INFO  o.a.m.s.f.DefaultMavenResourcesFiltering - Copying 0 resource from src\main\resources to target\classes
2026-08-20 16:24:05,033 [Worker-20: Building] INFO  o.a.m.s.f.DefaultMavenResourcesFiltering - Copying 0 resource from src\main\resources to target\classes
2026-08-20 16:24:05,035 [Worker-20: Building] INFO  o.a.m.s.f.DefaultMavenResourcesFiltering - skip non existing resourceDirectory C:\SOA\Skill3\loginmodule\src\test\resources
2026-08-20 16:24:05,042 [Worker-20: Building] WARN  Sisu - Error injecting: org.apache.maven.plugins.war.WarMojo
com.google.inject.ProvisionException: Unable to provision, see the following errors:

1) [Guice/ErrorInCustomProvider]: OutOfScopeException: Cannot access session scope outside of a scoping block
  at SessionScopeModule.configure(SessionScopeModule.java:55)
      \_ installed by: WireModule -> SessionScopeModule
  at WarMojo.<init>(WarMojo.java:142)
      \_ for 6th parameter
  while locating WarMojo

Learn more:
  https://github.com/google/guice/wiki/ERROR_IN_CUSTOM_PROVIDER

1 error

======================
Full classname legend:
======================
OutOfScopeException: "com.google.inject.OutOfScopeException"
SessionScopeModule:  "org.apache.maven.session.scope.internal.SessionScopeModule"
WarMojo:             "org.apache.maven.plugins.war.WarMojo"
WireModule:          "org.eclipse.sisu.wire.WireModule"
========================
End of classname legend:
========================

	at com.google.inject.internal.InternalProvisionException.toProvisionException(InternalProvisionException.java:251)
	at com.google.inject.internal.InjectorImpl$1.get(InjectorImpl.java:1104)
	at com.google.inject.internal.InjectorImpl.getInstance(InjectorImpl.java:1139)
	at org.eclipse.sisu.space.AbstractDeferredClass.get(AbstractDeferredClass.java:50)
	at com.google.inject.internal.ProviderInternalFactory.provision(ProviderInternalFactory.java:86)
	at com.google.inject.internal.InternalFactoryToInitializableAdapter.provision(InternalFactoryToInitializableAdapter.java:57)
	at com.google.inject.internal.ProviderInternalFactory$1.call(ProviderInternalFactory.java:67)
	at com.google.inject.internal.ProvisionListenerStackCallback$Provision.provision(ProvisionListenerStackCallback.java:109)
	at com.google.inject.internal.ProvisionListenerStackCallback$Provision.provision(ProvisionListenerStackCallback.java:124)
	at com.google.inject.internal.ProvisionListenerStackCallback.provision(ProvisionListenerStackCallback.java:66)
	at com.google.inject.internal.ProviderInternalFactory.circularGet(ProviderInternalFactory.java:62)
	at com.google.inject.internal.InternalFactoryToInitializableAdapter.get(InternalFactoryToInitializableAdapter.java:47)
	at com.google.inject.internal.InjectorImpl$1.get(InjectorImpl.java:1101)
	at org.eclipse.sisu.inject.Guice4$2.get(Guice4.java:235)
	at org.eclipse.sisu.inject.LazyBeanEntry.getValue(LazyBeanEntry.java:83)
	at org.eclipse.sisu.plexus.LazyPlexusBean.getValue(LazyPlexusBean.java:53)
	at org.codehaus.plexus.DefaultPlexusContainer.lookup(DefaultPlexusContainer.java:267)
	at org.codehaus.plexus.DefaultPlexusContainer.lookup(DefaultPlexusContainer.java:259)
	at org.apache.maven.plugin.internal.DefaultMavenPluginManager.getConfiguredMojo(DefaultMavenPluginManager.java:491)
	at org.eclipse.m2e.core.internal.embedder.MavenImpl.getConfiguredMojo(MavenImpl.java:215)
	at org.eclipse.m2e.mavenarchiver.internal.AbstractMavenArchiverConfigurator.reflectManifestGeneration(AbstractMavenArchiverConfigurator.java:439)
	at org.eclipse.m2e.mavenarchiver.internal.AbstractMavenArchiverConfigurator.lambda$3(AbstractMavenArchiverConfigurator.java:398)
	at org.eclipse.m2e.core.internal.embedder.MavenExecutionContext.executeBare(MavenExecutionContext.java:462)
	at org.eclipse.m2e.core.internal.embedder.MavenExecutionContext.execute(MavenExecutionContext.java:342)
	at org.eclipse.m2e.core.internal.embedder.MavenExecutionContext.execute(MavenExecutionContext.java:281)
	at org.eclipse.m2e.mavenarchiver.internal.AbstractMavenArchiverConfigurator.generateManifest(AbstractMavenArchiverConfigurator.java:371)
	at org.eclipse.m2e.mavenarchiver.internal.AbstractMavenArchiverConfigurator.mavenProjectChanged(AbstractMavenArchiverConfigurator.java:228)
	at org.eclipse.m2e.mavenarchiver.internal.AbstractMavenArchiverConfigurator$1.build(AbstractMavenArchiverConfigurator.java:178)
	at org.eclipse.m2e.core.internal.builder.MavenBuilderImpl.lambda$2(MavenBuilderImpl.java:159)
	at java.base/java.util.LinkedHashMap.forEach(LinkedHashMap.java:987)
	at org.eclipse.m2e.core.internal.builder.MavenBuilderImpl.build(MavenBuilderImpl.java:139)
	at org.eclipse.m2e.core.internal.builder.MavenBuilder$1.method(MavenBuilder.java:164)
	at org.eclipse.m2e.core.internal.builder.MavenBuilder$1.method(MavenBuilder.java:1)
	at org.eclipse.m2e.core.internal.builder.MavenBuilder$BuildMethod.lambda$1(MavenBuilder.java:109)
	at org.eclipse.m2e.core.internal.embedder.MavenExecutionContext.executeBare(MavenExecutionContext.java:462)
	at org.eclipse.m2e.core.internal.embedder.MavenExecutionContext.execute(MavenExecutionContext.java:295)
	at org.eclipse.m2e.core.internal.builder.MavenBuilder$BuildMethod.lambda$0(MavenBuilder.java:100)
	at org.eclipse.m2e.core.internal.embedder.MavenExecutionContext.executeBare(MavenExecutionContext.java:462)
	at org.eclipse.m2e.core.internal.embedder.MavenExecutionContext.execute(MavenExecutionContext.java:342)
	at org.eclipse.m2e.core.internal.embedder.MavenExecutionContext.execute(MavenExecutionContext.java:281)
	at org.eclipse.m2e.core.internal.builder.MavenBuilder$BuildMethod.execute(MavenBuilder.java:83)
	at org.eclipse.m2e.core.internal.builder.MavenBuilder.build(MavenBuilder.java:192)
	at org.eclipse.core.internal.events.BuildManager$2.run(BuildManager.java:1109)
	at org.eclipse.core.runtime.SafeRunner.run(SafeRunner.java:47)
	at org.eclipse.core.internal.events.BuildManager.basicBuild(BuildManager.java:299)
	at org.eclipse.core.internal.events.BuildManager.basicBuild(BuildManager.java:355)
	at org.eclipse.core.internal.events.BuildManager$1.run(BuildManager.java:449)
	at org.eclipse.core.runtime.SafeRunner.run(SafeRunner.java:47)
	at org.eclipse.core.internal.events.BuildManager.basicBuild(BuildManager.java:452)
	at org.eclipse.core.internal.events.BuildManager.basicBuildLoop(BuildManager.java:564)
	at org.eclipse.core.internal.events.BuildManager.basicBuildLoop(BuildManager.java:512)
	at org.eclipse.core.internal.events.BuildManager.build(BuildManager.java:594)
	at org.eclipse.core.internal.events.AutoBuildJob.doBuild(AutoBuildJob.java:208)
	at org.eclipse.core.internal.events.AutoBuildJob.run(AutoBuildJob.java:309)
	at org.eclipse.core.internal.jobs.Worker.run(Worker.java:63)
Caused by: com.google.inject.OutOfScopeException: Cannot access session scope outside of a scoping block
	at org.apache.maven.session.scope.internal.SessionScope.getScopeState(SessionScope.java:70)
	at org.apache.maven.session.scope.internal.SessionScope.lambda$scope$2(SessionScope.java:92)
	at com.google.inject.internal.InternalFactoryToProviderAdapter.get(InternalFactoryToProviderAdapter.java:45)
	at com.google.inject.internal.SingleParameterInjector.inject(SingleParameterInjector.java:40)
	at com.google.inject.internal.SingleParameterInjector.getAll(SingleParameterInjector.java:60)
	at com.google.inject.internal.ConstructorInjector.provision(ConstructorInjector.java:113)
	at com.google.inject.internal.ConstructorInjector.access$000(ConstructorInjector.java:33)
	at com.google.inject.internal.ConstructorInjector$1.call(ConstructorInjector.java:98)
	at com.google.inject.internal.ProvisionListenerStackCallback$Provision.provision(ProvisionListenerStackCallback.java:109)
	at com.google.inject.internal.ProvisionListenerStackCallback$Provision.provision(ProvisionListenerStackCallback.java:124)
	at com.google.inject.internal.ProvisionListenerStackCallback.provision(ProvisionListenerStackCallback.java:66)
	at com.google.inject.internal.ConstructorInjector.construct(ConstructorInjector.java:93)
	at com.google.inject.internal.ConstructorBindingImpl$Factory.get(ConstructorBindingImpl.java:300)
	at com.google.inject.internal.InjectorImpl$1.get(InjectorImpl.java:1101)
	... 53 common frames omitted
2026-08-20 16:24:05,046 [Worker-20: Building] WARN  o.apache.maven.project.MavenProject - Direct modification of compileSourceRoots through clear() is deprecated and will not work in Maven 4.0.0. Please use the add/remove methods instead. If you're using a plugin that causes this warning, please upgrade to the latest version and report an issue if the warning persists. To disable these warnings, set -Dmaven.project.sourceRoots.warningsDisabled=true on the command line, in the .mvn/maven.config file, or in project POM properties.
2026-08-20 16:24:05,046 [Worker-20: Building] WARN  o.apache.maven.project.MavenProject - Direct modification of compileSourceRoots through add() is deprecated and will not work in Maven 4.0.0. Please use the add/remove methods instead. If you're using a plugin that causes this warning, please upgrade to the latest version and report an issue if the warning persists. To disable these warnings, set -Dmaven.project.sourceRoots.warningsDisabled=true on the command line, in the .mvn/maven.config file, or in project POM properties.
2026-08-20 16:24:05,047 [Worker-20: Building] WARN  o.apache.maven.project.MavenProject - Direct modification of testCompileSourceRoots through clear() is deprecated and will not work in Maven 4.0.0. Please use the add/remove methods instead. If you're using a plugin that causes this warning, please upgrade to the latest version and report an issue if the warning persists. To disable these warnings, set -Dmaven.project.sourceRoots.warningsDisabled=true on the command line, in the .mvn/maven.config file, or in project POM properties.
2026-08-20 16:24:05,047 [Worker-20: Building] WARN  o.apache.maven.project.MavenProject - Direct modification of testCompileSourceRoots through add() is deprecated and will not work in Maven 4.0.0. Please use the add/remove methods instead. If you're using a plugin that causes this warning, please upgrade to the latest version and report an issue if the warning persists. To disable these warnings, set -Dmaven.project.sourceRoots.warningsDisabled=true on the command line, in the .mvn/maven.config file, or in project POM properties.
2026-08-20 16:24:53,595 [Worker-23: Building] INFO  o.a.m.s.f.DefaultMavenResourcesFiltering - Copying 1 resource from src\main\resources to target\classes
2026-08-20 16:24:53,597 [Worker-23: Building] INFO  o.a.m.s.f.DefaultMavenResourcesFiltering - Copying 0 resource from src\main\resources to target\classes
2026-08-20 16:24:53,600 [Worker-23: Building] INFO  o.a.m.s.f.DefaultMavenResourcesFiltering - skip non existing resourceDirectory C:\SOA\Skill3\loginmodule\src\test\resources
2026-08-20 16:24:53,608 [Worker-23: Building] WARN  Sisu - Error injecting: org.apache.maven.plugins.war.WarMojo
com.google.inject.ProvisionException: Unable to provision, see the following errors:

1) [Guice/ErrorInCustomProvider]: OutOfScopeException: Cannot access session scope outside of a scoping block
  at SessionScopeModule.configure(SessionScopeModule.java:55)
      \_ installed by: WireModule -> SessionScopeModule
  at WarMojo.<init>(WarMojo.java:142)
      \_ for 6th parameter
  while locating WarMojo

Learn more:
  https://github.com/google/guice/wiki/ERROR_IN_CUSTOM_PROVIDER

1 error

======================
Full classname legend:
======================
OutOfScopeException: "com.google.inject.OutOfScopeException"
SessionScopeModule:  "org.apache.maven.session.scope.internal.SessionScopeModule"
WarMojo:             "org.apache.maven.plugins.war.WarMojo"
WireModule:          "org.eclipse.sisu.wire.WireModule"
========================
End of classname legend:
========================

	at com.google.inject.internal.InternalProvisionException.toProvisionException(InternalProvisionException.java:251)
	at com.google.inject.internal.InjectorImpl$1.get(InjectorImpl.java:1104)
	at com.google.inject.internal.InjectorImpl.getInstance(InjectorImpl.java:1139)
	at org.eclipse.sisu.space.AbstractDeferredClass.get(AbstractDeferredClass.java:50)
	at com.google.inject.internal.ProviderInternalFactory.provision(ProviderInternalFactory.java:86)
	at com.google.inject.internal.InternalFactoryToInitializableAdapter.provision(InternalFactoryToInitializableAdapter.java:57)
	at com.google.inject.internal.ProviderInternalFactory$1.call(ProviderInternalFactory.java:67)
	at com.google.inject.internal.ProvisionListenerStackCallback$Provision.provision(ProvisionListenerStackCallback.java:109)
	at com.google.inject.internal.ProvisionListenerStackCallback$Provision.provision(ProvisionListenerStackCallback.java:124)
	at com.google.inject.internal.ProvisionListenerStackCallback.provision(ProvisionListenerStackCallback.java:66)
	at com.google.inject.internal.ProviderInternalFactory.circularGet(ProviderInternalFactory.java:62)
	at com.google.inject.internal.InternalFactoryToInitializableAdapter.get(InternalFactoryToInitializableAdapter.java:47)
	at com.google.inject.internal.InjectorImpl$1.get(InjectorImpl.java:1101)
	at org.eclipse.sisu.inject.Guice4$2.get(Guice4.java:235)
	at org.eclipse.sisu.inject.LazyBeanEntry.getValue(LazyBeanEntry.java:83)
	at org.eclipse.sisu.plexus.LazyPlexusBean.getValue(LazyPlexusBean.java:53)
	at org.codehaus.plexus.DefaultPlexusContainer.lookup(DefaultPlexusContainer.java:267)
	at org.codehaus.plexus.DefaultPlexusContainer.lookup(DefaultPlexusContainer.java:259)
	at org.apache.maven.plugin.internal.DefaultMavenPluginManager.getConfiguredMojo(DefaultMavenPluginManager.java:491)
	at org.eclipse.m2e.core.internal.embedder.MavenImpl.getConfiguredMojo(MavenImpl.java:215)
	at org.eclipse.m2e.mavenarchiver.internal.AbstractMavenArchiverConfigurator.reflectManifestGeneration(AbstractMavenArchiverConfigurator.java:439)
	at org.eclipse.m2e.mavenarchiver.internal.AbstractMavenArchiverConfigurator.lambda$3(AbstractMavenArchiverConfigurator.java:398)
	at org.eclipse.m2e.core.internal.embedder.MavenExecutionContext.executeBare(MavenExecutionContext.java:462)
	at org.eclipse.m2e.core.internal.embedder.MavenExecutionContext.execute(MavenExecutionContext.java:342)
	at org.eclipse.m2e.core.internal.embedder.MavenExecutionContext.execute(MavenExecutionContext.java:281)
	at org.eclipse.m2e.mavenarchiver.internal.AbstractMavenArchiverConfigurator.generateManifest(AbstractMavenArchiverConfigurator.java:371)
	at org.eclipse.m2e.mavenarchiver.internal.AbstractMavenArchiverConfigurator.mavenProjectChanged(AbstractMavenArchiverConfigurator.java:228)
	at org.eclipse.m2e.mavenarchiver.internal.AbstractMavenArchiverConfigurator$1.build(AbstractMavenArchiverConfigurator.java:178)
	at org.eclipse.m2e.core.internal.builder.MavenBuilderImpl.lambda$2(MavenBuilderImpl.java:159)
	at java.base/java.util.LinkedHashMap.forEach(LinkedHashMap.java:987)
	at org.eclipse.m2e.core.internal.builder.MavenBuilderImpl.build(MavenBuilderImpl.java:139)
	at org.eclipse.m2e.core.internal.builder.MavenBuilder$1.method(MavenBuilder.java:164)
	at org.eclipse.m2e.core.internal.builder.MavenBuilder$1.method(MavenBuilder.java:1)
	at org.eclipse.m2e.core.internal.builder.MavenBuilder$BuildMethod.lambda$1(MavenBuilder.java:109)
	at org.eclipse.m2e.core.internal.embedder.MavenExecutionContext.executeBare(MavenExecutionContext.java:462)
	at org.eclipse.m2e.core.internal.embedder.MavenExecutionContext.execute(MavenExecutionContext.java:295)
	at org.eclipse.m2e.core.internal.builder.MavenBuilder$BuildMethod.lambda$0(MavenBuilder.java:100)
	at org.eclipse.m2e.core.internal.embedder.MavenExecutionContext.executeBare(MavenExecutionContext.java:462)
	at org.eclipse.m2e.core.internal.embedder.MavenExecutionContext.execute(MavenExecutionContext.java:342)
	at org.eclipse.m2e.core.internal.embedder.MavenExecutionContext.execute(MavenExecutionContext.java:281)
	at org.eclipse.m2e.core.internal.builder.MavenBuilder$BuildMethod.execute(MavenBuilder.java:83)
	at org.eclipse.m2e.core.internal.builder.MavenBuilder.build(MavenBuilder.java:192)
	at org.eclipse.core.internal.events.BuildManager$2.run(BuildManager.java:1109)
	at org.eclipse.core.runtime.SafeRunner.run(SafeRunner.java:47)
	at org.eclipse.core.internal.events.BuildManager.basicBuild(BuildManager.java:299)
	at org.eclipse.core.internal.events.BuildManager.basicBuild(BuildManager.java:355)
	at org.eclipse.core.internal.events.BuildManager$1.run(BuildManager.java:449)
	at org.eclipse.core.runtime.SafeRunner.run(SafeRunner.java:47)
	at org.eclipse.core.internal.events.BuildManager.basicBuild(BuildManager.java:452)
	at org.eclipse.core.internal.events.BuildManager.basicBuildLoop(BuildManager.java:564)
	at org.eclipse.core.internal.events.BuildManager.basicBuildLoop(BuildManager.java:512)
	at org.eclipse.core.internal.events.BuildManager.build(BuildManager.java:594)
	at org.eclipse.core.internal.events.AutoBuildJob.doBuild(AutoBuildJob.java:208)
	at org.eclipse.core.internal.events.AutoBuildJob.run(AutoBuildJob.java:309)
	at org.eclipse.core.internal.jobs.Worker.run(Worker.java:63)
Caused by: com.google.inject.OutOfScopeException: Cannot access session scope outside of a scoping block
	at org.apache.maven.session.scope.internal.SessionScope.getScopeState(SessionScope.java:70)
	at org.apache.maven.session.scope.internal.SessionScope.lambda$scope$2(SessionScope.java:92)
	at com.google.inject.internal.InternalFactoryToProviderAdapter.get(InternalFactoryToProviderAdapter.java:45)
	at com.google.inject.internal.SingleParameterInjector.inject(SingleParameterInjector.java:40)
	at com.google.inject.internal.SingleParameterInjector.getAll(SingleParameterInjector.java:60)
	at com.google.inject.internal.ConstructorInjector.provision(ConstructorInjector.java:113)
	at com.google.inject.internal.ConstructorInjector.access$000(ConstructorInjector.java:33)
	at com.google.inject.internal.ConstructorInjector$1.call(ConstructorInjector.java:98)
	at com.google.inject.internal.ProvisionListenerStackCallback$Provision.provision(ProvisionListenerStackCallback.java:109)
	at com.google.inject.internal.ProvisionListenerStackCallback$Provision.provision(ProvisionListenerStackCallback.java:124)
	at com.google.inject.internal.ProvisionListenerStackCallback.provision(ProvisionListenerStackCallback.java:66)
	at com.google.inject.internal.ConstructorInjector.construct(ConstructorInjector.java:93)
	at com.google.inject.internal.ConstructorBindingImpl$Factory.get(ConstructorBindingImpl.java:300)
	at com.google.inject.internal.InjectorImpl$1.get(InjectorImpl.java:1101)
	... 53 common frames omitted
2026-08-20 16:24:53,614 [Worker-23: Building] WARN  o.apache.maven.project.MavenProject - Direct modification of compileSourceRoots through clear() is deprecated and will not work in Maven 4.0.0. Please use the add/remove methods instead. If you're using a plugin that causes this warning, please upgrade to the latest version and report an issue if the warning persists. To disable these warnings, set -Dmaven.project.sourceRoots.warningsDisabled=true on the command line, in the .mvn/maven.config file, or in project POM properties.
2026-08-20 16:24:53,614 [Worker-23: Building] WARN  o.apache.maven.project.MavenProject - Direct modification of compileSourceRoots through add() is deprecated and will not work in Maven 4.0.0. Please use the add/remove methods instead. If you're using a plugin that causes this warning, please upgrade to the latest version and report an issue if the warning persists. To disable these warnings, set -Dmaven.project.sourceRoots.warningsDisabled=true on the command line, in the .mvn/maven.config file, or in project POM properties.
2026-08-20 16:24:53,615 [Worker-23: Building] WARN  o.apache.maven.project.MavenProject - Direct modification of testCompileSourceRoots through clear() is deprecated and will not work in Maven 4.0.0. Please use the add/remove methods instead. If you're using a plugin that causes this warning, please upgrade to the latest version and report an issue if the warning persists. To disable these warnings, set -Dmaven.project.sourceRoots.warningsDisabled=true on the command line, in the .mvn/maven.config file, or in project POM properties.
2026-08-20 16:24:53,616 [Worker-23: Building] WARN  o.apache.maven.project.MavenProject - Direct modification of testCompileSourceRoots through add() is deprecated and will not work in Maven 4.0.0. Please use the add/remove methods instead. If you're using a plugin that causes this warning, please upgrade to the latest version and report an issue if the warning persists. To disable these warnings, set -Dmaven.project.sourceRoots.warningsDisabled=true on the command line, in the .mvn/maven.config file, or in project POM properties.
2026-08-20 16:26:39,475 [Worker-21: Building] INFO  o.a.m.s.f.DefaultMavenResourcesFiltering - Copying 0 resource from src\main\resources to target\classes
2026-08-20 16:26:39,477 [Worker-21: Building] INFO  o.a.m.s.f.DefaultMavenResourcesFiltering - Copying 0 resource from src\main\resources to target\classes
2026-08-20 16:26:39,494 [Worker-21: Building] INFO  o.a.m.s.f.DefaultMavenResourcesFiltering - skip non existing resourceDirectory C:\SOA\Skill3\loginmodule\src\test\resources
2026-08-20 16:26:39,511 [Worker-21: Building] WARN  Sisu - Error injecting: org.apache.maven.plugins.war.WarMojo
com.google.inject.ProvisionException: Unable to provision, see the following errors:

1) [Guice/ErrorInCustomProvider]: OutOfScopeException: Cannot access session scope outside of a scoping block
  at SessionScopeModule.configure(SessionScopeModule.java:55)
      \_ installed by: WireModule -> SessionScopeModule
  at WarMojo.<init>(WarMojo.java:142)
      \_ for 6th parameter
  while locating WarMojo

Learn more:
  https://github.com/google/guice/wiki/ERROR_IN_CUSTOM_PROVIDER

1 error

======================
Full classname legend:
======================
OutOfScopeException: "com.google.inject.OutOfScopeException"
SessionScopeModule:  "org.apache.maven.session.scope.internal.SessionScopeModule"
WarMojo:             "org.apache.maven.plugins.war.WarMojo"
WireModule:          "org.eclipse.sisu.wire.WireModule"
========================
End of classname legend:
========================

	at com.google.inject.internal.InternalProvisionException.toProvisionException(InternalProvisionException.java:251)
	at com.google.inject.internal.InjectorImpl$1.get(InjectorImpl.java:1104)
	at com.google.inject.internal.InjectorImpl.getInstance(InjectorImpl.java:1139)
	at org.eclipse.sisu.space.AbstractDeferredClass.get(AbstractDeferredClass.java:50)
	at com.google.inject.internal.ProviderInternalFactory.provision(ProviderInternalFactory.java:86)
	at com.google.inject.internal.InternalFactoryToInitializableAdapter.provision(InternalFactoryToInitializableAdapter.java:57)
	at com.google.inject.internal.ProviderInternalFactory$1.call(ProviderInternalFactory.java:67)
	at com.google.inject.internal.ProvisionListenerStackCallback$Provision.provision(ProvisionListenerStackCallback.java:109)
	at com.google.inject.internal.ProvisionListenerStackCallback$Provision.provision(ProvisionListenerStackCallback.java:124)
	at com.google.inject.internal.ProvisionListenerStackCallback.provision(ProvisionListenerStackCallback.java:66)
	at com.google.inject.internal.ProviderInternalFactory.circularGet(ProviderInternalFactory.java:62)
	at com.google.inject.internal.InternalFactoryToInitializableAdapter.get(InternalFactoryToInitializableAdapter.java:47)
	at com.google.inject.internal.InjectorImpl$1.get(InjectorImpl.java:1101)
	at org.eclipse.sisu.inject.Guice4$2.get(Guice4.java:235)
	at org.eclipse.sisu.inject.LazyBeanEntry.getValue(LazyBeanEntry.java:83)
	at org.eclipse.sisu.plexus.LazyPlexusBean.getValue(LazyPlexusBean.java:53)
	at org.codehaus.plexus.DefaultPlexusContainer.lookup(DefaultPlexusContainer.java:267)
	at org.codehaus.plexus.DefaultPlexusContainer.lookup(DefaultPlexusContainer.java:259)
	at org.apache.maven.plugin.internal.DefaultMavenPluginManager.getConfiguredMojo(DefaultMavenPluginManager.java:491)
	at org.eclipse.m2e.core.internal.embedder.MavenImpl.getConfiguredMojo(MavenImpl.java:215)
	at org.eclipse.m2e.mavenarchiver.internal.AbstractMavenArchiverConfigurator.reflectManifestGeneration(AbstractMavenArchiverConfigurator.java:439)
	at org.eclipse.m2e.mavenarchiver.internal.AbstractMavenArchiverConfigurator.lambda$3(AbstractMavenArchiverConfigurator.java:398)
	at org.eclipse.m2e.core.internal.embedder.MavenExecutionContext.executeBare(MavenExecutionContext.java:462)
	at org.eclipse.m2e.core.internal.embedder.MavenExecutionContext.execute(MavenExecutionContext.java:342)
	at org.eclipse.m2e.core.internal.embedder.MavenExecutionContext.execute(MavenExecutionContext.java:281)
	at org.eclipse.m2e.mavenarchiver.internal.AbstractMavenArchiverConfigurator.generateManifest(AbstractMavenArchiverConfigurator.java:371)
	at org.eclipse.m2e.mavenarchiver.internal.AbstractMavenArchiverConfigurator.mavenProjectChanged(AbstractMavenArchiverConfigurator.java:228)
	at org.eclipse.m2e.mavenarchiver.internal.AbstractMavenArchiverConfigurator$1.build(AbstractMavenArchiverConfigurator.java:178)
	at org.eclipse.m2e.core.internal.builder.MavenBuilderImpl.lambda$2(MavenBuilderImpl.java:159)
	at java.base/java.util.LinkedHashMap.forEach(LinkedHashMap.java:987)
	at org.eclipse.m2e.core.internal.builder.MavenBuilderImpl.build(MavenBuilderImpl.java:139)
	at org.eclipse.m2e.core.internal.builder.MavenBuilder$1.method(MavenBuilder.java:164)
	at org.eclipse.m2e.core.internal.builder.MavenBuilder$1.method(MavenBuilder.java:1)
	at org.eclipse.m2e.core.internal.builder.MavenBuilder$BuildMethod.lambda$1(MavenBuilder.java:109)
	at org.eclipse.m2e.core.internal.embedder.MavenExecutionContext.executeBare(MavenExecutionContext.java:462)
	at org.eclipse.m2e.core.internal.embedder.MavenExecutionContext.execute(MavenExecutionContext.java:295)
	at org.eclipse.m2e.core.internal.builder.MavenBuilder$BuildMethod.lambda$0(MavenBuilder.java:100)
	at org.eclipse.m2e.core.internal.embedder.MavenExecutionContext.executeBare(MavenExecutionContext.java:462)
	at org.eclipse.m2e.core.internal.embedder.MavenExecutionContext.execute(MavenExecutionContext.java:342)
	at org.eclipse.m2e.core.internal.embedder.MavenExecutionContext.execute(MavenExecutionContext.java:281)
	at org.eclipse.m2e.core.internal.builder.MavenBuilder$BuildMethod.execute(MavenBuilder.java:83)
	at org.eclipse.m2e.core.internal.builder.MavenBuilder.build(MavenBuilder.java:192)
	at org.eclipse.core.internal.events.BuildManager$2.run(BuildManager.java:1109)
	at org.eclipse.core.runtime.SafeRunner.run(SafeRunner.java:47)
	at org.eclipse.core.internal.events.BuildManager.basicBuild(BuildManager.java:299)
	at org.eclipse.core.internal.events.BuildManager.basicBuild(BuildManager.java:355)
	at org.eclipse.core.internal.events.BuildManager$1.run(BuildManager.java:449)
	at org.eclipse.core.runtime.SafeRunner.run(SafeRunner.java:47)
	at org.eclipse.core.internal.events.BuildManager.basicBuild(BuildManager.java:452)
	at org.eclipse.core.internal.events.BuildManager.basicBuildLoop(BuildManager.java:564)
	at org.eclipse.core.internal.events.BuildManager.basicBuildLoop(BuildManager.java:512)
	at org.eclipse.core.internal.events.BuildManager.build(BuildManager.java:594)
	at org.eclipse.core.internal.events.AutoBuildJob.doBuild(AutoBuildJob.java:208)
	at org.eclipse.core.internal.events.AutoBuildJob.run(AutoBuildJob.java:309)
	at org.eclipse.core.internal.jobs.Worker.run(Worker.java:63)
Caused by: com.google.inject.OutOfScopeException: Cannot access session scope outside of a scoping block
	at org.apache.maven.session.scope.internal.SessionScope.getScopeState(SessionScope.java:70)
	at org.apache.maven.session.scope.internal.SessionScope.lambda$scope$2(SessionScope.java:92)
	at com.google.inject.internal.InternalFactoryToProviderAdapter.get(InternalFactoryToProviderAdapter.java:45)
	at com.google.inject.internal.SingleParameterInjector.inject(SingleParameterInjector.java:40)
	at com.google.inject.internal.SingleParameterInjector.getAll(SingleParameterInjector.java:60)
	at com.google.inject.internal.ConstructorInjector.provision(ConstructorInjector.java:113)
	at com.google.inject.internal.ConstructorInjector.access$000(ConstructorInjector.java:33)
	at com.google.inject.internal.ConstructorInjector$1.call(ConstructorInjector.java:98)
	at com.google.inject.internal.ProvisionListenerStackCallback$Provision.provision(ProvisionListenerStackCallback.java:109)
	at com.google.inject.internal.ProvisionListenerStackCallback$Provision.provision(ProvisionListenerStackCallback.java:124)
	at com.google.inject.internal.ProvisionListenerStackCallback.provision(ProvisionListenerStackCallback.java:66)
	at com.google.inject.internal.ConstructorInjector.construct(ConstructorInjector.java:93)
	at com.google.inject.internal.ConstructorBindingImpl$Factory.get(ConstructorBindingImpl.java:300)
	at com.google.inject.internal.InjectorImpl$1.get(InjectorImpl.java:1101)
	... 53 common frames omitted
2026-08-20 16:26:39,517 [Worker-21: Building] WARN  o.apache.maven.project.MavenProject - Direct modification of compileSourceRoots through clear() is deprecated and will not work in Maven 4.0.0. Please use the add/remove methods instead. If you're using a plugin that causes this warning, please upgrade to the latest version and report an issue if the warning persists. To disable these warnings, set -Dmaven.project.sourceRoots.warningsDisabled=true on the command line, in the .mvn/maven.config file, or in project POM properties.
2026-08-20 16:26:39,518 [Worker-21: Building] WARN  o.apache.maven.project.MavenProject - Direct modification of compileSourceRoots through add() is deprecated and will not work in Maven 4.0.0. Please use the add/remove methods instead. If you're using a plugin that causes this warning, please upgrade to the latest version and report an issue if the warning persists. To disable these warnings, set -Dmaven.project.sourceRoots.warningsDisabled=true on the command line, in the .mvn/maven.config file, or in project POM properties.
2026-08-20 16:26:39,519 [Worker-21: Building] WARN  o.apache.maven.project.MavenProject - Direct modification of testCompileSourceRoots through clear() is deprecated and will not work in Maven 4.0.0. Please use the add/remove methods instead. If you're using a plugin that causes this warning, please upgrade to the latest version and report an issue if the warning persists. To disable these warnings, set -Dmaven.project.sourceRoots.warningsDisabled=true on the command line, in the .mvn/maven.config file, or in project POM properties.
2026-08-20 16:26:39,520 [Worker-21: Building] WARN  o.apache.maven.project.MavenProject - Direct modification of testCompileSourceRoots through add() is deprecated and will not work in Maven 4.0.0. Please use the add/remove methods instead. If you're using a plugin that causes this warning, please upgrade to the latest version and report an issue if the warning persists. To disable these warnings, set -Dmaven.project.sourceRoots.warningsDisabled=true on the command line, in the .mvn/maven.config file, or in project POM properties.
2026-08-20 16:33:00,907 [Worker-25: Launching loginmodule - LoginmoduleApplication] INFO  o.a.m.s.f.DefaultMavenResourcesFiltering - Copying 0 resource from src\main\resources to target\classes
2026-08-20 16:33:00,908 [Worker-25: Launching loginmodule - LoginmoduleApplication] INFO  o.a.m.s.f.DefaultMavenResourcesFiltering - Copying 0 resource from src\main\resources to target\classes
2026-08-20 16:33:00,911 [Worker-25: Launching loginmodule - LoginmoduleApplication] INFO  o.a.m.s.f.DefaultMavenResourcesFiltering - skip non existing resourceDirectory C:\SOA\Skill3\loginmodule\src\test\resources
2026-08-20 16:33:00,919 [Worker-25: Launching loginmodule - LoginmoduleApplication] WARN  Sisu - Error injecting: org.apache.maven.plugins.war.WarMojo
com.google.inject.ProvisionException: Unable to provision, see the following errors:

1) [Guice/ErrorInCustomProvider]: OutOfScopeException: Cannot access session scope outside of a scoping block
  at SessionScopeModule.configure(SessionScopeModule.java:55)
      \_ installed by: WireModule -> SessionScopeModule
  at WarMojo.<init>(WarMojo.java:142)
      \_ for 6th parameter
  while locating WarMojo

Learn more:
  https://github.com/google/guice/wiki/ERROR_IN_CUSTOM_PROVIDER

1 error

======================
Full classname legend:
======================
OutOfScopeException: "com.google.inject.OutOfScopeException"
SessionScopeModule:  "org.apache.maven.session.scope.internal.SessionScopeModule"
WarMojo:             "org.apache.maven.plugins.war.WarMojo"
WireModule:          "org.eclipse.sisu.wire.WireModule"
========================
End of classname legend:
========================

	at com.google.inject.internal.InternalProvisionException.toProvisionException(InternalProvisionException.java:251)
	at com.google.inject.internal.InjectorImpl$1.get(InjectorImpl.java:1104)
	at com.google.inject.internal.InjectorImpl.getInstance(InjectorImpl.java:1139)
	at org.eclipse.sisu.space.AbstractDeferredClass.get(AbstractDeferredClass.java:50)
	at com.google.inject.internal.ProviderInternalFactory.provision(ProviderInternalFactory.java:86)
	at com.google.inject.internal.InternalFactoryToInitializableAdapter.provision(InternalFactoryToInitializableAdapter.java:57)
	at com.google.inject.internal.ProviderInternalFactory$1.call(ProviderInternalFactory.java:67)
	at com.google.inject.internal.ProvisionListenerStackCallback$Provision.provision(ProvisionListenerStackCallback.java:109)
	at com.google.inject.internal.ProvisionListenerStackCallback$Provision.provision(ProvisionListenerStackCallback.java:124)
	at com.google.inject.internal.ProvisionListenerStackCallback.provision(ProvisionListenerStackCallback.java:66)
	at com.google.inject.internal.ProviderInternalFactory.circularGet(ProviderInternalFactory.java:62)
	at com.google.inject.internal.InternalFactoryToInitializableAdapter.get(InternalFactoryToInitializableAdapter.java:47)
	at com.google.inject.internal.InjectorImpl$1.get(InjectorImpl.java:1101)
	at org.eclipse.sisu.inject.Guice4$2.get(Guice4.java:235)
	at org.eclipse.sisu.inject.LazyBeanEntry.getValue(LazyBeanEntry.java:83)
	at org.eclipse.sisu.plexus.LazyPlexusBean.getValue(LazyPlexusBean.java:53)
	at org.codehaus.plexus.DefaultPlexusContainer.lookup(DefaultPlexusContainer.java:267)
	at org.codehaus.plexus.DefaultPlexusContainer.lookup(DefaultPlexusContainer.java:259)
	at org.apache.maven.plugin.internal.DefaultMavenPluginManager.getConfiguredMojo(DefaultMavenPluginManager.java:491)
	at org.eclipse.m2e.core.internal.embedder.MavenImpl.getConfiguredMojo(MavenImpl.java:215)
	at org.eclipse.m2e.mavenarchiver.internal.AbstractMavenArchiverConfigurator.reflectManifestGeneration(AbstractMavenArchiverConfigurator.java:439)
	at org.eclipse.m2e.mavenarchiver.internal.AbstractMavenArchiverConfigurator.lambda$3(AbstractMavenArchiverConfigurator.java:398)
	at org.eclipse.m2e.core.internal.embedder.MavenExecutionContext.executeBare(MavenExecutionContext.java:462)
	at org.eclipse.m2e.core.internal.embedder.MavenExecutionContext.execute(MavenExecutionContext.java:342)
	at org.eclipse.m2e.core.internal.embedder.MavenExecutionContext.execute(MavenExecutionContext.java:281)
	at org.eclipse.m2e.mavenarchiver.internal.AbstractMavenArchiverConfigurator.generateManifest(AbstractMavenArchiverConfigurator.java:371)
	at org.eclipse.m2e.mavenarchiver.internal.AbstractMavenArchiverConfigurator.mavenProjectChanged(AbstractMavenArchiverConfigurator.java:228)
	at org.eclipse.m2e.mavenarchiver.internal.AbstractMavenArchiverConfigurator$1.build(AbstractMavenArchiverConfigurator.java:178)
	at org.eclipse.m2e.core.internal.builder.MavenBuilderImpl.lambda$2(MavenBuilderImpl.java:159)
	at java.base/java.util.LinkedHashMap.forEach(LinkedHashMap.java:987)
	at org.eclipse.m2e.core.internal.builder.MavenBuilderImpl.build(MavenBuilderImpl.java:139)
	at org.eclipse.m2e.core.internal.builder.MavenBuilder$1.method(MavenBuilder.java:164)
	at org.eclipse.m2e.core.internal.builder.MavenBuilder$1.method(MavenBuilder.java:1)
	at org.eclipse.m2e.core.internal.builder.MavenBuilder$BuildMethod.lambda$1(MavenBuilder.java:109)
	at org.eclipse.m2e.core.internal.embedder.MavenExecutionContext.executeBare(MavenExecutionContext.java:462)
	at org.eclipse.m2e.core.internal.embedder.MavenExecutionContext.execute(MavenExecutionContext.java:295)
	at org.eclipse.m2e.core.internal.builder.MavenBuilder$BuildMethod.lambda$0(MavenBuilder.java:100)
	at org.eclipse.m2e.core.internal.embedder.MavenExecutionContext.executeBare(MavenExecutionContext.java:462)
	at org.eclipse.m2e.core.internal.embedder.MavenExecutionContext.execute(MavenExecutionContext.java:342)
	at org.eclipse.m2e.core.internal.embedder.MavenExecutionContext.execute(MavenExecutionContext.java:281)
	at org.eclipse.m2e.core.internal.builder.MavenBuilder$BuildMethod.execute(MavenBuilder.java:83)
	at org.eclipse.m2e.core.internal.builder.MavenBuilder.build(MavenBuilder.java:192)
	at org.eclipse.core.internal.events.BuildManager$2.run(BuildManager.java:1109)
	at org.eclipse.core.runtime.SafeRunner.run(SafeRunner.java:47)
	at org.eclipse.core.internal.events.BuildManager.basicBuild(BuildManager.java:299)
	at org.eclipse.core.internal.events.BuildManager.basicBuild(BuildManager.java:355)
	at org.eclipse.core.internal.events.BuildManager$1.run(BuildManager.java:449)
	at org.eclipse.core.runtime.SafeRunner.run(SafeRunner.java:47)
	at org.eclipse.core.internal.events.BuildManager.basicBuild(BuildManager.java:452)
	at org.eclipse.core.internal.events.BuildManager.basicBuild(BuildManager.java:406)
	at org.eclipse.core.internal.events.BuildManager.build(BuildManager.java:677)
	at org.eclipse.core.internal.resources.Project$1.run(Project.java:630)
	at org.eclipse.core.internal.resources.Workspace.run(Workspace.java:2505)
	at org.eclipse.core.internal.resources.Project.internalBuild(Project.java:670)
	at org.eclipse.core.internal.resources.Project.build(Project.java:158)
	at org.eclipse.debug.core.model.LaunchConfigurationDelegate.lambda$0(LaunchConfigurationDelegate.java:415)
	at org.eclipse.core.internal.resources.Workspace.run(Workspace.java:2505)
	at org.eclipse.core.internal.resources.Workspace.run(Workspace.java:2528)
	at org.eclipse.debug.core.model.LaunchConfigurationDelegate.buildProjects(LaunchConfigurationDelegate.java:421)
	at org.eclipse.debug.core.model.LaunchConfigurationDelegate.buildForLaunch(LaunchConfigurationDelegate.java:122)
	at org.eclipse.debug.internal.core.LaunchConfiguration.launch(LaunchConfiguration.java:753)
	at org.eclipse.debug.internal.core.LaunchConfiguration.launch(LaunchConfiguration.java:689)
	at org.eclipse.debug.internal.ui.DebugUIPlugin.buildAndLaunch(DebugUIPlugin.java:1052)
	at org.eclipse.debug.internal.ui.DebugUIPlugin$1.run(DebugUIPlugin.java:1254)
	at org.eclipse.core.internal.jobs.Worker.run(Worker.java:63)
Caused by: com.google.inject.OutOfScopeException: Cannot access session scope outside of a scoping block
	at org.apache.maven.session.scope.internal.SessionScope.getScopeState(SessionScope.java:70)
	at org.apache.maven.session.scope.internal.SessionScope.lambda$scope$2(SessionScope.java:92)
	at com.google.inject.internal.InternalFactoryToProviderAdapter.get(InternalFactoryToProviderAdapter.java:45)
	at com.google.inject.internal.SingleParameterInjector.inject(SingleParameterInjector.java:40)
	at com.google.inject.internal.SingleParameterInjector.getAll(SingleParameterInjector.java:60)
	at com.google.inject.internal.ConstructorInjector.provision(ConstructorInjector.java:113)
	at com.google.inject.internal.ConstructorInjector.access$000(ConstructorInjector.java:33)
	at com.google.inject.internal.ConstructorInjector$1.call(ConstructorInjector.java:98)
	at com.google.inject.internal.ProvisionListenerStackCallback$Provision.provision(ProvisionListenerStackCallback.java:109)
	at com.google.inject.internal.ProvisionListenerStackCallback$Provision.provision(ProvisionListenerStackCallback.java:124)
	at com.google.inject.internal.ProvisionListenerStackCallback.provision(ProvisionListenerStackCallback.java:66)
	at com.google.inject.internal.ConstructorInjector.construct(ConstructorInjector.java:93)
	at com.google.inject.internal.ConstructorBindingImpl$Factory.get(ConstructorBindingImpl.java:300)
	at com.google.inject.internal.InjectorImpl$1.get(InjectorImpl.java:1101)
	... 63 common frames omitted
2026-08-20 16:33:00,938 [Worker-25: Launching loginmodule - LoginmoduleApplication] WARN  o.apache.maven.project.MavenProject - Direct modification of compileSourceRoots through clear() is deprecated and will not work in Maven 4.0.0. Please use the add/remove methods instead. If you're using a plugin that causes this warning, please upgrade to the latest version and report an issue if the warning persists. To disable these warnings, set -Dmaven.project.sourceRoots.warningsDisabled=true on the command line, in the .mvn/maven.config file, or in project POM properties.
2026-08-20 16:33:00,939 [Worker-25: Launching loginmodule - LoginmoduleApplication] WARN  o.apache.maven.project.MavenProject - Direct modification of compileSourceRoots through add() is deprecated and will not work in Maven 4.0.0. Please use the add/remove methods instead. If you're using a plugin that causes this warning, please upgrade to the latest version and report an issue if the warning persists. To disable these warnings, set -Dmaven.project.sourceRoots.warningsDisabled=true on the command line, in the .mvn/maven.config file, or in project POM properties.
2026-08-20 16:33:00,939 [Worker-25: Launching loginmodule - LoginmoduleApplication] WARN  o.apache.maven.project.MavenProject - Direct modification of testCompileSourceRoots through clear() is deprecated and will not work in Maven 4.0.0. Please use the add/remove methods instead. If you're using a plugin that causes this warning, please upgrade to the latest version and report an issue if the warning persists. To disable these warnings, set -Dmaven.project.sourceRoots.warningsDisabled=true on the command line, in the .mvn/maven.config file, or in project POM properties.
2026-08-20 16:33:00,941 [Worker-25: Launching loginmodule - LoginmoduleApplication] WARN  o.apache.maven.project.MavenProject - Direct modification of testCompileSourceRoots through add() is deprecated and will not work in Maven 4.0.0. Please use the add/remove methods instead. If you're using a plugin that causes this warning, please upgrade to the latest version and report an issue if the warning persists. To disable these warnings, set -Dmaven.project.sourceRoots.warningsDisabled=true on the command line, in the .mvn/maven.config file, or in project POM properties.
2026-08-20 16:34:51,599 [Worker-30: Launching signupmodule - SignupmoduleApplication] INFO  o.a.m.s.f.DefaultMavenResourcesFiltering - Copying 0 resource from src\main\resources to target\classes
2026-08-20 16:34:51,600 [Worker-30: Launching signupmodule - SignupmoduleApplication] INFO  o.a.m.s.f.DefaultMavenResourcesFiltering - Copying 0 resource from src\main\resources to target\classes
2026-08-20 16:34:51,602 [Worker-30: Launching signupmodule - SignupmoduleApplication] INFO  o.a.m.s.f.DefaultMavenResourcesFiltering - skip non existing resourceDirectory C:\SOA\Skill3\signupmodule\src\test\resources
2026-08-20 16:34:51,610 [Worker-30: Launching signupmodule - SignupmoduleApplication] WARN  Sisu - Error injecting: org.apache.maven.plugins.war.WarMojo
com.google.inject.ProvisionException: Unable to provision, see the following errors:

1) [Guice/ErrorInCustomProvider]: OutOfScopeException: Cannot access session scope outside of a scoping block
  at SessionScopeModule.configure(SessionScopeModule.java:55)
      \_ installed by: WireModule -> SessionScopeModule
  at WarMojo.<init>(WarMojo.java:142)
      \_ for 6th parameter
  while locating WarMojo

Learn more:
  https://github.com/google/guice/wiki/ERROR_IN_CUSTOM_PROVIDER

1 error

======================
Full classname legend:
======================
OutOfScopeException: "com.google.inject.OutOfScopeException"
SessionScopeModule:  "org.apache.maven.session.scope.internal.SessionScopeModule"
WarMojo:             "org.apache.maven.plugins.war.WarMojo"
WireModule:          "org.eclipse.sisu.wire.WireModule"
========================
End of classname legend:
========================

	at com.google.inject.internal.InternalProvisionException.toProvisionException(InternalProvisionException.java:251)
	at com.google.inject.internal.InjectorImpl$1.get(InjectorImpl.java:1104)
	at com.google.inject.internal.InjectorImpl.getInstance(InjectorImpl.java:1139)
	at org.eclipse.sisu.space.AbstractDeferredClass.get(AbstractDeferredClass.java:50)
	at com.google.inject.internal.ProviderInternalFactory.provision(ProviderInternalFactory.java:86)
	at com.google.inject.internal.InternalFactoryToInitializableAdapter.provision(InternalFactoryToInitializableAdapter.java:57)
	at com.google.inject.internal.ProviderInternalFactory$1.call(ProviderInternalFactory.java:67)
	at com.google.inject.internal.ProvisionListenerStackCallback$Provision.provision(ProvisionListenerStackCallback.java:109)
	at com.google.inject.internal.ProvisionListenerStackCallback$Provision.provision(ProvisionListenerStackCallback.java:124)
	at com.google.inject.internal.ProvisionListenerStackCallback.provision(ProvisionListenerStackCallback.java:66)
	at com.google.inject.internal.ProviderInternalFactory.circularGet(ProviderInternalFactory.java:62)
	at com.google.inject.internal.InternalFactoryToInitializableAdapter.get(InternalFactoryToInitializableAdapter.java:47)
	at com.google.inject.internal.InjectorImpl$1.get(InjectorImpl.java:1101)
	at org.eclipse.sisu.inject.Guice4$2.get(Guice4.java:235)
	at org.eclipse.sisu.inject.LazyBeanEntry.getValue(LazyBeanEntry.java:83)
	at org.eclipse.sisu.plexus.LazyPlexusBean.getValue(LazyPlexusBean.java:53)
	at org.codehaus.plexus.DefaultPlexusContainer.lookup(DefaultPlexusContainer.java:267)
	at org.codehaus.plexus.DefaultPlexusContainer.lookup(DefaultPlexusContainer.java:259)
	at org.apache.maven.plugin.internal.DefaultMavenPluginManager.getConfiguredMojo(DefaultMavenPluginManager.java:491)
	at org.eclipse.m2e.core.internal.embedder.MavenImpl.getConfiguredMojo(MavenImpl.java:215)
	at org.eclipse.m2e.mavenarchiver.internal.AbstractMavenArchiverConfigurator.reflectManifestGeneration(AbstractMavenArchiverConfigurator.java:439)
	at org.eclipse.m2e.mavenarchiver.internal.AbstractMavenArchiverConfigurator.lambda$3(AbstractMavenArchiverConfigurator.java:398)
	at org.eclipse.m2e.core.internal.embedder.MavenExecutionContext.executeBare(MavenExecutionContext.java:462)
	at org.eclipse.m2e.core.internal.embedder.MavenExecutionContext.execute(MavenExecutionContext.java:342)
	at org.eclipse.m2e.core.internal.embedder.MavenExecutionContext.execute(MavenExecutionContext.java:281)
	at org.eclipse.m2e.mavenarchiver.internal.AbstractMavenArchiverConfigurator.generateManifest(AbstractMavenArchiverConfigurator.java:371)
	at org.eclipse.m2e.mavenarchiver.internal.AbstractMavenArchiverConfigurator.mavenProjectChanged(AbstractMavenArchiverConfigurator.java:228)
	at org.eclipse.m2e.mavenarchiver.internal.AbstractMavenArchiverConfigurator$1.build(AbstractMavenArchiverConfigurator.java:178)
	at org.eclipse.m2e.core.internal.builder.MavenBuilderImpl.lambda$2(MavenBuilderImpl.java:159)
	at java.base/java.util.LinkedHashMap.forEach(LinkedHashMap.java:987)
	at org.eclipse.m2e.core.internal.builder.MavenBuilderImpl.build(MavenBuilderImpl.java:139)
	at org.eclipse.m2e.core.internal.builder.MavenBuilder$1.method(MavenBuilder.java:164)
	at org.eclipse.m2e.core.internal.builder.MavenBuilder$1.method(MavenBuilder.java:1)
	at org.eclipse.m2e.core.internal.builder.MavenBuilder$BuildMethod.lambda$1(MavenBuilder.java:109)
	at org.eclipse.m2e.core.internal.embedder.MavenExecutionContext.executeBare(MavenExecutionContext.java:462)
	at org.eclipse.m2e.core.internal.embedder.MavenExecutionContext.execute(MavenExecutionContext.java:295)
	at org.eclipse.m2e.core.internal.builder.MavenBuilder$BuildMethod.lambda$0(MavenBuilder.java:100)
	at org.eclipse.m2e.core.internal.embedder.MavenExecutionContext.executeBare(MavenExecutionContext.java:462)
	at org.eclipse.m2e.core.internal.embedder.MavenExecutionContext.execute(MavenExecutionContext.java:342)
	at org.eclipse.m2e.core.internal.embedder.MavenExecutionContext.execute(MavenExecutionContext.java:281)
	at org.eclipse.m2e.core.internal.builder.MavenBuilder$BuildMethod.execute(MavenBuilder.java:83)
	at org.eclipse.m2e.core.internal.builder.MavenBuilder.build(MavenBuilder.java:192)
	at org.eclipse.core.internal.events.BuildManager$2.run(BuildManager.java:1109)
	at org.eclipse.core.runtime.SafeRunner.run(SafeRunner.java:47)
	at org.eclipse.core.internal.events.BuildManager.basicBuild(BuildManager.java:299)
	at org.eclipse.core.internal.events.BuildManager.basicBuild(BuildManager.java:355)
	at org.eclipse.core.internal.events.BuildManager$1.run(BuildManager.java:449)
	at org.eclipse.core.runtime.SafeRunner.run(SafeRunner.java:47)
	at org.eclipse.core.internal.events.BuildManager.basicBuild(BuildManager.java:452)
	at org.eclipse.core.internal.events.BuildManager.basicBuild(BuildManager.java:406)
	at org.eclipse.core.internal.events.BuildManager.build(BuildManager.java:677)
	at org.eclipse.core.internal.resources.Project$1.run(Project.java:630)
	at org.eclipse.core.internal.resources.Workspace.run(Workspace.java:2505)
	at org.eclipse.core.internal.resources.Project.internalBuild(Project.java:670)
	at org.eclipse.core.internal.resources.Project.build(Project.java:158)
	at org.eclipse.debug.core.model.LaunchConfigurationDelegate.lambda$0(LaunchConfigurationDelegate.java:415)
	at org.eclipse.core.internal.resources.Workspace.run(Workspace.java:2505)
	at org.eclipse.core.internal.resources.Workspace.run(Workspace.java:2528)
	at org.eclipse.debug.core.model.LaunchConfigurationDelegate.buildProjects(LaunchConfigurationDelegate.java:421)
	at org.eclipse.debug.core.model.LaunchConfigurationDelegate.buildForLaunch(LaunchConfigurationDelegate.java:122)
	at org.eclipse.debug.internal.core.LaunchConfiguration.launch(LaunchConfiguration.java:753)
	at org.eclipse.debug.internal.core.LaunchConfiguration.launch(LaunchConfiguration.java:689)
	at org.eclipse.debug.internal.ui.DebugUIPlugin.buildAndLaunch(DebugUIPlugin.java:1052)
	at org.eclipse.debug.internal.ui.DebugUIPlugin$1.run(DebugUIPlugin.java:1254)
	at org.eclipse.core.internal.jobs.Worker.run(Worker.java:63)
Caused by: com.google.inject.OutOfScopeException: Cannot access session scope outside of a scoping block
	at org.apache.maven.session.scope.internal.SessionScope.getScopeState(SessionScope.java:70)
	at org.apache.maven.session.scope.internal.SessionScope.lambda$scope$2(SessionScope.java:92)
	at com.google.inject.internal.InternalFactoryToProviderAdapter.get(InternalFactoryToProviderAdapter.java:45)
	at com.google.inject.internal.SingleParameterInjector.inject(SingleParameterInjector.java:40)
	at com.google.inject.internal.SingleParameterInjector.getAll(SingleParameterInjector.java:60)
	at com.google.inject.internal.ConstructorInjector.provision(ConstructorInjector.java:113)
	at com.google.inject.internal.ConstructorInjector.access$000(ConstructorInjector.java:33)
	at com.google.inject.internal.ConstructorInjector$1.call(ConstructorInjector.java:98)
	at com.google.inject.internal.ProvisionListenerStackCallback$Provision.provision(ProvisionListenerStackCallback.java:109)
	at com.google.inject.internal.ProvisionListenerStackCallback$Provision.provision(ProvisionListenerStackCallback.java:124)
	at com.google.inject.internal.ProvisionListenerStackCallback.provision(ProvisionListenerStackCallback.java:66)
	at com.google.inject.internal.ConstructorInjector.construct(ConstructorInjector.java:93)
	at com.google.inject.internal.ConstructorBindingImpl$Factory.get(ConstructorBindingImpl.java:300)
	at com.google.inject.internal.InjectorImpl$1.get(InjectorImpl.java:1101)
	... 63 common frames omitted
2026-08-20 16:34:51,614 [Worker-30: Launching signupmodule - SignupmoduleApplication] WARN  o.apache.maven.project.MavenProject - Direct modification of compileSourceRoots through clear() is deprecated and will not work in Maven 4.0.0. Please use the add/remove methods instead. If you're using a plugin that causes this warning, please upgrade to the latest version and report an issue if the warning persists. To disable these warnings, set -Dmaven.project.sourceRoots.warningsDisabled=true on the command line, in the .mvn/maven.config file, or in project POM properties.
2026-08-20 16:34:51,614 [Worker-30: Launching signupmodule - SignupmoduleApplication] WARN  o.apache.maven.project.MavenProject - Direct modification of compileSourceRoots through add() is deprecated and will not work in Maven 4.0.0. Please use the add/remove methods instead. If you're using a plugin that causes this warning, please upgrade to the latest version and report an issue if the warning persists. To disable these warnings, set -Dmaven.project.sourceRoots.warningsDisabled=true on the command line, in the .mvn/maven.config file, or in project POM properties.
2026-08-20 16:34:51,615 [Worker-30: Launching signupmodule - SignupmoduleApplication] WARN  o.apache.maven.project.MavenProject - Direct modification of testCompileSourceRoots through clear() is deprecated and will not work in Maven 4.0.0. Please use the add/remove methods instead. If you're using a plugin that causes this warning, please upgrade to the latest version and report an issue if the warning persists. To disable these warnings, set -Dmaven.project.sourceRoots.warningsDisabled=true on the command line, in the .mvn/maven.config file, or in project POM properties.
2026-08-20 16:34:51,615 [Worker-30: Launching signupmodule - SignupmoduleApplication] WARN  o.apache.maven.project.MavenProject - Direct modification of testCompileSourceRoots through add() is deprecated and will not work in Maven 4.0.0. Please use the add/remove methods instead. If you're using a plugin that causes this warning, please upgrade to the latest version and report an issue if the warning persists. To disable these warnings, set -Dmaven.project.sourceRoots.warningsDisabled=true on the command line, in the .mvn/maven.config file, or in project POM properties.
2026-08-20 16:51:20,548 [Worker-29: Building] INFO  o.a.m.s.f.DefaultMavenResourcesFiltering - Copying 0 resource from src\main\resources to target\classes
2026-08-20 16:51:20,550 [Worker-29: Building] INFO  o.a.m.s.f.DefaultMavenResourcesFiltering - Copying 0 resource from src\main\resources to target\classes
2026-08-20 16:51:20,552 [Worker-29: Building] INFO  o.a.m.s.f.DefaultMavenResourcesFiltering - skip non existing resourceDirectory C:\SOA\Skill3\loginmodule\src\test\resources
2026-08-20 16:51:20,559 [Worker-29: Building] WARN  Sisu - Error injecting: org.apache.maven.plugins.war.WarMojo
com.google.inject.ProvisionException: Unable to provision, see the following errors:

1) [Guice/ErrorInCustomProvider]: OutOfScopeException: Cannot access session scope outside of a scoping block
  at SessionScopeModule.configure(SessionScopeModule.java:55)
      \_ installed by: WireModule -> SessionScopeModule
  at WarMojo.<init>(WarMojo.java:142)
      \_ for 6th parameter
  while locating WarMojo

Learn more:
  https://github.com/google/guice/wiki/ERROR_IN_CUSTOM_PROVIDER

1 error

======================
Full classname legend:
======================
OutOfScopeException: "com.google.inject.OutOfScopeException"
SessionScopeModule:  "org.apache.maven.session.scope.internal.SessionScopeModule"
WarMojo:             "org.apache.maven.plugins.war.WarMojo"
WireModule:          "org.eclipse.sisu.wire.WireModule"
========================
End of classname legend:
========================

	at com.google.inject.internal.InternalProvisionException.toProvisionException(InternalProvisionException.java:251)
	at com.google.inject.internal.InjectorImpl$1.get(InjectorImpl.java:1104)
	at com.google.inject.internal.InjectorImpl.getInstance(InjectorImpl.java:1139)
	at org.eclipse.sisu.space.AbstractDeferredClass.get(AbstractDeferredClass.java:50)
	at com.google.inject.internal.ProviderInternalFactory.provision(ProviderInternalFactory.java:86)
	at com.google.inject.internal.InternalFactoryToInitializableAdapter.provision(InternalFactoryToInitializableAdapter.java:57)
	at com.google.inject.internal.ProviderInternalFactory$1.call(ProviderInternalFactory.java:67)
	at com.google.inject.internal.ProvisionListenerStackCallback$Provision.provision(ProvisionListenerStackCallback.java:109)
	at com.google.inject.internal.ProvisionListenerStackCallback$Provision.provision(ProvisionListenerStackCallback.java:124)
	at com.google.inject.internal.ProvisionListenerStackCallback.provision(ProvisionListenerStackCallback.java:66)
	at com.google.inject.internal.ProviderInternalFactory.circularGet(ProviderInternalFactory.java:62)
	at com.google.inject.internal.InternalFactoryToInitializableAdapter.get(InternalFactoryToInitializableAdapter.java:47)
	at com.google.inject.internal.InjectorImpl$1.get(InjectorImpl.java:1101)
	at org.eclipse.sisu.inject.Guice4$2.get(Guice4.java:235)
	at org.eclipse.sisu.inject.LazyBeanEntry.getValue(LazyBeanEntry.java:83)
	at org.eclipse.sisu.plexus.LazyPlexusBean.getValue(LazyPlexusBean.java:53)
	at org.codehaus.plexus.DefaultPlexusContainer.lookup(DefaultPlexusContainer.java:267)
	at org.codehaus.plexus.DefaultPlexusContainer.lookup(DefaultPlexusContainer.java:259)
	at org.apache.maven.plugin.internal.DefaultMavenPluginManager.getConfiguredMojo(DefaultMavenPluginManager.java:491)
	at org.eclipse.m2e.core.internal.embedder.MavenImpl.getConfiguredMojo(MavenImpl.java:215)
	at org.eclipse.m2e.mavenarchiver.internal.AbstractMavenArchiverConfigurator.reflectManifestGeneration(AbstractMavenArchiverConfigurator.java:439)
	at org.eclipse.m2e.mavenarchiver.internal.AbstractMavenArchiverConfigurator.lambda$3(AbstractMavenArchiverConfigurator.java:398)
	at org.eclipse.m2e.core.internal.embedder.MavenExecutionContext.executeBare(MavenExecutionContext.java:462)
	at org.eclipse.m2e.core.internal.embedder.MavenExecutionContext.execute(MavenExecutionContext.java:342)
	at org.eclipse.m2e.core.internal.embedder.MavenExecutionContext.execute(MavenExecutionContext.java:281)
	at org.eclipse.m2e.mavenarchiver.internal.AbstractMavenArchiverConfigurator.generateManifest(AbstractMavenArchiverConfigurator.java:371)
	at org.eclipse.m2e.mavenarchiver.internal.AbstractMavenArchiverConfigurator.mavenProjectChanged(AbstractMavenArchiverConfigurator.java:228)
	at org.eclipse.m2e.mavenarchiver.internal.AbstractMavenArchiverConfigurator$1.build(AbstractMavenArchiverConfigurator.java:178)
	at org.eclipse.m2e.core.internal.builder.MavenBuilderImpl.lambda$2(MavenBuilderImpl.java:159)
	at java.base/java.util.LinkedHashMap.forEach(LinkedHashMap.java:987)
	at org.eclipse.m2e.core.internal.builder.MavenBuilderImpl.build(MavenBuilderImpl.java:139)
	at org.eclipse.m2e.core.internal.builder.MavenBuilder$1.method(MavenBuilder.java:164)
	at org.eclipse.m2e.core.internal.builder.MavenBuilder$1.method(MavenBuilder.java:1)
	at org.eclipse.m2e.core.internal.builder.MavenBuilder$BuildMethod.lambda$1(MavenBuilder.java:109)
	at org.eclipse.m2e.core.internal.embedder.MavenExecutionContext.executeBare(MavenExecutionContext.java:462)
	at org.eclipse.m2e.core.internal.embedder.MavenExecutionContext.execute(MavenExecutionContext.java:295)
	at org.eclipse.m2e.core.internal.builder.MavenBuilder$BuildMethod.lambda$0(MavenBuilder.java:100)
	at org.eclipse.m2e.core.internal.embedder.MavenExecutionContext.executeBare(MavenExecutionContext.java:462)
	at org.eclipse.m2e.core.internal.embedder.MavenExecutionContext.execute(MavenExecutionContext.java:342)
	at org.eclipse.m2e.core.internal.embedder.MavenExecutionContext.execute(MavenExecutionContext.java:281)
	at org.eclipse.m2e.core.internal.builder.MavenBuilder$BuildMethod.execute(MavenBuilder.java:83)
	at org.eclipse.m2e.core.internal.builder.MavenBuilder.build(MavenBuilder.java:192)
	at org.eclipse.core.internal.events.BuildManager$2.run(BuildManager.java:1109)
	at org.eclipse.core.runtime.SafeRunner.run(SafeRunner.java:47)
	at org.eclipse.core.internal.events.BuildManager.basicBuild(BuildManager.java:299)
	at org.eclipse.core.internal.events.BuildManager.basicBuild(BuildManager.java:355)
	at org.eclipse.core.internal.events.BuildManager$1.run(BuildManager.java:449)
	at org.eclipse.core.runtime.SafeRunner.run(SafeRunner.java:47)
	at org.eclipse.core.internal.events.BuildManager.basicBuild(BuildManager.java:452)
	at org.eclipse.core.internal.events.BuildManager.basicBuildLoop(BuildManager.java:564)
	at org.eclipse.core.internal.events.BuildManager.basicBuildLoop(BuildManager.java:512)
	at org.eclipse.core.internal.events.BuildManager.build(BuildManager.java:594)
	at org.eclipse.core.internal.events.AutoBuildJob.doBuild(AutoBuildJob.java:208)
	at org.eclipse.core.internal.events.AutoBuildJob.run(AutoBuildJob.java:309)
	at org.eclipse.core.internal.jobs.Worker.run(Worker.java:63)
Caused by: com.google.inject.OutOfScopeException: Cannot access session scope outside of a scoping block
	at org.apache.maven.session.scope.internal.SessionScope.getScopeState(SessionScope.java:70)
	at org.apache.maven.session.scope.internal.SessionScope.lambda$scope$2(SessionScope.java:92)
	at com.google.inject.internal.InternalFactoryToProviderAdapter.get(InternalFactoryToProviderAdapter.java:45)
	at com.google.inject.internal.SingleParameterInjector.inject(SingleParameterInjector.java:40)
	at com.google.inject.internal.SingleParameterInjector.getAll(SingleParameterInjector.java:60)
	at com.google.inject.internal.ConstructorInjector.provision(ConstructorInjector.java:113)
	at com.google.inject.internal.ConstructorInjector.access$000(ConstructorInjector.java:33)
	at com.google.inject.internal.ConstructorInjector$1.call(ConstructorInjector.java:98)
	at com.google.inject.internal.ProvisionListenerStackCallback$Provision.provision(ProvisionListenerStackCallback.java:109)
	at com.google.inject.internal.ProvisionListenerStackCallback$Provision.provision(ProvisionListenerStackCallback.java:124)
	at com.google.inject.internal.ProvisionListenerStackCallback.provision(ProvisionListenerStackCallback.java:66)
	at com.google.inject.internal.ConstructorInjector.construct(ConstructorInjector.java:93)
	at com.google.inject.internal.ConstructorBindingImpl$Factory.get(ConstructorBindingImpl.java:300)
	at com.google.inject.internal.InjectorImpl$1.get(InjectorImpl.java:1101)
	... 53 common frames omitted
2026-08-20 16:51:20,563 [Worker-29: Building] WARN  o.apache.maven.project.MavenProject - Direct modification of compileSourceRoots through clear() is deprecated and will not work in Maven 4.0.0. Please use the add/remove methods instead. If you're using a plugin that causes this warning, please upgrade to the latest version and report an issue if the warning persists. To disable these warnings, set -Dmaven.project.sourceRoots.warningsDisabled=true on the command line, in the .mvn/maven.config file, or in project POM properties.
2026-08-20 16:51:20,564 [Worker-29: Building] WARN  o.apache.maven.project.MavenProject - Direct modification of compileSourceRoots through add() is deprecated and will not work in Maven 4.0.0. Please use the add/remove methods instead. If you're using a plugin that causes this warning, please upgrade to the latest version and report an issue if the warning persists. To disable these warnings, set -Dmaven.project.sourceRoots.warningsDisabled=true on the command line, in the .mvn/maven.config file, or in project POM properties.
2026-08-20 16:51:20,564 [Worker-29: Building] WARN  o.apache.maven.project.MavenProject - Direct modification of testCompileSourceRoots through clear() is deprecated and will not work in Maven 4.0.0. Please use the add/remove methods instead. If you're using a plugin that causes this warning, please upgrade to the latest version and report an issue if the warning persists. To disable these warnings, set -Dmaven.project.sourceRoots.warningsDisabled=true on the command line, in the .mvn/maven.config file, or in project POM properties.
2026-08-20 16:51:20,565 [Worker-29: Building] WARN  o.apache.maven.project.MavenProject - Direct modification of testCompileSourceRoots through add() is deprecated and will not work in Maven 4.0.0. Please use the add/remove methods instead. If you're using a plugin that causes this warning, please upgrade to the latest version and report an issue if the warning persists. To disable these warnings, set -Dmaven.project.sourceRoots.warningsDisabled=true on the command line, in the .mvn/maven.config file, or in project POM properties.
2026-08-20 16:52:32,211 [Worker-31: Building] INFO  o.a.m.s.f.DefaultMavenResourcesFiltering - Copying 1 resource from src\main\resources to target\classes
2026-08-20 16:52:32,218 [Worker-31: Building] INFO  o.a.m.s.f.DefaultMavenResourcesFiltering - Copying 0 resource from src\main\resources to target\classes
2026-08-20 16:52:32,221 [Worker-31: Building] INFO  o.a.m.s.f.DefaultMavenResourcesFiltering - skip non existing resourceDirectory C:\SOA\Skill3\gateway3\src\test\resources
2026-08-20 16:52:32,233 [Worker-31: Building] WARN  Sisu - Error injecting: org.apache.maven.plugins.war.WarMojo
com.google.inject.ProvisionException: Unable to provision, see the following errors:

1) [Guice/ErrorInCustomProvider]: OutOfScopeException: Cannot access session scope outside of a scoping block
  at SessionScopeModule.configure(SessionScopeModule.java:55)
      \_ installed by: WireModule -> SessionScopeModule
  at WarMojo.<init>(WarMojo.java:142)
      \_ for 6th parameter
  while locating WarMojo

Learn more:
  https://github.com/google/guice/wiki/ERROR_IN_CUSTOM_PROVIDER

1 error

======================
Full classname legend:
======================
OutOfScopeException: "com.google.inject.OutOfScopeException"
SessionScopeModule:  "org.apache.maven.session.scope.internal.SessionScopeModule"
WarMojo:             "org.apache.maven.plugins.war.WarMojo"
WireModule:          "org.eclipse.sisu.wire.WireModule"
========================
End of classname legend:
========================

	at com.google.inject.internal.InternalProvisionException.toProvisionException(InternalProvisionException.java:251)
	at com.google.inject.internal.InjectorImpl$1.get(InjectorImpl.java:1104)
	at com.google.inject.internal.InjectorImpl.getInstance(InjectorImpl.java:1139)
	at org.eclipse.sisu.space.AbstractDeferredClass.get(AbstractDeferredClass.java:50)
	at com.google.inject.internal.ProviderInternalFactory.provision(ProviderInternalFactory.java:86)
	at com.google.inject.internal.InternalFactoryToInitializableAdapter.provision(InternalFactoryToInitializableAdapter.java:57)
	at com.google.inject.internal.ProviderInternalFactory$1.call(ProviderInternalFactory.java:67)
	at com.google.inject.internal.ProvisionListenerStackCallback$Provision.provision(ProvisionListenerStackCallback.java:109)
	at com.google.inject.internal.ProvisionListenerStackCallback$Provision.provision(ProvisionListenerStackCallback.java:124)
	at com.google.inject.internal.ProvisionListenerStackCallback.provision(ProvisionListenerStackCallback.java:66)
	at com.google.inject.internal.ProviderInternalFactory.circularGet(ProviderInternalFactory.java:62)
	at com.google.inject.internal.InternalFactoryToInitializableAdapter.get(InternalFactoryToInitializableAdapter.java:47)
	at com.google.inject.internal.InjectorImpl$1.get(InjectorImpl.java:1101)
	at org.eclipse.sisu.inject.Guice4$2.get(Guice4.java:235)
	at org.eclipse.sisu.inject.LazyBeanEntry.getValue(LazyBeanEntry.java:83)
	at org.eclipse.sisu.plexus.LazyPlexusBean.getValue(LazyPlexusBean.java:53)
	at org.codehaus.plexus.DefaultPlexusContainer.lookup(DefaultPlexusContainer.java:267)
	at org.codehaus.plexus.DefaultPlexusContainer.lookup(DefaultPlexusContainer.java:259)
	at org.apache.maven.plugin.internal.DefaultMavenPluginManager.getConfiguredMojo(DefaultMavenPluginManager.java:491)
	at org.eclipse.m2e.core.internal.embedder.MavenImpl.getConfiguredMojo(MavenImpl.java:215)
	at org.eclipse.m2e.mavenarchiver.internal.AbstractMavenArchiverConfigurator.reflectManifestGeneration(AbstractMavenArchiverConfigurator.java:439)
	at org.eclipse.m2e.mavenarchiver.internal.AbstractMavenArchiverConfigurator.lambda$3(AbstractMavenArchiverConfigurator.java:398)
	at org.eclipse.m2e.core.internal.embedder.MavenExecutionContext.executeBare(MavenExecutionContext.java:462)
	at org.eclipse.m2e.core.internal.embedder.MavenExecutionContext.execute(MavenExecutionContext.java:342)
	at org.eclipse.m2e.core.internal.embedder.MavenExecutionContext.execute(MavenExecutionContext.java:281)
	at org.eclipse.m2e.mavenarchiver.internal.AbstractMavenArchiverConfigurator.generateManifest(AbstractMavenArchiverConfigurator.java:371)
	at org.eclipse.m2e.mavenarchiver.internal.AbstractMavenArchiverConfigurator.mavenProjectChanged(AbstractMavenArchiverConfigurator.java:228)
	at org.eclipse.m2e.mavenarchiver.internal.AbstractMavenArchiverConfigurator$1.build(AbstractMavenArchiverConfigurator.java:178)
	at org.eclipse.m2e.core.internal.builder.MavenBuilderImpl.lambda$2(MavenBuilderImpl.java:159)
	at java.base/java.util.LinkedHashMap.forEach(LinkedHashMap.java:987)
	at org.eclipse.m2e.core.internal.builder.MavenBuilderImpl.build(MavenBuilderImpl.java:139)
	at org.eclipse.m2e.core.internal.builder.MavenBuilder$1.method(MavenBuilder.java:164)
	at org.eclipse.m2e.core.internal.builder.MavenBuilder$1.method(MavenBuilder.java:1)
	at org.eclipse.m2e.core.internal.builder.MavenBuilder$BuildMethod.lambda$1(MavenBuilder.java:109)
	at org.eclipse.m2e.core.internal.embedder.MavenExecutionContext.executeBare(MavenExecutionContext.java:462)
	at org.eclipse.m2e.core.internal.embedder.MavenExecutionContext.execute(MavenExecutionContext.java:295)
	at org.eclipse.m2e.core.internal.builder.MavenBuilder$BuildMethod.lambda$0(MavenBuilder.java:100)
	at org.eclipse.m2e.core.internal.embedder.MavenExecutionContext.executeBare(MavenExecutionContext.java:462)
	at org.eclipse.m2e.core.internal.embedder.MavenExecutionContext.execute(MavenExecutionContext.java:342)
	at org.eclipse.m2e.core.internal.embedder.MavenExecutionContext.execute(MavenExecutionContext.java:281)
	at org.eclipse.m2e.core.internal.builder.MavenBuilder$BuildMethod.execute(MavenBuilder.java:83)
	at org.eclipse.m2e.core.internal.builder.MavenBuilder.build(MavenBuilder.java:192)
	at org.eclipse.core.internal.events.BuildManager$2.run(BuildManager.java:1109)
	at org.eclipse.core.runtime.SafeRunner.run(SafeRunner.java:47)
	at org.eclipse.core.internal.events.BuildManager.basicBuild(BuildManager.java:299)
	at org.eclipse.core.internal.events.BuildManager.basicBuild(BuildManager.java:355)
	at org.eclipse.core.internal.events.BuildManager$1.run(BuildManager.java:449)
	at org.eclipse.core.runtime.SafeRunner.run(SafeRunner.java:47)
	at org.eclipse.core.internal.events.BuildManager.basicBuild(BuildManager.java:452)
	at org.eclipse.core.internal.events.BuildManager.basicBuildLoop(BuildManager.java:564)
	at org.eclipse.core.internal.events.BuildManager.basicBuildLoop(BuildManager.java:512)
	at org.eclipse.core.internal.events.BuildManager.build(BuildManager.java:594)
	at org.eclipse.core.internal.events.AutoBuildJob.doBuild(AutoBuildJob.java:208)
	at org.eclipse.core.internal.events.AutoBuildJob.run(AutoBuildJob.java:309)
	at org.eclipse.core.internal.jobs.Worker.run(Worker.java:63)
Caused by: com.google.inject.OutOfScopeException: Cannot access session scope outside of a scoping block
	at org.apache.maven.session.scope.internal.SessionScope.getScopeState(SessionScope.java:70)
	at org.apache.maven.session.scope.internal.SessionScope.lambda$scope$2(SessionScope.java:92)
	at com.google.inject.internal.InternalFactoryToProviderAdapter.get(InternalFactoryToProviderAdapter.java:45)
	at com.google.inject.internal.SingleParameterInjector.inject(SingleParameterInjector.java:40)
	at com.google.inject.internal.SingleParameterInjector.getAll(SingleParameterInjector.java:60)
	at com.google.inject.internal.ConstructorInjector.provision(ConstructorInjector.java:113)
	at com.google.inject.internal.ConstructorInjector.access$000(ConstructorInjector.java:33)
	at com.google.inject.internal.ConstructorInjector$1.call(ConstructorInjector.java:98)
	at com.google.inject.internal.ProvisionListenerStackCallback$Provision.provision(ProvisionListenerStackCallback.java:109)
	at com.google.inject.internal.ProvisionListenerStackCallback$Provision.provision(ProvisionListenerStackCallback.java:124)
	at com.google.inject.internal.ProvisionListenerStackCallback.provision(ProvisionListenerStackCallback.java:66)
	at com.google.inject.internal.ConstructorInjector.construct(ConstructorInjector.java:93)
	at com.google.inject.internal.ConstructorBindingImpl$Factory.get(ConstructorBindingImpl.java:300)
	at com.google.inject.internal.InjectorImpl$1.get(InjectorImpl.java:1101)
	... 53 common frames omitted
2026-08-20 16:52:32,238 [Worker-31: Building] WARN  o.apache.maven.project.MavenProject - Direct modification of compileSourceRoots through clear() is deprecated and will not work in Maven 4.0.0. Please use the add/remove methods instead. If you're using a plugin that causes this warning, please upgrade to the latest version and report an issue if the warning persists. To disable these warnings, set -Dmaven.project.sourceRoots.warningsDisabled=true on the command line, in the .mvn/maven.config file, or in project POM properties.
2026-08-20 16:52:32,238 [Worker-31: Building] WARN  o.apache.maven.project.MavenProject - Direct modification of compileSourceRoots through add() is deprecated and will not work in Maven 4.0.0. Please use the add/remove methods instead. If you're using a plugin that causes this warning, please upgrade to the latest version and report an issue if the warning persists. To disable these warnings, set -Dmaven.project.sourceRoots.warningsDisabled=true on the command line, in the .mvn/maven.config file, or in project POM properties.
2026-08-20 16:52:32,239 [Worker-31: Building] WARN  o.apache.maven.project.MavenProject - Direct modification of testCompileSourceRoots through clear() is deprecated and will not work in Maven 4.0.0. Please use the add/remove methods instead. If you're using a plugin that causes this warning, please upgrade to the latest version and report an issue if the warning persists. To disable these warnings, set -Dmaven.project.sourceRoots.warningsDisabled=true on the command line, in the .mvn/maven.config file, or in project POM properties.
2026-08-20 16:52:32,240 [Worker-31: Building] WARN  o.apache.maven.project.MavenProject - Direct modification of testCompileSourceRoots through add() is deprecated and will not work in Maven 4.0.0. Please use the add/remove methods instead. If you're using a plugin that causes this warning, please upgrade to the latest version and report an issue if the warning persists. To disable these warnings, set -Dmaven.project.sourceRoots.warningsDisabled=true on the command line, in the .mvn/maven.config file, or in project POM properties.
2026-08-20 16:52:51,994 [Worker-30: Building] INFO  o.a.m.s.f.DefaultMavenResourcesFiltering - Copying 0 resource from src\main\resources to target\classes
2026-08-20 16:52:51,995 [Worker-30: Building] INFO  o.a.m.s.f.DefaultMavenResourcesFiltering - Copying 0 resource from src\main\resources to target\classes
2026-08-20 16:52:51,997 [Worker-30: Building] INFO  o.a.m.s.f.DefaultMavenResourcesFiltering - skip non existing resourceDirectory C:\SOA\Skill3\gateway3\src\test\resources
2026-08-20 16:52:52,002 [Worker-30: Building] WARN  Sisu - Error injecting: org.apache.maven.plugins.war.WarMojo
com.google.inject.ProvisionException: Unable to provision, see the following errors:

1) [Guice/ErrorInCustomProvider]: OutOfScopeException: Cannot access session scope outside of a scoping block
  at SessionScopeModule.configure(SessionScopeModule.java:55)
      \_ installed by: WireModule -> SessionScopeModule
  at WarMojo.<init>(WarMojo.java:142)
      \_ for 6th parameter
  while locating WarMojo

Learn more:
  https://github.com/google/guice/wiki/ERROR_IN_CUSTOM_PROVIDER

1 error

======================
Full classname legend:
======================
OutOfScopeException: "com.google.inject.OutOfScopeException"
SessionScopeModule:  "org.apache.maven.session.scope.internal.SessionScopeModule"
WarMojo:             "org.apache.maven.plugins.war.WarMojo"
WireModule:          "org.eclipse.sisu.wire.WireModule"
========================
End of classname legend:
========================

	at com.google.inject.internal.InternalProvisionException.toProvisionException(InternalProvisionException.java:251)
	at com.google.inject.internal.InjectorImpl$1.get(InjectorImpl.java:1104)
	at com.google.inject.internal.InjectorImpl.getInstance(InjectorImpl.java:1139)
	at org.eclipse.sisu.space.AbstractDeferredClass.get(AbstractDeferredClass.java:50)
	at com.google.inject.internal.ProviderInternalFactory.provision(ProviderInternalFactory.java:86)
	at com.google.inject.internal.InternalFactoryToInitializableAdapter.provision(InternalFactoryToInitializableAdapter.java:57)
	at com.google.inject.internal.ProviderInternalFactory$1.call(ProviderInternalFactory.java:67)
	at com.google.inject.internal.ProvisionListenerStackCallback$Provision.provision(ProvisionListenerStackCallback.java:109)
	at com.google.inject.internal.ProvisionListenerStackCallback$Provision.provision(ProvisionListenerStackCallback.java:124)
	at com.google.inject.internal.ProvisionListenerStackCallback.provision(ProvisionListenerStackCallback.java:66)
	at com.google.inject.internal.ProviderInternalFactory.circularGet(ProviderInternalFactory.java:62)
	at com.google.inject.internal.InternalFactoryToInitializableAdapter.get(InternalFactoryToInitializableAdapter.java:47)
	at com.google.inject.internal.InjectorImpl$1.get(InjectorImpl.java:1101)
	at org.eclipse.sisu.inject.Guice4$2.get(Guice4.java:235)
	at org.eclipse.sisu.inject.LazyBeanEntry.getValue(LazyBeanEntry.java:83)
	at org.eclipse.sisu.plexus.LazyPlexusBean.getValue(LazyPlexusBean.java:53)
	at org.codehaus.plexus.DefaultPlexusContainer.lookup(DefaultPlexusContainer.java:267)
	at org.codehaus.plexus.DefaultPlexusContainer.lookup(DefaultPlexusContainer.java:259)
	at org.apache.maven.plugin.internal.DefaultMavenPluginManager.getConfiguredMojo(DefaultMavenPluginManager.java:491)
	at org.eclipse.m2e.core.internal.embedder.MavenImpl.getConfiguredMojo(MavenImpl.java:215)
	at org.eclipse.m2e.mavenarchiver.internal.AbstractMavenArchiverConfigurator.reflectManifestGeneration(AbstractMavenArchiverConfigurator.java:439)
	at org.eclipse.m2e.mavenarchiver.internal.AbstractMavenArchiverConfigurator.lambda$3(AbstractMavenArchiverConfigurator.java:398)
	at org.eclipse.m2e.core.internal.embedder.MavenExecutionContext.executeBare(MavenExecutionContext.java:462)
	at org.eclipse.m2e.core.internal.embedder.MavenExecutionContext.execute(MavenExecutionContext.java:342)
	at org.eclipse.m2e.core.internal.embedder.MavenExecutionContext.execute(MavenExecutionContext.java:281)
	at org.eclipse.m2e.mavenarchiver.internal.AbstractMavenArchiverConfigurator.generateManifest(AbstractMavenArchiverConfigurator.java:371)
	at org.eclipse.m2e.mavenarchiver.internal.AbstractMavenArchiverConfigurator.mavenProjectChanged(AbstractMavenArchiverConfigurator.java:228)
	at org.eclipse.m2e.mavenarchiver.internal.AbstractMavenArchiverConfigurator$1.build(AbstractMavenArchiverConfigurator.java:178)
	at org.eclipse.m2e.core.internal.builder.MavenBuilderImpl.lambda$2(MavenBuilderImpl.java:159)
	at java.base/java.util.LinkedHashMap.forEach(LinkedHashMap.java:987)
	at org.eclipse.m2e.core.internal.builder.MavenBuilderImpl.build(MavenBuilderImpl.java:139)
	at org.eclipse.m2e.core.internal.builder.MavenBuilder$1.method(MavenBuilder.java:164)
	at org.eclipse.m2e.core.internal.builder.MavenBuilder$1.method(MavenBuilder.java:1)
	at org.eclipse.m2e.core.internal.builder.MavenBuilder$BuildMethod.lambda$1(MavenBuilder.java:109)
	at org.eclipse.m2e.core.internal.embedder.MavenExecutionContext.executeBare(MavenExecutionContext.java:462)
	at org.eclipse.m2e.core.internal.embedder.MavenExecutionContext.execute(MavenExecutionContext.java:295)
	at org.eclipse.m2e.core.internal.builder.MavenBuilder$BuildMethod.lambda$0(MavenBuilder.java:100)
	at org.eclipse.m2e.core.internal.embedder.MavenExecutionContext.executeBare(MavenExecutionContext.java:462)
	at org.eclipse.m2e.core.internal.embedder.MavenExecutionContext.execute(MavenExecutionContext.java:342)
	at org.eclipse.m2e.core.internal.embedder.MavenExecutionContext.execute(MavenExecutionContext.java:281)
	at org.eclipse.m2e.core.internal.builder.MavenBuilder$BuildMethod.execute(MavenBuilder.java:83)
	at org.eclipse.m2e.core.internal.builder.MavenBuilder.build(MavenBuilder.java:192)
	at org.eclipse.core.internal.events.BuildManager$2.run(BuildManager.java:1109)
	at org.eclipse.core.runtime.SafeRunner.run(SafeRunner.java:47)
	at org.eclipse.core.internal.events.BuildManager.basicBuild(BuildManager.java:299)
	at org.eclipse.core.internal.events.BuildManager.basicBuild(BuildManager.java:355)
	at org.eclipse.core.internal.events.BuildManager$1.run(BuildManager.java:449)
	at org.eclipse.core.runtime.SafeRunner.run(SafeRunner.java:47)
	at org.eclipse.core.internal.events.BuildManager.basicBuild(BuildManager.java:452)
	at org.eclipse.core.internal.events.BuildManager.basicBuildLoop(BuildManager.java:564)
	at org.eclipse.core.internal.events.BuildManager.basicBuildLoop(BuildManager.java:512)
	at org.eclipse.core.internal.events.BuildManager.build(BuildManager.java:594)
	at org.eclipse.core.internal.events.AutoBuildJob.doBuild(AutoBuildJob.java:208)
	at org.eclipse.core.internal.events.AutoBuildJob.run(AutoBuildJob.java:309)
	at org.eclipse.core.internal.jobs.Worker.run(Worker.java:63)
Caused by: com.google.inject.OutOfScopeException: Cannot access session scope outside of a scoping block
	at org.apache.maven.session.scope.internal.SessionScope.getScopeState(SessionScope.java:70)
	at org.apache.maven.session.scope.internal.SessionScope.lambda$scope$2(SessionScope.java:92)
	at com.google.inject.internal.InternalFactoryToProviderAdapter.get(InternalFactoryToProviderAdapter.java:45)
	at com.google.inject.internal.SingleParameterInjector.inject(SingleParameterInjector.java:40)
	at com.google.inject.internal.SingleParameterInjector.getAll(SingleParameterInjector.java:60)
	at com.google.inject.internal.ConstructorInjector.provision(ConstructorInjector.java:113)
	at com.google.inject.internal.ConstructorInjector.access$000(ConstructorInjector.java:33)
	at com.google.inject.internal.ConstructorInjector$1.call(ConstructorInjector.java:98)
	at com.google.inject.internal.ProvisionListenerStackCallback$Provision.provision(ProvisionListenerStackCallback.java:109)
	at com.google.inject.internal.ProvisionListenerStackCallback$Provision.provision(ProvisionListenerStackCallback.java:124)
	at com.google.inject.internal.ProvisionListenerStackCallback.provision(ProvisionListenerStackCallback.java:66)
	at com.google.inject.internal.ConstructorInjector.construct(ConstructorInjector.java:93)
	at com.google.inject.internal.ConstructorBindingImpl$Factory.get(ConstructorBindingImpl.java:300)
	at com.google.inject.internal.InjectorImpl$1.get(InjectorImpl.java:1101)
	... 53 common frames omitted
2026-08-20 16:52:52,005 [Worker-30: Building] WARN  o.apache.maven.project.MavenProject - Direct modification of compileSourceRoots through clear() is deprecated and will not work in Maven 4.0.0. Please use the add/remove methods instead. If you're using a plugin that causes this warning, please upgrade to the latest version and report an issue if the warning persists. To disable these warnings, set -Dmaven.project.sourceRoots.warningsDisabled=true on the command line, in the .mvn/maven.config file, or in project POM properties.
2026-08-20 16:52:52,006 [Worker-30: Building] WARN  o.apache.maven.project.MavenProject - Direct modification of compileSourceRoots through add() is deprecated and will not work in Maven 4.0.0. Please use the add/remove methods instead. If you're using a plugin that causes this warning, please upgrade to the latest version and report an issue if the warning persists. To disable these warnings, set -Dmaven.project.sourceRoots.warningsDisabled=true on the command line, in the .mvn/maven.config file, or in project POM properties.
2026-08-20 16:52:52,006 [Worker-30: Building] WARN  o.apache.maven.project.MavenProject - Direct modification of testCompileSourceRoots through clear() is deprecated and will not work in Maven 4.0.0. Please use the add/remove methods instead. If you're using a plugin that causes this warning, please upgrade to the latest version and report an issue if the warning persists. To disable these warnings, set -Dmaven.project.sourceRoots.warningsDisabled=true on the command line, in the .mvn/maven.config file, or in project POM properties.
2026-08-20 16:52:52,006 [Worker-30: Building] WARN  o.apache.maven.project.MavenProject - Direct modification of testCompileSourceRoots through add() is deprecated and will not work in Maven 4.0.0. Please use the add/remove methods instead. If you're using a plugin that causes this warning, please upgrade to the latest version and report an issue if the warning persists. To disable these warnings, set -Dmaven.project.sourceRoots.warningsDisabled=true on the command line, in the .mvn/maven.config file, or in project POM properties.
2026-08-20 16:53:34,732 [Worker-21: Building] INFO  o.a.m.s.f.DefaultMavenResourcesFiltering - Copying 0 resource from src\main\resources to target\classes
2026-08-20 16:53:34,733 [Worker-21: Building] INFO  o.a.m.s.f.DefaultMavenResourcesFiltering - Copying 0 resource from src\main\resources to target\classes
2026-08-20 16:53:34,736 [Worker-21: Building] INFO  o.a.m.s.f.DefaultMavenResourcesFiltering - skip non existing resourceDirectory C:\SOA\Skill3\gateway3\src\test\resources
2026-08-20 16:53:34,741 [Worker-21: Building] WARN  Sisu - Error injecting: org.apache.maven.plugins.war.WarMojo
com.google.inject.ProvisionException: Unable to provision, see the following errors:

1) [Guice/ErrorInCustomProvider]: OutOfScopeException: Cannot access session scope outside of a scoping block
  at SessionScopeModule.configure(SessionScopeModule.java:55)
      \_ installed by: WireModule -> SessionScopeModule
  at WarMojo.<init>(WarMojo.java:142)
      \_ for 6th parameter
  while locating WarMojo

Learn more:
  https://github.com/google/guice/wiki/ERROR_IN_CUSTOM_PROVIDER

1 error

======================
Full classname legend:
======================
OutOfScopeException: "com.google.inject.OutOfScopeException"
SessionScopeModule:  "org.apache.maven.session.scope.internal.SessionScopeModule"
WarMojo:             "org.apache.maven.plugins.war.WarMojo"
WireModule:          "org.eclipse.sisu.wire.WireModule"
========================
End of classname legend:
========================

	at com.google.inject.internal.InternalProvisionException.toProvisionException(InternalProvisionException.java:251)
	at com.google.inject.internal.InjectorImpl$1.get(InjectorImpl.java:1104)
	at com.google.inject.internal.InjectorImpl.getInstance(InjectorImpl.java:1139)
	at org.eclipse.sisu.space.AbstractDeferredClass.get(AbstractDeferredClass.java:50)
	at com.google.inject.internal.ProviderInternalFactory.provision(ProviderInternalFactory.java:86)
	at com.google.inject.internal.InternalFactoryToInitializableAdapter.provision(InternalFactoryToInitializableAdapter.java:57)
	at com.google.inject.internal.ProviderInternalFactory$1.call(ProviderInternalFactory.java:67)
	at com.google.inject.internal.ProvisionListenerStackCallback$Provision.provision(ProvisionListenerStackCallback.java:109)
	at com.google.inject.internal.ProvisionListenerStackCallback$Provision.provision(ProvisionListenerStackCallback.java:124)
	at com.google.inject.internal.ProvisionListenerStackCallback.provision(ProvisionListenerStackCallback.java:66)
	at com.google.inject.internal.ProviderInternalFactory.circularGet(ProviderInternalFactory.java:62)
	at com.google.inject.internal.InternalFactoryToInitializableAdapter.get(InternalFactoryToInitializableAdapter.java:47)
	at com.google.inject.internal.InjectorImpl$1.get(InjectorImpl.java:1101)
	at org.eclipse.sisu.inject.Guice4$2.get(Guice4.java:235)
	at org.eclipse.sisu.inject.LazyBeanEntry.getValue(LazyBeanEntry.java:83)
	at org.eclipse.sisu.plexus.LazyPlexusBean.getValue(LazyPlexusBean.java:53)
	at org.codehaus.plexus.DefaultPlexusContainer.lookup(DefaultPlexusContainer.java:267)
	at org.codehaus.plexus.DefaultPlexusContainer.lookup(DefaultPlexusContainer.java:259)
	at org.apache.maven.plugin.internal.DefaultMavenPluginManager.getConfiguredMojo(DefaultMavenPluginManager.java:491)
	at org.eclipse.m2e.core.internal.embedder.MavenImpl.getConfiguredMojo(MavenImpl.java:215)
	at org.eclipse.m2e.mavenarchiver.internal.AbstractMavenArchiverConfigurator.reflectManifestGeneration(AbstractMavenArchiverConfigurator.java:439)
	at org.eclipse.m2e.mavenarchiver.internal.AbstractMavenArchiverConfigurator.lambda$3(AbstractMavenArchiverConfigurator.java:398)
	at org.eclipse.m2e.core.internal.embedder.MavenExecutionContext.executeBare(MavenExecutionContext.java:462)
	at org.eclipse.m2e.core.internal.embedder.MavenExecutionContext.execute(MavenExecutionContext.java:342)
	at org.eclipse.m2e.core.internal.embedder.MavenExecutionContext.execute(MavenExecutionContext.java:281)
	at org.eclipse.m2e.mavenarchiver.internal.AbstractMavenArchiverConfigurator.generateManifest(AbstractMavenArchiverConfigurator.java:371)
	at org.eclipse.m2e.mavenarchiver.internal.AbstractMavenArchiverConfigurator.mavenProjectChanged(AbstractMavenArchiverConfigurator.java:228)
	at org.eclipse.m2e.mavenarchiver.internal.AbstractMavenArchiverConfigurator$1.build(AbstractMavenArchiverConfigurator.java:178)
	at org.eclipse.m2e.core.internal.builder.MavenBuilderImpl.lambda$2(MavenBuilderImpl.java:159)
	at java.base/java.util.LinkedHashMap.forEach(LinkedHashMap.java:987)
	at org.eclipse.m2e.core.internal.builder.MavenBuilderImpl.build(MavenBuilderImpl.java:139)
	at org.eclipse.m2e.core.internal.builder.MavenBuilder$1.method(MavenBuilder.java:164)
	at org.eclipse.m2e.core.internal.builder.MavenBuilder$1.method(MavenBuilder.java:1)
	at org.eclipse.m2e.core.internal.builder.MavenBuilder$BuildMethod.lambda$1(MavenBuilder.java:109)
	at org.eclipse.m2e.core.internal.embedder.MavenExecutionContext.executeBare(MavenExecutionContext.java:462)
	at org.eclipse.m2e.core.internal.embedder.MavenExecutionContext.execute(MavenExecutionContext.java:295)
	at org.eclipse.m2e.core.internal.builder.MavenBuilder$BuildMethod.lambda$0(MavenBuilder.java:100)
	at org.eclipse.m2e.core.internal.embedder.MavenExecutionContext.executeBare(MavenExecutionContext.java:462)
	at org.eclipse.m2e.core.internal.embedder.MavenExecutionContext.execute(MavenExecutionContext.java:342)
	at org.eclipse.m2e.core.internal.embedder.MavenExecutionContext.execute(MavenExecutionContext.java:281)
	at org.eclipse.m2e.core.internal.builder.MavenBuilder$BuildMethod.execute(MavenBuilder.java:83)
	at org.eclipse.m2e.core.internal.builder.MavenBuilder.build(MavenBuilder.java:192)
	at org.eclipse.core.internal.events.BuildManager$2.run(BuildManager.java:1109)
	at org.eclipse.core.runtime.SafeRunner.run(SafeRunner.java:47)
	at org.eclipse.core.internal.events.BuildManager.basicBuild(BuildManager.java:299)
	at org.eclipse.core.internal.events.BuildManager.basicBuild(BuildManager.java:355)
	at org.eclipse.core.internal.events.BuildManager$1.run(BuildManager.java:449)
	at org.eclipse.core.runtime.SafeRunner.run(SafeRunner.java:47)
	at org.eclipse.core.internal.events.BuildManager.basicBuild(BuildManager.java:452)
	at org.eclipse.core.internal.events.BuildManager.basicBuildLoop(BuildManager.java:564)
	at org.eclipse.core.internal.events.BuildManager.basicBuildLoop(BuildManager.java:512)
	at org.eclipse.core.internal.events.BuildManager.build(BuildManager.java:594)
	at org.eclipse.core.internal.events.AutoBuildJob.doBuild(AutoBuildJob.java:208)
	at org.eclipse.core.internal.events.AutoBuildJob.run(AutoBuildJob.java:309)
	at org.eclipse.core.internal.jobs.Worker.run(Worker.java:63)
Caused by: com.google.inject.OutOfScopeException: Cannot access session scope outside of a scoping block
	at org.apache.maven.session.scope.internal.SessionScope.getScopeState(SessionScope.java:70)
	at org.apache.maven.session.scope.internal.SessionScope.lambda$scope$2(SessionScope.java:92)
	at com.google.inject.internal.InternalFactoryToProviderAdapter.get(InternalFactoryToProviderAdapter.java:45)
	at com.google.inject.internal.SingleParameterInjector.inject(SingleParameterInjector.java:40)
	at com.google.inject.internal.SingleParameterInjector.getAll(SingleParameterInjector.java:60)
	at com.google.inject.internal.ConstructorInjector.provision(ConstructorInjector.java:113)
	at com.google.inject.internal.ConstructorInjector.access$000(ConstructorInjector.java:33)
	at com.google.inject.internal.ConstructorInjector$1.call(ConstructorInjector.java:98)
	at com.google.inject.internal.ProvisionListenerStackCallback$Provision.provision(ProvisionListenerStackCallback.java:109)
	at com.google.inject.internal.ProvisionListenerStackCallback$Provision.provision(ProvisionListenerStackCallback.java:124)
	at com.google.inject.internal.ProvisionListenerStackCallback.provision(ProvisionListenerStackCallback.java:66)
	at com.google.inject.internal.ConstructorInjector.construct(ConstructorInjector.java:93)
	at com.google.inject.internal.ConstructorBindingImpl$Factory.get(ConstructorBindingImpl.java:300)
	at com.google.inject.internal.InjectorImpl$1.get(InjectorImpl.java:1101)
	... 53 common frames omitted
2026-08-20 16:53:34,766 [Worker-21: Building] WARN  o.apache.maven.project.MavenProject - Direct modification of compileSourceRoots through clear() is deprecated and will not work in Maven 4.0.0. Please use the add/remove methods instead. If you're using a plugin that causes this warning, please upgrade to the latest version and report an issue if the warning persists. To disable these warnings, set -Dmaven.project.sourceRoots.warningsDisabled=true on the command line, in the .mvn/maven.config file, or in project POM properties.
2026-08-20 16:53:34,767 [Worker-21: Building] WARN  o.apache.maven.project.MavenProject - Direct modification of compileSourceRoots through add() is deprecated and will not work in Maven 4.0.0. Please use the add/remove methods instead. If you're using a plugin that causes this warning, please upgrade to the latest version and report an issue if the warning persists. To disable these warnings, set -Dmaven.project.sourceRoots.warningsDisabled=true on the command line, in the .mvn/maven.config file, or in project POM properties.
2026-08-20 16:53:34,767 [Worker-21: Building] WARN  o.apache.maven.project.MavenProject - Direct modification of testCompileSourceRoots through clear() is deprecated and will not work in Maven 4.0.0. Please use the add/remove methods instead. If you're using a plugin that causes this warning, please upgrade to the latest version and report an issue if the warning persists. To disable these warnings, set -Dmaven.project.sourceRoots.warningsDisabled=true on the command line, in the .mvn/maven.config file, or in project POM properties.
2026-08-20 16:53:34,768 [Worker-21: Building] WARN  o.apache.maven.project.MavenProject - Direct modification of testCompileSourceRoots through add() is deprecated and will not work in Maven 4.0.0. Please use the add/remove methods instead. If you're using a plugin that causes this warning, please upgrade to the latest version and report an issue if the warning persists. To disable these warnings, set -Dmaven.project.sourceRoots.warningsDisabled=true on the command line, in the .mvn/maven.config file, or in project POM properties.
2026-08-20 16:56:10,087 [Worker-19: Building] INFO  o.a.m.s.f.DefaultMavenResourcesFiltering - Copying 0 resource from src\main\resources to target\classes
2026-08-20 16:56:10,089 [Worker-19: Building] INFO  o.a.m.s.f.DefaultMavenResourcesFiltering - Copying 0 resource from src\main\resources to target\classes
2026-08-20 16:56:10,091 [Worker-19: Building] INFO  o.a.m.s.f.DefaultMavenResourcesFiltering - skip non existing resourceDirectory C:\SOA\Skill3\gateway3\src\test\resources
2026-08-20 16:56:10,097 [Worker-19: Building] WARN  Sisu - Error injecting: org.apache.maven.plugins.war.WarMojo
com.google.inject.ProvisionException: Unable to provision, see the following errors:

1) [Guice/ErrorInCustomProvider]: OutOfScopeException: Cannot access session scope outside of a scoping block
  at SessionScopeModule.configure(SessionScopeModule.java:55)
      \_ installed by: WireModule -> SessionScopeModule
  at WarMojo.<init>(WarMojo.java:142)
      \_ for 6th parameter
  while locating WarMojo

Learn more:
  https://github.com/google/guice/wiki/ERROR_IN_CUSTOM_PROVIDER

1 error

======================
Full classname legend:
======================
OutOfScopeException: "com.google.inject.OutOfScopeException"
SessionScopeModule:  "org.apache.maven.session.scope.internal.SessionScopeModule"
WarMojo:             "org.apache.maven.plugins.war.WarMojo"
WireModule:          "org.eclipse.sisu.wire.WireModule"
========================
End of classname legend:
========================

	at com.google.inject.internal.InternalProvisionException.toProvisionException(InternalProvisionException.java:251)
	at com.google.inject.internal.InjectorImpl$1.get(InjectorImpl.java:1104)
	at com.google.inject.internal.InjectorImpl.getInstance(InjectorImpl.java:1139)
	at org.eclipse.sisu.space.AbstractDeferredClass.get(AbstractDeferredClass.java:50)
	at com.google.inject.internal.ProviderInternalFactory.provision(ProviderInternalFactory.java:86)
	at com.google.inject.internal.InternalFactoryToInitializableAdapter.provision(InternalFactoryToInitializableAdapter.java:57)
	at com.google.inject.internal.ProviderInternalFactory$1.call(ProviderInternalFactory.java:67)
	at com.google.inject.internal.ProvisionListenerStackCallback$Provision.provision(ProvisionListenerStackCallback.java:109)
	at com.google.inject.internal.ProvisionListenerStackCallback$Provision.provision(ProvisionListenerStackCallback.java:124)
	at com.google.inject.internal.ProvisionListenerStackCallback.provision(ProvisionListenerStackCallback.java:66)
	at com.google.inject.internal.ProviderInternalFactory.circularGet(ProviderInternalFactory.java:62)
	at com.google.inject.internal.InternalFactoryToInitializableAdapter.get(InternalFactoryToInitializableAdapter.java:47)
	at com.google.inject.internal.InjectorImpl$1.get(InjectorImpl.java:1101)
	at org.eclipse.sisu.inject.Guice4$2.get(Guice4.java:235)
	at org.eclipse.sisu.inject.LazyBeanEntry.getValue(LazyBeanEntry.java:83)
	at org.eclipse.sisu.plexus.LazyPlexusBean.getValue(LazyPlexusBean.java:53)
	at org.codehaus.plexus.DefaultPlexusContainer.lookup(DefaultPlexusContainer.java:267)
	at org.codehaus.plexus.DefaultPlexusContainer.lookup(DefaultPlexusContainer.java:259)
	at org.apache.maven.plugin.internal.DefaultMavenPluginManager.getConfiguredMojo(DefaultMavenPluginManager.java:491)
	at org.eclipse.m2e.core.internal.embedder.MavenImpl.getConfiguredMojo(MavenImpl.java:215)
	at org.eclipse.m2e.mavenarchiver.internal.AbstractMavenArchiverConfigurator.reflectManifestGeneration(AbstractMavenArchiverConfigurator.java:439)
	at org.eclipse.m2e.mavenarchiver.internal.AbstractMavenArchiverConfigurator.lambda$3(AbstractMavenArchiverConfigurator.java:398)
	at org.eclipse.m2e.core.internal.embedder.MavenExecutionContext.executeBare(MavenExecutionContext.java:462)
	at org.eclipse.m2e.core.internal.embedder.MavenExecutionContext.execute(MavenExecutionContext.java:342)
	at org.eclipse.m2e.core.internal.embedder.MavenExecutionContext.execute(MavenExecutionContext.java:281)
	at org.eclipse.m2e.mavenarchiver.internal.AbstractMavenArchiverConfigurator.generateManifest(AbstractMavenArchiverConfigurator.java:371)
	at org.eclipse.m2e.mavenarchiver.internal.AbstractMavenArchiverConfigurator.mavenProjectChanged(AbstractMavenArchiverConfigurator.java:228)
	at org.eclipse.m2e.mavenarchiver.internal.AbstractMavenArchiverConfigurator$1.build(AbstractMavenArchiverConfigurator.java:178)
	at org.eclipse.m2e.core.internal.builder.MavenBuilderImpl.lambda$2(MavenBuilderImpl.java:159)
	at java.base/java.util.LinkedHashMap.forEach(LinkedHashMap.java:987)
	at org.eclipse.m2e.core.internal.builder.MavenBuilderImpl.build(MavenBuilderImpl.java:139)
	at org.eclipse.m2e.core.internal.builder.MavenBuilder$1.method(MavenBuilder.java:164)
	at org.eclipse.m2e.core.internal.builder.MavenBuilder$1.method(MavenBuilder.java:1)
	at org.eclipse.m2e.core.internal.builder.MavenBuilder$BuildMethod.lambda$1(MavenBuilder.java:109)
	at org.eclipse.m2e.core.internal.embedder.MavenExecutionContext.executeBare(MavenExecutionContext.java:462)
	at org.eclipse.m2e.core.internal.embedder.MavenExecutionContext.execute(MavenExecutionContext.java:295)
	at org.eclipse.m2e.core.internal.builder.MavenBuilder$BuildMethod.lambda$0(MavenBuilder.java:100)
	at org.eclipse.m2e.core.internal.embedder.MavenExecutionContext.executeBare(MavenExecutionContext.java:462)
	at org.eclipse.m2e.core.internal.embedder.MavenExecutionContext.execute(MavenExecutionContext.java:342)
	at org.eclipse.m2e.core.internal.embedder.MavenExecutionContext.execute(MavenExecutionContext.java:281)
	at org.eclipse.m2e.core.internal.builder.MavenBuilder$BuildMethod.execute(MavenBuilder.java:83)
	at org.eclipse.m2e.core.internal.builder.MavenBuilder.build(MavenBuilder.java:192)
	at org.eclipse.core.internal.events.BuildManager$2.run(BuildManager.java:1109)
	at org.eclipse.core.runtime.SafeRunner.run(SafeRunner.java:47)
	at org.eclipse.core.internal.events.BuildManager.basicBuild(BuildManager.java:299)
	at org.eclipse.core.internal.events.BuildManager.basicBuild(BuildManager.java:355)
	at org.eclipse.core.internal.events.BuildManager$1.run(BuildManager.java:449)
	at org.eclipse.core.runtime.SafeRunner.run(SafeRunner.java:47)
	at org.eclipse.core.internal.events.BuildManager.basicBuild(BuildManager.java:452)
	at org.eclipse.core.internal.events.BuildManager.basicBuildLoop(BuildManager.java:564)
	at org.eclipse.core.internal.events.BuildManager.basicBuildLoop(BuildManager.java:512)
	at org.eclipse.core.internal.events.BuildManager.build(BuildManager.java:594)
	at org.eclipse.core.internal.events.AutoBuildJob.doBuild(AutoBuildJob.java:208)
	at org.eclipse.core.internal.events.AutoBuildJob.run(AutoBuildJob.java:309)
	at org.eclipse.core.internal.jobs.Worker.run(Worker.java:63)
Caused by: com.google.inject.OutOfScopeException: Cannot access session scope outside of a scoping block
	at org.apache.maven.session.scope.internal.SessionScope.getScopeState(SessionScope.java:70)
	at org.apache.maven.session.scope.internal.SessionScope.lambda$scope$2(SessionScope.java:92)
	at com.google.inject.internal.InternalFactoryToProviderAdapter.get(InternalFactoryToProviderAdapter.java:45)
	at com.google.inject.internal.SingleParameterInjector.inject(SingleParameterInjector.java:40)
	at com.google.inject.internal.SingleParameterInjector.getAll(SingleParameterInjector.java:60)
	at com.google.inject.internal.ConstructorInjector.provision(ConstructorInjector.java:113)
	at com.google.inject.internal.ConstructorInjector.access$000(ConstructorInjector.java:33)
	at com.google.inject.internal.ConstructorInjector$1.call(ConstructorInjector.java:98)
	at com.google.inject.internal.ProvisionListenerStackCallback$Provision.provision(ProvisionListenerStackCallback.java:109)
	at com.google.inject.internal.ProvisionListenerStackCallback$Provision.provision(ProvisionListenerStackCallback.java:124)
	at com.google.inject.internal.ProvisionListenerStackCallback.provision(ProvisionListenerStackCallback.java:66)
	at com.google.inject.internal.ConstructorInjector.construct(ConstructorInjector.java:93)
	at com.google.inject.internal.ConstructorBindingImpl$Factory.get(ConstructorBindingImpl.java:300)
	at com.google.inject.internal.InjectorImpl$1.get(InjectorImpl.java:1101)
	... 53 common frames omitted
2026-08-20 16:56:10,100 [Worker-19: Building] WARN  o.apache.maven.project.MavenProject - Direct modification of compileSourceRoots through clear() is deprecated and will not work in Maven 4.0.0. Please use the add/remove methods instead. If you're using a plugin that causes this warning, please upgrade to the latest version and report an issue if the warning persists. To disable these warnings, set -Dmaven.project.sourceRoots.warningsDisabled=true on the command line, in the .mvn/maven.config file, or in project POM properties.
2026-08-20 16:56:10,101 [Worker-19: Building] WARN  o.apache.maven.project.MavenProject - Direct modification of compileSourceRoots through add() is deprecated and will not work in Maven 4.0.0. Please use the add/remove methods instead. If you're using a plugin that causes this warning, please upgrade to the latest version and report an issue if the warning persists. To disable these warnings, set -Dmaven.project.sourceRoots.warningsDisabled=true on the command line, in the .mvn/maven.config file, or in project POM properties.
2026-08-20 16:56:10,101 [Worker-19: Building] WARN  o.apache.maven.project.MavenProject - Direct modification of testCompileSourceRoots through clear() is deprecated and will not work in Maven 4.0.0. Please use the add/remove methods instead. If you're using a plugin that causes this warning, please upgrade to the latest version and report an issue if the warning persists. To disable these warnings, set -Dmaven.project.sourceRoots.warningsDisabled=true on the command line, in the .mvn/maven.config file, or in project POM properties.
2026-08-20 16:56:10,101 [Worker-19: Building] WARN  o.apache.maven.project.MavenProject - Direct modification of testCompileSourceRoots through add() is deprecated and will not work in Maven 4.0.0. Please use the add/remove methods instead. If you're using a plugin that causes this warning, please upgrade to the latest version and report an issue if the warning persists. To disable these warnings, set -Dmaven.project.sourceRoots.warningsDisabled=true on the command line, in the .mvn/maven.config file, or in project POM properties.
2026-08-20 17:18:20,963 [Stop Help Server] INFO  org.eclipse.jetty.server.Server - Stopped oejs.Server@44e5feaf{STOPPING}[12.1.4,sto=0]
2026-08-20 17:18:20,969 [Stop Help Server] INFO  o.e.jetty.server.AbstractConnector - Stopped oejs.ServerConnector@5a9e4a59{HTTP/1.1, (http/1.1)}{127.0.0.1:0}
